contract_id,criterion,description,label
3254340,Lehota realizácie prác,Projekt rieši stavebné úpravy pre zníženie energetickej náročnosti viacúčelovej Obecnej budovy v obci Kamienka.,Stavebné práce
3254631,Počet kalendárnych dní realizácie stavebnych prác,"Miestne kultúrne stredisko je samostatne stojaca stavba o uzavretom pôdorysnom tvare maximálnych rozmerov 36.85 x
55.7 m. Objekt je riešený ako dvojpodlažný, čiastočne podpivničený. V rámci zákazky sa uskutočnia nasledovné práce",Stavebné práce
3254635,Lehota výstavby v dňoch,"Predmetom zákazky je komplexná rekonštrukcia budovy Obecného úradu Nové Sady po požiari a to obnova strechy,
vonkajších múrov, zateplenia a súvisiacich konštrukcií, t.j. kompletná obnova budovy z vonkajšej strany, rekonštrukciou",Stavebné práce na stavbe budov
3254875,Lehota realizácie prác v týždňoch,Zámerom verejného obstarávateľa sú stavebné úpravy mestského kultúrneho strediska Veľké Kapušany,Stavebné práce
3254905,Najvyšší počet pevných sedadiel,"Predmetom zákazky je dodávka osobných klimatizovaných vozňov 2. triedy pre regionálnu dopravu.
Ide o dodávku je sedemnástich (17) kusov nových osobných klimatizovaných vozňov pre regionálnu dopravu na rýchlosť 160 km/h, dlhých 2",Železničné osobné vozne
3254905,Doba odstránenia vady v rámci záručného servisu,"Predmetom zákazky je dodávka osobných klimatizovaných vozňov 2. triedy pre regionálnu dopravu.
Ide o dodávku je sedemnástich (17) kusov nových osobných klimatizovaných vozňov pre regionálnu dopravu na rýchlosť 160 km/h, dlhých 2",Železničné osobné vozne
3254905,Koeficient prevádzkyschopnosti osobných vozňov,"Predmetom zákazky je dodávka osobných klimatizovaných vozňov 2. triedy pre regionálnu dopravu.
Ide o dodávku je sedemnástich (17) kusov nových osobných klimatizovaných vozňov pre regionálnu dopravu na rýchlosť 160 km/h, dlhých 2",Železničné osobné vozne
3255013,Najvyšší počet pevných sedadiel,"Modernizácia sa týka tridsiatichpiatich (35) kusov osobných vozňov 2. triedy radu Bdt (ďalej aj ako ""osobný vozeň"",
""OV"") vyrobených v rokoch 1986/1987 určených pre regionálnu dopravu.
Predmetom zákazky je modernizácia v rozsahu h","Opravy, údržba a súvisiace služby týkajúce sa lietadiel, železníc, ciest a námorného loďstva"
3255013,Doba odstránenia vady v rámci záručného servisu,"Modernizácia sa týka tridsiatichpiatich (35) kusov osobných vozňov 2. triedy radu Bdt (ďalej aj ako ""osobný vozeň"",
""OV"") vyrobených v rokoch 1986/1987 určených pre regionálnu dopravu.
Predmetom zákazky je modernizácia v rozsahu h","Opravy, údržba a súvisiace služby týkajúce sa lietadiel, železníc, ciest a námorného loďstva"
3255013,Koeficient prevádzkyschopnosti modernizovaných OV,"Modernizácia sa týka tridsiatichpiatich (35) kusov osobných vozňov 2. triedy radu Bdt (ďalej aj ako ""osobný vozeň"",
""OV"") vyrobených v rokoch 1986/1987 určených pre regionálnu dopravu.
Predmetom zákazky je modernizácia v rozsahu h","Opravy, údržba a súvisiace služby týkajúce sa lietadiel, železníc, ciest a námorného loďstva"
3255113,Lehota realizácie,"Stavebné práce ktorých riešením je odvádzanie splaškových odpadových vôd v obciach Horný Bar, Trstená na Ostrove, Jurová a Baka a rekonštrukcia čistiarne odpadových vôd v meste Gabčíkovo na ktorú budú splaškové odpadové v",Stavebné práce na stavbe potrubných vedení vody a kanalizácie
3255220,Celkové ročné úspory vrátane DPH,"Predmetom zákazky je návrh a realizácia opatrení na zvýšenie prevádzkovej efektívnosti energetického hospodárstva súboru budov Národného ústavu tuberkulózy, pľúcnych chorôb a hrudníkovej chirurgie vo Vyšných Hágoch a zlepš",Energetika a súvisiace služby
3255257,Kvalitatívne ukazovatele,Predmetom zákazky je dodávka nových nepoužívaných mobilných počítačov s dotykovou obrazovkou a príslušenstvo a nových nepoužívaných mobilných tlačiarní a príslušenstvo vrátane rozšírenej záruky. Predmetné mobilné zaria,Prenosné počítače
3255272,Lehota dodania,Predmetom zákazky je dodanie tovaru a poskytnutie služieb do dátových centier obstarávateľa v súlade s určenými obchodnými podmienkami. Podrobný opis predmetu zákazky je uvedený v súťažných podkladoch zverejnených v Profile obs,Servery
3255584,Lehota realizácie,Navrhovaný objekt bude novostavba. Objekt bude slúžiť ako základňová stanica HZS pre oblastné stredisko Západné Tatry - Juh. V danej lokalite je HZS od roku 2003 v prenajatom objekte súp. č.367 od Horskej služby Západné Tatry - Ju,Stavebné práce na budovách horskej služby
3255744,Lehota realizácie,"Stavba bude umiestnená na pozemku mesta Lipany, ktoré má záujem o realizáciu predmetnej stavby. Jedná sa o výstavbu komunikácií a technickej infraštruktúry pre nasledovnú výstavbu rodinných domov v danej lokalite. Plánovaný poče",Práce na kompletnej alebo čiastočnej stavbe a práce inžinierskych stavieb
3255948,Lehota výstavby v kalendárnych dňoch,Predmetom zákazky je dobudovanie kanalizácie v obci Abrahám. Bližšia špecifikácia rozsahu stavebných prác je definovaná projektovou dokumentáciou a výkazom výmer.,Stavebné práce
3255952,Lehota výstavby v pracovných dňoch,Zníženie energetickej náročnosti budovy obecného úradu Dlhé nadCirochou,Stavebné práce
3255961,Celková výška garantovaných úspor počas Obdobia garancie na základe zmluvy o energetickej efektívnosti,Predmetom zákazky je rekonštrukcia a modernizácia energetického hospodárstva a niektorých ďalších prvkov vybraného súboru budov vo vlastníctve Hlavného mesta Slovenskej republiky Bratislava.,Energetika a súvisiace služby
3256059,Emisie CO,"Predmetom verejného obstarávania je uzavretie rámcovej dohody na dodávku kompletných nových návesových súprav pozostávajúcich zo špeciálneho dvojnápravovového teleskopického návesu na odvoz dreva, ťahača návesu s pohonom 6x6,",Motorové vozidlá na prepravu tovaru
3256059,Emisie NOx,"Predmetom verejného obstarávania je uzavretie rámcovej dohody na dodávku kompletných nových návesových súprav pozostávajúcich zo špeciálneho dvojnápravovového teleskopického návesu na odvoz dreva, ťahača návesu s pohonom 6x6,",Motorové vozidlá na prepravu tovaru
3256059,Spotreba PHM,"Predmetom verejného obstarávania je uzavretie rámcovej dohody na dodávku kompletných nových návesových súprav pozostávajúcich zo špeciálneho dvojnápravovového teleskopického návesu na odvoz dreva, ťahača návesu s pohonom 6x6,",Motorové vozidlá na prepravu tovaru
3256059,Systém samostatne výkyvných polonáprav,"Predmetom verejného obstarávania je uzavretie rámcovej dohody na dodávku kompletných nových návesových súprav pozostávajúcich zo špeciálneho dvojnápravovového teleskopického návesu na odvoz dreva, ťahača návesu s pohonom 6x6,",Motorové vozidlá na prepravu tovaru
3256086,Lehota vystavby v kalendárnych dňooch,"Predmetom zakazky je Cyklolavka cez rieku Nitra.
Podrobnejsi opis predmetu zakazky je sucastou sutaznych podkladov.",Stavebné práce na mostoch
3256127,Lehota,Cieľom projektu je zefektívnenie existujúceho separovaného zberu komunálneho odpadu zavedením separácie biologicky rozložiteľného komunálneho odpadu v obci Šarišské Dravce. Objekt zberného dvora bude slúžiť na sústredenie zber,Stavebné práce
3256132,Denná sadzba na kľúčového odborníka,"Predmetom zákazky je výkon činnosti Stavebnotechnického dozoru na projekte výstavby úseku diaľnice D1 Lietavská Lúčka - Višňové - Dubná Skala, pričom Zmluva na uskutočnenie stavebných prác na stavbu Lietavská Lúčka - Višňo",Stavebný dozor na stavenisku
3256132,Denná sadzba na nekľúčového odborníka,"Predmetom zákazky je výkon činnosti Stavebnotechnického dozoru na projekte výstavby úseku diaľnice D1 Lietavská Lúčka - Višňové - Dubná Skala, pričom Zmluva na uskutočnenie stavebných prác na stavbu Lietavská Lúčka - Višňo",Stavebný dozor na stavenisku
3256148,Lehota dodania tovaru,"Predmetom verejného obstarávania je dodávka nových horských kosačiek s príslušenstvom v počte 2 ks (horská kosačka, čelný mulčovač, disková kosa, obracač-zhrňovač, lis na balíky, balička sena, náves za traktor) vrátane col",Kosačky
3256270,Lehota realizácie prác,Zámerom verejného obstarávateľa sú stavebné úpravy budovy Obecného úradu v Herľanoch.,Stavebné práce
3256271,Čas potrebný na realizáciu predmetu obstarávania (v kalendárnych dňoch),"Predmet zákazky pozostáva z modernizácie a rekonštrukcie výrobno-administratívnej budovy skladajúcej sa z výrobnej haly jedlého rastlinného oleja, administratívnej budovy a rekonštrukcie oceľového skladu.",Stavebné práce na stavbe priemyselných budov
3256313,Najnižšia spotreba elektrickej energie za kalendárny rok v kW,"Predmetom zákazky je realizácia stavebných prác pre vybudovanie kanalizácie a ČOV v obci Orechová Potôň.
Bližšia špecifikácia je obsiahnutá v súťažných podkladoch a ich prílohách.",Stavebné práce na stavbe kanalizácie
3256393,Dĺžka (roky) bezplatného servisu,"Predmetom zákazky je dodanie 4 ks terénnych úžitkových motorových vozidiel.
Podrobné vymedzenie predmetu verejného obstarávania je v súťažných podkladoch.",Terénne a cestné vozidlá
3256393,Redukčná prevodovka (low range),"Predmetom zákazky je dodanie 4 ks terénnych úžitkových motorových vozidiel.
Podrobné vymedzenie predmetu verejného obstarávania je v súťažných podkladoch.",Terénne a cestné vozidlá
3256429,vzdialenosť skládky v km,"Predmetom zákazky je uskladnenie komunálneho odpadu, drobného stavebného odpadu a ostatného odpadu z miest a obcí: Krompachy, Spišské Vlachy, Spišské Podhradie, Bystrany, Hincovce, Beharovce, Granč-Petrovce, Žehra, Kolinovce, Slatvin",Likvidácia a spracovanie odpadu
3256604,"Maximálna odmena tlmočníka posunkovej reči nepočujúcich za tlmočenie v styku s týmito osobami za každú, aj začatú hodinu tlmočenia vyjadrená v EUR bez DPH","Predmetom zákazky je priebežné odplatné poskytovanie prekladateľských a tlmočníckych služieb, t. j.zabezpečenie reprodukcie písomných a hovorených informácií z východiskového jazyka do cieľového jazyka v písomnej a ústnej fo",Prekladateľské služby
3256604,Maximálna prirážka za nadčasovú hodinu tlmočenia (všetky typy tlmočenia) vyjadrená v %,"Predmetom zákazky je priebežné odplatné poskytovanie prekladateľských a tlmočníckych služieb, t. j.zabezpečenie reprodukcie písomných a hovorených informácií z východiskového jazyka do cieľového jazyka v písomnej a ústnej fo",Prekladateľské služby
3256604,"Maximálna výška príplatku v prípade tlmočenia (všetky typy tlmočenia) v čase medzi 18:00 hod. až 6:00 hod., v sobotu, nedeľu, štátny sviatok a deň pracovného pokoja vyjadrená v %","Predmetom zákazky je priebežné odplatné poskytovanie prekladateľských a tlmočníckych služieb, t. j.zabezpečenie reprodukcie písomných a hovorených informácií z východiskového jazyka do cieľového jazyka v písomnej a ústnej fo",Prekladateľské služby
3256604,Maximálna výška príplatku v prípade dodania prekladu do 24 hodín od doručenia požiadavky objednávateľa na vyhotovenie prekladu vyjadrená v %,"Predmetom zákazky je priebežné odplatné poskytovanie prekladateľských a tlmočníckych služieb, t. j.zabezpečenie reprodukcie písomných a hovorených informácií z východiskového jazyka do cieľového jazyka v písomnej a ústnej fo",Prekladateľské služby
3256607,Lehota realizácie,"Rekonštrukcia objektu ""TELOCVIČŇA"" je navrhnutá za účelom odstránenia porúch a deformácií jednotlivých stavebných konštrukcií a technického vybavenia (havarijný stav drevenej palubovej podlahy veľkej telocvične, netesnosť stre",Stavebné práce na telocvičniach
3256640,Lehota realizácie,"Predmetom zákazky je realizácia stavebných prác na výstavbe zberného dvora. Zberný dvor je situovaný na parcele č.:
KN C 558, katastrálne územie: Balog nad Ipľom, Obec Balog nad Ipľom, okres: Veľký Krtíš, kraj Banskobystrický.",Stavebné práce
3256655,Zobrazovacie zariadenia,"Platforma na testovanie a vývoj mobilných a IP sietí, platforma na testovanie sieťovej bezpečnosti, platforma pre návrh a prototypovanie obvodov, zobrazovacie zariadenia, rack s príslušenstvom, programové vybavenia, diskové polia, pren",Stroje na spracovanie údajov (hardvér)
3256655,Rack s príslušenstvom,"Platforma na testovanie a vývoj mobilných a IP sietí, platforma na testovanie sieťovej bezpečnosti, platforma pre návrh a prototypovanie obvodov, zobrazovacie zariadenia, rack s príslušenstvom, programové vybavenia, diskové polia, pren",Stroje na spracovanie údajov (hardvér)
3256655,Programové vybavenie,"Platforma na testovanie a vývoj mobilných a IP sietí, platforma na testovanie sieťovej bezpečnosti, platforma pre návrh a prototypovanie obvodov, zobrazovacie zariadenia, rack s príslušenstvom, programové vybavenia, diskové polia, pren",Stroje na spracovanie údajov (hardvér)
3256655,Prenosný počítač typ 1,"Platforma na testovanie a vývoj mobilných a IP sietí, platforma na testovanie sieťovej bezpečnosti, platforma pre návrh a prototypovanie obvodov, zobrazovacie zariadenia, rack s príslušenstvom, programové vybavenia, diskové polia, pren",Stroje na spracovanie údajov (hardvér)
3256655,Stolový počítač typ 1,"Platforma na testovanie a vývoj mobilných a IP sietí, platforma na testovanie sieťovej bezpečnosti, platforma pre návrh a prototypovanie obvodov, zobrazovacie zariadenia, rack s príslušenstvom, programové vybavenia, diskové polia, pren",Stroje na spracovanie údajov (hardvér)
3256655,rack server typ 1,"Platforma na testovanie a vývoj mobilných a IP sietí, platforma na testovanie sieťovej bezpečnosti, platforma pre návrh a prototypovanie obvodov, zobrazovacie zariadenia, rack s príslušenstvom, programové vybavenia, diskové polia, pren",Stroje na spracovanie údajov (hardvér)
3256655,Sieťový prepínač typ 1,"Platforma na testovanie a vývoj mobilných a IP sietí, platforma na testovanie sieťovej bezpečnosti, platforma pre návrh a prototypovanie obvodov, zobrazovacie zariadenia, rack s príslušenstvom, programové vybavenia, diskové polia, pren",Stroje na spracovanie údajov (hardvér)
3256655,Programové vybavenie typ 2,"Platforma na testovanie a vývoj mobilných a IP sietí, platforma na testovanie sieťovej bezpečnosti, platforma pre návrh a prototypovanie obvodov, zobrazovacie zariadenia, rack s príslušenstvom, programové vybavenia, diskové polia, pren",Stroje na spracovanie údajov (hardvér)
3256655,Programové vybavenie typ 4,"Platforma na testovanie a vývoj mobilných a IP sietí, platforma na testovanie sieťovej bezpečnosti, platforma pre návrh a prototypovanie obvodov, zobrazovacie zariadenia, rack s príslušenstvom, programové vybavenia, diskové polia, pren",Stroje na spracovanie údajov (hardvér)
3256655,Programové vybavenie typ 6,"Platforma na testovanie a vývoj mobilných a IP sietí, platforma na testovanie sieťovej bezpečnosti, platforma pre návrh a prototypovanie obvodov, zobrazovacie zariadenia, rack s príslušenstvom, programové vybavenia, diskové polia, pren",Stroje na spracovanie údajov (hardvér)
3256655,Programové vybavenie typ 8,"Platforma na testovanie a vývoj mobilných a IP sietí, platforma na testovanie sieťovej bezpečnosti, platforma pre návrh a prototypovanie obvodov, zobrazovacie zariadenia, rack s príslušenstvom, programové vybavenia, diskové polia, pren",Stroje na spracovanie údajov (hardvér)
3256655,Programové vybavenie typ 10,"Platforma na testovanie a vývoj mobilných a IP sietí, platforma na testovanie sieťovej bezpečnosti, platforma pre návrh a prototypovanie obvodov, zobrazovacie zariadenia, rack s príslušenstvom, programové vybavenia, diskové polia, pren",Stroje na spracovanie údajov (hardvér)
3256655,Programové vybavenie typ 11,"Platforma na testovanie a vývoj mobilných a IP sietí, platforma na testovanie sieťovej bezpečnosti, platforma pre návrh a prototypovanie obvodov, zobrazovacie zariadenia, rack s príslušenstvom, programové vybavenia, diskové polia, pren",Stroje na spracovanie údajov (hardvér)
3256655,Programové vybavenie typ 12,"Platforma na testovanie a vývoj mobilných a IP sietí, platforma na testovanie sieťovej bezpečnosti, platforma pre návrh a prototypovanie obvodov, zobrazovacie zariadenia, rack s príslušenstvom, programové vybavenia, diskové polia, pren",Stroje na spracovanie údajov (hardvér)
3256655,Programové vybavenie typ 13,"Platforma na testovanie a vývoj mobilných a IP sietí, platforma na testovanie sieťovej bezpečnosti, platforma pre návrh a prototypovanie obvodov, zobrazovacie zariadenia, rack s príslušenstvom, programové vybavenia, diskové polia, pren",Stroje na spracovanie údajov (hardvér)
3256655,Programové vybavenie typ 14,"Platforma na testovanie a vývoj mobilných a IP sietí, platforma na testovanie sieťovej bezpečnosti, platforma pre návrh a prototypovanie obvodov, zobrazovacie zariadenia, rack s príslušenstvom, programové vybavenia, diskové polia, pren",Stroje na spracovanie údajov (hardvér)
3256655,Programové vybavenie typ 15,"Platforma na testovanie a vývoj mobilných a IP sietí, platforma na testovanie sieťovej bezpečnosti, platforma pre návrh a prototypovanie obvodov, zobrazovacie zariadenia, rack s príslušenstvom, programové vybavenia, diskové polia, pren",Stroje na spracovanie údajov (hardvér)
3256655,Programové vybavenie typ 16,"Platforma na testovanie a vývoj mobilných a IP sietí, platforma na testovanie sieťovej bezpečnosti, platforma pre návrh a prototypovanie obvodov, zobrazovacie zariadenia, rack s príslušenstvom, programové vybavenia, diskové polia, pren",Stroje na spracovanie údajov (hardvér)
3256655,Programové vybavenie typ 17,"Platforma na testovanie a vývoj mobilných a IP sietí, platforma na testovanie sieťovej bezpečnosti, platforma pre návrh a prototypovanie obvodov, zobrazovacie zariadenia, rack s príslušenstvom, programové vybavenia, diskové polia, pren",Stroje na spracovanie údajov (hardvér)
3256655,Programové vybavenie typ 18,"Platforma na testovanie a vývoj mobilných a IP sietí, platforma na testovanie sieťovej bezpečnosti, platforma pre návrh a prototypovanie obvodov, zobrazovacie zariadenia, rack s príslušenstvom, programové vybavenia, diskové polia, pren",Stroje na spracovanie údajov (hardvér)
3256655,rack server typ 3,"Platforma na testovanie a vývoj mobilných a IP sietí, platforma na testovanie sieťovej bezpečnosti, platforma pre návrh a prototypovanie obvodov, zobrazovacie zariadenia, rack s príslušenstvom, programové vybavenia, diskové polia, pren",Stroje na spracovanie údajov (hardvér)
3256655,rack server typ 4,"Platforma na testovanie a vývoj mobilných a IP sietí, platforma na testovanie sieťovej bezpečnosti, platforma pre návrh a prototypovanie obvodov, zobrazovacie zariadenia, rack s príslušenstvom, programové vybavenia, diskové polia, pren",Stroje na spracovanie údajov (hardvér)
3256655,rack server typ 6,"Platforma na testovanie a vývoj mobilných a IP sietí, platforma na testovanie sieťovej bezpečnosti, platforma pre návrh a prototypovanie obvodov, zobrazovacie zariadenia, rack s príslušenstvom, programové vybavenia, diskové polia, pren",Stroje na spracovanie údajov (hardvér)
3256655,blade server typ 1,"Platforma na testovanie a vývoj mobilných a IP sietí, platforma na testovanie sieťovej bezpečnosti, platforma pre návrh a prototypovanie obvodov, zobrazovacie zariadenia, rack s príslušenstvom, programové vybavenia, diskové polia, pren",Stroje na spracovanie údajov (hardvér)
3256655,blade server typ 2,"Platforma na testovanie a vývoj mobilných a IP sietí, platforma na testovanie sieťovej bezpečnosti, platforma pre návrh a prototypovanie obvodov, zobrazovacie zariadenia, rack s príslušenstvom, programové vybavenia, diskové polia, pren",Stroje na spracovanie údajov (hardvér)
3256655,blade server typ 3,"Platforma na testovanie a vývoj mobilných a IP sietí, platforma na testovanie sieťovej bezpečnosti, platforma pre návrh a prototypovanie obvodov, zobrazovacie zariadenia, rack s príslušenstvom, programové vybavenia, diskové polia, pren",Stroje na spracovanie údajov (hardvér)
3256655,blade server typ 5,"Platforma na testovanie a vývoj mobilných a IP sietí, platforma na testovanie sieťovej bezpečnosti, platforma pre návrh a prototypovanie obvodov, zobrazovacie zariadenia, rack s príslušenstvom, programové vybavenia, diskové polia, pren",Stroje na spracovanie údajov (hardvér)
3256655,blade server typ 6,"Platforma na testovanie a vývoj mobilných a IP sietí, platforma na testovanie sieťovej bezpečnosti, platforma pre návrh a prototypovanie obvodov, zobrazovacie zariadenia, rack s príslušenstvom, programové vybavenia, diskové polia, pren",Stroje na spracovanie údajov (hardvér)
3256655,blade server typ 7,"Platforma na testovanie a vývoj mobilných a IP sietí, platforma na testovanie sieťovej bezpečnosti, platforma pre návrh a prototypovanie obvodov, zobrazovacie zariadenia, rack s príslušenstvom, programové vybavenia, diskové polia, pren",Stroje na spracovanie údajov (hardvér)
3256655,blade server typ 9,"Platforma na testovanie a vývoj mobilných a IP sietí, platforma na testovanie sieťovej bezpečnosti, platforma pre návrh a prototypovanie obvodov, zobrazovacie zariadenia, rack s príslušenstvom, programové vybavenia, diskové polia, pren",Stroje na spracovanie údajov (hardvér)
3256655,blade server typ 10,"Platforma na testovanie a vývoj mobilných a IP sietí, platforma na testovanie sieťovej bezpečnosti, platforma pre návrh a prototypovanie obvodov, zobrazovacie zariadenia, rack s príslušenstvom, programové vybavenia, diskové polia, pren",Stroje na spracovanie údajov (hardvér)
3256655,rozšírenie blade server 1,"Platforma na testovanie a vývoj mobilných a IP sietí, platforma na testovanie sieťovej bezpečnosti, platforma pre návrh a prototypovanie obvodov, zobrazovacie zariadenia, rack s príslušenstvom, programové vybavenia, diskové polia, pren",Stroje na spracovanie údajov (hardvér)
3256655,rozšírenie blade server 2,"Platforma na testovanie a vývoj mobilných a IP sietí, platforma na testovanie sieťovej bezpečnosti, platforma pre návrh a prototypovanie obvodov, zobrazovacie zariadenia, rack s príslušenstvom, programové vybavenia, diskové polia, pren",Stroje na spracovanie údajov (hardvér)
3256655,rozšírenie blade server 3,"Platforma na testovanie a vývoj mobilných a IP sietí, platforma na testovanie sieťovej bezpečnosti, platforma pre návrh a prototypovanie obvodov, zobrazovacie zariadenia, rack s príslušenstvom, programové vybavenia, diskové polia, pren",Stroje na spracovanie údajov (hardvér)
3256655,rozšírenie blade server 4,"Platforma na testovanie a vývoj mobilných a IP sietí, platforma na testovanie sieťovej bezpečnosti, platforma pre návrh a prototypovanie obvodov, zobrazovacie zariadenia, rack s príslušenstvom, programové vybavenia, diskové polia, pren",Stroje na spracovanie údajov (hardvér)
3256655,Diskové pole typ 3,"Platforma na testovanie a vývoj mobilných a IP sietí, platforma na testovanie sieťovej bezpečnosti, platforma pre návrh a prototypovanie obvodov, zobrazovacie zariadenia, rack s príslušenstvom, programové vybavenia, diskové polia, pren",Stroje na spracovanie údajov (hardvér)
3256655,Diskové pole typ 4,"Platforma na testovanie a vývoj mobilných a IP sietí, platforma na testovanie sieťovej bezpečnosti, platforma pre návrh a prototypovanie obvodov, zobrazovacie zariadenia, rack s príslušenstvom, programové vybavenia, diskové polia, pren",Stroje na spracovanie údajov (hardvér)
3256655,Pásková knižnica typ 1,"Platforma na testovanie a vývoj mobilných a IP sietí, platforma na testovanie sieťovej bezpečnosti, platforma pre návrh a prototypovanie obvodov, zobrazovacie zariadenia, rack s príslušenstvom, programové vybavenia, diskové polia, pren",Stroje na spracovanie údajov (hardvér)
3256655,Pásková knižnica typ 2,"Platforma na testovanie a vývoj mobilných a IP sietí, platforma na testovanie sieťovej bezpečnosti, platforma pre návrh a prototypovanie obvodov, zobrazovacie zariadenia, rack s príslušenstvom, programové vybavenia, diskové polia, pren",Stroje na spracovanie údajov (hardvér)
3256655,SAN prepínač typ 1,"Platforma na testovanie a vývoj mobilných a IP sietí, platforma na testovanie sieťovej bezpečnosti, platforma pre návrh a prototypovanie obvodov, zobrazovacie zariadenia, rack s príslušenstvom, programové vybavenia, diskové polia, pren",Stroje na spracovanie údajov (hardvér)
3256655,Rozšírenie SAN prepínača typ 1,"Platforma na testovanie a vývoj mobilných a IP sietí, platforma na testovanie sieťovej bezpečnosti, platforma pre návrh a prototypovanie obvodov, zobrazovacie zariadenia, rack s príslušenstvom, programové vybavenia, diskové polia, pren",Stroje na spracovanie údajov (hardvér)
3256655,SAN prepínač typ 2,"Platforma na testovanie a vývoj mobilných a IP sietí, platforma na testovanie sieťovej bezpečnosti, platforma pre návrh a prototypovanie obvodov, zobrazovacie zariadenia, rack s príslušenstvom, programové vybavenia, diskové polia, pren",Stroje na spracovanie údajov (hardvér)
3256655,SAN prepínač typ 3,"Platforma na testovanie a vývoj mobilných a IP sietí, platforma na testovanie sieťovej bezpečnosti, platforma pre návrh a prototypovanie obvodov, zobrazovacie zariadenia, rack s príslušenstvom, programové vybavenia, diskové polia, pren",Stroje na spracovanie údajov (hardvér)
3256655,Sieťový smerovač typ 1,"Platforma na testovanie a vývoj mobilných a IP sietí, platforma na testovanie sieťovej bezpečnosti, platforma pre návrh a prototypovanie obvodov, zobrazovacie zariadenia, rack s príslušenstvom, programové vybavenia, diskové polia, pren",Stroje na spracovanie údajov (hardvér)
3256655,Sieťový smerovač typ 2,"Platforma na testovanie a vývoj mobilných a IP sietí, platforma na testovanie sieťovej bezpečnosti, platforma pre návrh a prototypovanie obvodov, zobrazovacie zariadenia, rack s príslušenstvom, programové vybavenia, diskové polia, pren",Stroje na spracovanie údajov (hardvér)
3256655,Sieťový smerovač typ 3,"Platforma na testovanie a vývoj mobilných a IP sietí, platforma na testovanie sieťovej bezpečnosti, platforma pre návrh a prototypovanie obvodov, zobrazovacie zariadenia, rack s príslušenstvom, programové vybavenia, diskové polia, pren",Stroje na spracovanie údajov (hardvér)
3256655,Sieťový prepínač typ 4,"Platforma na testovanie a vývoj mobilných a IP sietí, platforma na testovanie sieťovej bezpečnosti, platforma pre návrh a prototypovanie obvodov, zobrazovacie zariadenia, rack s príslušenstvom, programové vybavenia, diskové polia, pren",Stroje na spracovanie údajov (hardvér)
3256655,Sieťový prepínač typ 5,"Platforma na testovanie a vývoj mobilných a IP sietí, platforma na testovanie sieťovej bezpečnosti, platforma pre návrh a prototypovanie obvodov, zobrazovacie zariadenia, rack s príslušenstvom, programové vybavenia, diskové polia, pren",Stroje na spracovanie údajov (hardvér)
3256655,Sieťový prepínač typ 7,"Platforma na testovanie a vývoj mobilných a IP sietí, platforma na testovanie sieťovej bezpečnosti, platforma pre návrh a prototypovanie obvodov, zobrazovacie zariadenia, rack s príslušenstvom, programové vybavenia, diskové polia, pren",Stroje na spracovanie údajov (hardvér)
3256655,Koncové zariadenie kontaktného centra typ 1,"Platforma na testovanie a vývoj mobilných a IP sietí, platforma na testovanie sieťovej bezpečnosti, platforma pre návrh a prototypovanie obvodov, zobrazovacie zariadenia, rack s príslušenstvom, programové vybavenia, diskové polia, pren",Stroje na spracovanie údajov (hardvér)
3256655,Koncové zariadenie kontaktného centra typ 2,"Platforma na testovanie a vývoj mobilných a IP sietí, platforma na testovanie sieťovej bezpečnosti, platforma pre návrh a prototypovanie obvodov, zobrazovacie zariadenia, rack s príslušenstvom, programové vybavenia, diskové polia, pren",Stroje na spracovanie údajov (hardvér)
3256655,Koncové zariadenie kontaktného centra typ 3,"Platforma na testovanie a vývoj mobilných a IP sietí, platforma na testovanie sieťovej bezpečnosti, platforma pre návrh a prototypovanie obvodov, zobrazovacie zariadenia, rack s príslušenstvom, programové vybavenia, diskové polia, pren",Stroje na spracovanie údajov (hardvér)
3256655,Firewall typ 1,"Platforma na testovanie a vývoj mobilných a IP sietí, platforma na testovanie sieťovej bezpečnosti, platforma pre návrh a prototypovanie obvodov, zobrazovacie zariadenia, rack s príslušenstvom, programové vybavenia, diskové polia, pren",Stroje na spracovanie údajov (hardvér)
3256655,Firewall typ 3,"Platforma na testovanie a vývoj mobilných a IP sietí, platforma na testovanie sieťovej bezpečnosti, platforma pre návrh a prototypovanie obvodov, zobrazovacie zariadenia, rack s príslušenstvom, programové vybavenia, diskové polia, pren",Stroje na spracovanie údajov (hardvér)
3256655,Firewall typ 4,"Platforma na testovanie a vývoj mobilných a IP sietí, platforma na testovanie sieťovej bezpečnosti, platforma pre návrh a prototypovanie obvodov, zobrazovacie zariadenia, rack s príslušenstvom, programové vybavenia, diskové polia, pren",Stroje na spracovanie údajov (hardvér)
3256655,Firewall typ 6,"Platforma na testovanie a vývoj mobilných a IP sietí, platforma na testovanie sieťovej bezpečnosti, platforma pre návrh a prototypovanie obvodov, zobrazovacie zariadenia, rack s príslušenstvom, programové vybavenia, diskové polia, pren",Stroje na spracovanie údajov (hardvér)
3256655,Bezpečnostný prvok typ 1,"Platforma na testovanie a vývoj mobilných a IP sietí, platforma na testovanie sieťovej bezpečnosti, platforma pre návrh a prototypovanie obvodov, zobrazovacie zariadenia, rack s príslušenstvom, programové vybavenia, diskové polia, pren",Stroje na spracovanie údajov (hardvér)
3256655,Bezpečnostný prvok typ 2,"Platforma na testovanie a vývoj mobilných a IP sietí, platforma na testovanie sieťovej bezpečnosti, platforma pre návrh a prototypovanie obvodov, zobrazovacie zariadenia, rack s príslušenstvom, programové vybavenia, diskové polia, pren",Stroje na spracovanie údajov (hardvér)
3256655,Sieťový prepínač typ 2,"Platforma na testovanie a vývoj mobilných a IP sietí, platforma na testovanie sieťovej bezpečnosti, platforma pre návrh a prototypovanie obvodov, zobrazovacie zariadenia, rack s príslušenstvom, programové vybavenia, diskové polia, pren",Stroje na spracovanie údajov (hardvér)
3256655,Sieťový prepínač typ 3,"Platforma na testovanie a vývoj mobilných a IP sietí, platforma na testovanie sieťovej bezpečnosti, platforma pre návrh a prototypovanie obvodov, zobrazovacie zariadenia, rack s príslušenstvom, programové vybavenia, diskové polia, pren",Stroje na spracovanie údajov (hardvér)
3256655,Platforma na testovanie sieťovej bezpečnosti,"Platforma na testovanie a vývoj mobilných a IP sietí, platforma na testovanie sieťovej bezpečnosti, platforma pre návrh a prototypovanie obvodov, zobrazovacie zariadenia, rack s príslušenstvom, programové vybavenia, diskové polia, pren",Stroje na spracovanie údajov (hardvér)
3256655,Diskové pole typ 1,"Platforma na testovanie a vývoj mobilných a IP sietí, platforma na testovanie sieťovej bezpečnosti, platforma pre návrh a prototypovanie obvodov, zobrazovacie zariadenia, rack s príslušenstvom, programové vybavenia, diskové polia, pren",Stroje na spracovanie údajov (hardvér)
3256655,Diskové pole typ 2,"Platforma na testovanie a vývoj mobilných a IP sietí, platforma na testovanie sieťovej bezpečnosti, platforma pre návrh a prototypovanie obvodov, zobrazovacie zariadenia, rack s príslušenstvom, programové vybavenia, diskové polia, pren",Stroje na spracovanie údajov (hardvér)
3256655,rack server typ 2,"Platforma na testovanie a vývoj mobilných a IP sietí, platforma na testovanie sieťovej bezpečnosti, platforma pre návrh a prototypovanie obvodov, zobrazovacie zariadenia, rack s príslušenstvom, programové vybavenia, diskové polia, pren",Stroje na spracovanie údajov (hardvér)
3256655,rack server typ 5,"Platforma na testovanie a vývoj mobilných a IP sietí, platforma na testovanie sieťovej bezpečnosti, platforma pre návrh a prototypovanie obvodov, zobrazovacie zariadenia, rack s príslušenstvom, programové vybavenia, diskové polia, pren",Stroje na spracovanie údajov (hardvér)
3256655,blade server typ 4,"Platforma na testovanie a vývoj mobilných a IP sietí, platforma na testovanie sieťovej bezpečnosti, platforma pre návrh a prototypovanie obvodov, zobrazovacie zariadenia, rack s príslušenstvom, programové vybavenia, diskové polia, pren",Stroje na spracovanie údajov (hardvér)
3256655,blade server typ 8,"Platforma na testovanie a vývoj mobilných a IP sietí, platforma na testovanie sieťovej bezpečnosti, platforma pre návrh a prototypovanie obvodov, zobrazovacie zariadenia, rack s príslušenstvom, programové vybavenia, diskové polia, pren",Stroje na spracovanie údajov (hardvér)
3256655,Rozšírenie diskového poľa typ 1,"Platforma na testovanie a vývoj mobilných a IP sietí, platforma na testovanie sieťovej bezpečnosti, platforma pre návrh a prototypovanie obvodov, zobrazovacie zariadenia, rack s príslušenstvom, programové vybavenia, diskové polia, pren",Stroje na spracovanie údajov (hardvér)
3256655,Rozšírenie diskového poľa typ 2,"Platforma na testovanie a vývoj mobilných a IP sietí, platforma na testovanie sieťovej bezpečnosti, platforma pre návrh a prototypovanie obvodov, zobrazovacie zariadenia, rack s príslušenstvom, programové vybavenia, diskové polia, pren",Stroje na spracovanie údajov (hardvér)
3256655,Sieťový prepínač typ 6,"Platforma na testovanie a vývoj mobilných a IP sietí, platforma na testovanie sieťovej bezpečnosti, platforma pre návrh a prototypovanie obvodov, zobrazovacie zariadenia, rack s príslušenstvom, programové vybavenia, diskové polia, pren",Stroje na spracovanie údajov (hardvér)
3256655,Sieťový prepínač typ 8,"Platforma na testovanie a vývoj mobilných a IP sietí, platforma na testovanie sieťovej bezpečnosti, platforma pre návrh a prototypovanie obvodov, zobrazovacie zariadenia, rack s príslušenstvom, programové vybavenia, diskové polia, pren",Stroje na spracovanie údajov (hardvér)
3256655,Automatizované kontaktné centrum typ 1,"Platforma na testovanie a vývoj mobilných a IP sietí, platforma na testovanie sieťovej bezpečnosti, platforma pre návrh a prototypovanie obvodov, zobrazovacie zariadenia, rack s príslušenstvom, programové vybavenia, diskové polia, pren",Stroje na spracovanie údajov (hardvér)
3256655,Firewall typ 2,"Platforma na testovanie a vývoj mobilných a IP sietí, platforma na testovanie sieťovej bezpečnosti, platforma pre návrh a prototypovanie obvodov, zobrazovacie zariadenia, rack s príslušenstvom, programové vybavenia, diskové polia, pren",Stroje na spracovanie údajov (hardvér)
3256655,Rozšírenie firewall typ 1,"Platforma na testovanie a vývoj mobilných a IP sietí, platforma na testovanie sieťovej bezpečnosti, platforma pre návrh a prototypovanie obvodov, zobrazovacie zariadenia, rack s príslušenstvom, programové vybavenia, diskové polia, pren",Stroje na spracovanie údajov (hardvér)
3256655,Platforma na testovanie a vývoj mobilných a IP sietí,"Platforma na testovanie a vývoj mobilných a IP sietí, platforma na testovanie sieťovej bezpečnosti, platforma pre návrh a prototypovanie obvodov, zobrazovacie zariadenia, rack s príslušenstvom, programové vybavenia, diskové polia, pren",Stroje na spracovanie údajov (hardvér)
3256655,Platforma pre návrh a prototypovanie obvodov,"Platforma na testovanie a vývoj mobilných a IP sietí, platforma na testovanie sieťovej bezpečnosti, platforma pre návrh a prototypovanie obvodov, zobrazovacie zariadenia, rack s príslušenstvom, programové vybavenia, diskové polia, pren",Stroje na spracovanie údajov (hardvér)
3256655,Superpočítač - 1 nod,"Platforma na testovanie a vývoj mobilných a IP sietí, platforma na testovanie sieťovej bezpečnosti, platforma pre návrh a prototypovanie obvodov, zobrazovacie zariadenia, rack s príslušenstvom, programové vybavenia, diskové polia, pren",Stroje na spracovanie údajov (hardvér)
3256655,Firewall typ 5,"Platforma na testovanie a vývoj mobilných a IP sietí, platforma na testovanie sieťovej bezpečnosti, platforma pre návrh a prototypovanie obvodov, zobrazovacie zariadenia, rack s príslušenstvom, programové vybavenia, diskové polia, pren",Stroje na spracovanie údajov (hardvér)
3256663,Kritérium č. 1 - z dôvodu obmedzeného počtu znakov je názov tohto kritériá uvedený v časti II.2.14) tohto oznámenia,"Predmetom zákazky je bezhotovostný nákup pohonných hmôt (ďalej len ""PHM"") do služobných motorových vozidiel (ďalej len ""SMV"") verejného obstarávateľa prostredníctvom palivových kariet, ktoré akceptujú čerpacie stanice uchádza",Motorová nafta
3256663,Kritérium č. 2 - z dôvodu obmedzeného počtu znakov je názov tohto kritériá uvedený v časti II.2.14) tohto oznámenia,"Predmetom zákazky je bezhotovostný nákup pohonných hmôt (ďalej len ""PHM"") do služobných motorových vozidiel (ďalej len ""SMV"") verejného obstarávateľa prostredníctvom palivových kariet, ktoré akceptujú čerpacie stanice uchádza",Motorová nafta
3256845,Lehota realizácie predmetu zákazky,"Rekonštrukcia oporného múru ktorý tvorí pravý breh vodného toku Papradianka a zároveň tvorí podperu cesty III. triedy č.1978. Oprava múru bude zameraná na vyčistenie múru, sanáciu existujúcej rímsy, zhotovenie novej rímsy a zh",Oporné múry
3256864,Lehota dodania stravných poukážok,"Predmetom zákazky je zabezpečenie stravovania pre zamestnancov verejného obstarávateľa a zamestnancov
pristupujúcich organizácií. Podrobné vymedzenie predmetu zákazky je uvedené v súťažných podkladoch v časti B. Opis predmetu z",Služby hromadného stravovania
3256979,Kritérium č. 2,"Predmetom zákazky s názvom ""Motorová nafta dodávaná do autocisterien obstarávateľa"" je dodanie motorovej nafty vo výdajných miestach uchádzača, ktoré uchádzač určí podľa podmienok definovaných obsahom súťažných podkladov do",Motorová nafta
3257352,Lehota dodania,"1. Objekt prístavby materskej školy SO 101, jednopodlažný, prisadený k existujúcemu objektu materskej školy
spojovacou chodbou so samostatným vchodom do areálu materskej školy s detským ihriskom. Obstavaný priestor: 984,50 m3 , zast",Stavebné práce na stavbe budov materských škôl
3257777,Lehota realizácie prác,Zámerom verejného obstarávateľa sú stavebné úpravy MŠ v Obci Skároš.,Stavebné práce
3257807,Lehota výstavby v kalendárnych dňoch,"Predmetom zákazky je modernizácia zberného dvora v Ilave. Podrobný rozsah prác je definovaný projektovou dokumentáciou a výkazom výmer, ktoré tvoria súčasť súťažných podkladov.",Stavebné práce
3257871,Vzdialenosť servisného strediska od centra Trenčína- neaukčné,"Predmetom tejto zákazky je vykonávanie opráv motorových vozidiel verejného obstarávateľa (vrátane zabezpečenia ich odtiahnutia v prípade potreby), zároveň je predmetom tejto zákazky komplexné vykonávanie záručnej a pozáručnej","Opravy, údržba a súvisiace služby pre vozidlá a príbuzné vybavenie"
3257871,Vzdialenosť servisného strediska od centra Nitry- neaukčné,"Predmetom tejto zákazky je vykonávanie opráv motorových vozidiel verejného obstarávateľa (vrátane zabezpečenia ich odtiahnutia v prípade potreby), zároveň je predmetom tejto zákazky komplexné vykonávanie záručnej a pozáručnej","Opravy, údržba a súvisiace služby pre vozidlá a príbuzné vybavenie"
3257871,Vzdialenosť servisného strediska od centra Zvolena- neaukčné,"Predmetom tejto zákazky je vykonávanie opráv motorových vozidiel verejného obstarávateľa (vrátane zabezpečenia ich odtiahnutia v prípade potreby), zároveň je predmetom tejto zákazky komplexné vykonávanie záručnej a pozáručnej","Opravy, údržba a súvisiace služby pre vozidlá a príbuzné vybavenie"
3257871,Vzdialenosť servisného strediska od centra Žiaru nad Hronom- neaukčné,"Predmetom tejto zákazky je vykonávanie opráv motorových vozidiel verejného obstarávateľa (vrátane zabezpečenia ich odtiahnutia v prípade potreby), zároveň je predmetom tejto zákazky komplexné vykonávanie záručnej a pozáručnej","Opravy, údržba a súvisiace služby pre vozidlá a príbuzné vybavenie"
3257871,Vzdialenosť servisného strediska od centra Čadce- neaukčné,"Predmetom tejto zákazky je vykonávanie opráv motorových vozidiel verejného obstarávateľa (vrátane zabezpečenia ich odtiahnutia v prípade potreby), zároveň je predmetom tejto zákazky komplexné vykonávanie záručnej a pozáručnej","Opravy, údržba a súvisiace služby pre vozidlá a príbuzné vybavenie"
3257871,Vzdialenosť servisného strediska od centra Námestova- neaukčné,"Predmetom tejto zákazky je vykonávanie opráv motorových vozidiel verejného obstarávateľa (vrátane zabezpečenia ich odtiahnutia v prípade potreby), zároveň je predmetom tejto zákazky komplexné vykonávanie záručnej a pozáručnej","Opravy, údržba a súvisiace služby pre vozidlá a príbuzné vybavenie"
3257871,Vzdialenosť servisného strediska od príslušného centra Bratislavy - neaukčné,"Predmetom tejto zákazky je vykonávanie opráv motorových vozidiel verejného obstarávateľa (vrátane zabezpečenia ich odtiahnutia v prípade potreby), zároveň je predmetom tejto zákazky komplexné vykonávanie záručnej a pozáručnej","Opravy, údržba a súvisiace služby pre vozidlá a príbuzné vybavenie"
3257888,"Prevádzkovo - technické parametre - popis kritérií a ich relatívne váhy sú uvedené v SP, celková relatívna váha je 10.","Modernizácia WC buniek vo vozňoch radu Apeer, Bpeer, BDsheer spočíva v humanizácii priestoru WC bunky vrátane dodávky a montáže novej vákuovej toalety vybavenej diagnostickým zariadením. Humanizácia priestoru WC bunky spočíva v do",Úprava osobných vozňov
3257950,Lehota realizácie,"Stavebné práce Modernizácia a prestavba areálu a budov Materskej školy na ulici dukelská je prioritne zameraný na znižovanie energetickej náročnosti, zároveň zahŕňa obnovu stavebno-technického riešenia budov v zmysle platných ST",Stavebné práce na stavbe budov
3258039,Kritérium č. 2: Environmentálny faktor,"Predmetom zákazky je poskytnutie služieb v oblasti nakladania s komunálnym odpadom v meste v zmysle zákona č. 79/2015 Z.z. o odpadoch v znení neskorších predpisov, vyhlášky Ministerstva životného prostredia SR č. 365/2015 Z.z., ktor",Služby súvisiace s likvidáciou odpadu a odpadom
3258067,Lehota výstavby (v kalendárnych dňoch),"1.Predmetom zákazky je zabezpečiť uzatvorenie zmluvy o dielo na realizáciu stavebných prác v rámci projektu Zmena existujúceho objektu Okresného súdu Levice nadstavbou 4.NP, prístavbou výťahu a rekonštrukciou vnútorných priestoro",Stavebné práce na budovách súdov
3258161,Lehota realizácie,"Stavba Dom HZS NT Juh je základňová stanica pre horskú záchrannú službu. Je to trojpodlažný objekt napojený na
elektrickú energiu, verejný vodovod, žumpu a dažďovú kanalizáciu všetky verejné prípojky sa nachádzajú v cestno",Stavebné práce na budovách horskej služby
3258223,Lehota výstavby v dňoch,"Rekonštrukciou pôrodníckeho oddelenia budú riešené dispozičné zmeny, aby dispozícia vyhovovala platným hygienickým vyhláškam a zlepšenia podmienok pôrodov. Vytvoria sa nové deliace priečky, nové povrchy, vymenia sa okná v obvo",Stavebné práce
3258386,Lehota výstavby vyjadrená v pracovných dňoch. Uchádzačom ponúknutá lehota výstavby je maximálna a touto lehotou je uchádzač viazaný.,Predmetom zákazky je vybudovanie splaškovej gravitačnej kanalizácie z PVC kanalizačných rúr podľa projektovej dokumentácie. Podrobne je predmet zákazky opísaný v projektovej dokumentácii.,Stavebné práce
3258544,Lehota výstavby v pracovných dňoch,Úprava vyhradeného priestoru v areáli obecného úradu na dočasné uloženie vyseparovaného odpadu.,Stavebné práce
3258833,Obsah recyklovanej zložky vo výrobku v %,"Predmetom verejneho obstaravania je dodanie skatul na kompostovanie, za ucelom predchadzania vzniku biologicky rozlozitelnych komunalnych odpadov. Blizsia specifikacia predmetu zakazky je obsiahnuta v sutaznych podkladoch.",Škatule na kompost
3258923,Lehota realizácie prác,Zámerom verejného obstarávateľa sú stavebné úpravy mestského kultúrneho strediska Veľké Kapušany,Stavebné práce
3259124,K6: Najvyššia percentuálna zľava na neoriginálne náhradné diely v %,"Predmetom zákazky je vykonávanie komplexných pozáručných opráv a údržby vozidiel, vykonávanie technických a emisných kontrol pre nákladné služobné motorové vozidlá kategórie N1, N2, N3, O4 a T vo vlastníctve obstarávateľa,",Oprava a údržba nákladných vozidiel
3259124,K5: Najvyššia percentuálna zľava na originálne náhradné diely v %,"Predmetom zákazky je vykonávanie komplexných pozáručných opráv a údržby vozidiel, vykonávanie technických a emisných kontrol pre nákladné služobné motorové vozidlá kategórie N1, N2, N3, O4 a T vo vlastníctve obstarávateľa,",Oprava a údržba nákladných vozidiel
3259143,Lehota realizácie,"Dispozičné riešenie suterénu sa nebude meniť. V miestnosti skladu, kde sú osadené zásobníky TÚV pribudne nová jednotka VZT. Strop v suteréne bude zateplený izoláciou z minerálnej vlny hr.150mm. Jestvujúce plynové kotly budú nah",Stavebné práce na stavbe budov súvisiacich so vzdelávaním a výskumom
3259197,Lehota realizácie,"Rekonštrukcia objektu ""TELOCVIČŇA"" je navrhnutá za účelom odstránenia porúch a deformácií jednotlivých stavebných konštrukcií a technického vybavenia (havarijný stav drevenej palubovej podlahy veľkej telocvične, netesnosť stre",Stavebné práce na telocvičniach
3259213,Lehota realizácie,"Predmetom zákazky je realizácia stavebných prác na významnej rekonštrukcii budovy obecného úradu v Jasenove, ktorá je umiestnená na parc. č.: 15/3, katastrálne územie: Jasenov, obec: Jasenov, okres: Humenné, kraj: Prešovský, v r",Stavebné práce na stavbe budov
3259288,Lehota dodania tovaru,"Predmetom verejného obstarávania je dodávka nových univerzálnych kolesových traktorov na obhospodarovanie horských lúk s príslušenstvom (čelný nakladač, náves za traktor, mulčovač za UKT, bubnová kosa, obracač, zhrňovač, lis",Traktory/ťahače
3259313,Celkové úspory počas trvania zmluvy vrátane DPH,"Predmetom zákazky je realizácia opatrení, ktorých účelom je zvýšenie energetickej efektívnosti Študentského domova Ekonomickej univerzity v Bratislave formou garantovanej energetickej služby podľa zákona č. 321/2014 Z. z. o energe",Energetika a súvisiace služby
3259423,Lehota výstavby,"Predmetom zákazky sú stavebné práce k realizácii projektu cyklotrasy zelená cesta (ďalej už len trasy) v rámci katastra Kechnec. 
Zámerom projektu ABA ZELENÁ CESTA - Zelený Zážitok v rámci katastra Kechnec je vybudovať trasu, kt",Stavebné práce
3259473,Obsah recyklovanej zložky vo výrobku v %,"Predmetom verejného obstarávania je dodanie škatúľ na kompostovanie, za účelom predchádzania vzniku biologicky rozložiteľných komunálnych odpadov. Bližšia špecifikácia predmetu zákazky je obsiahnutá v súťažných podkladoch.",Škatule na kompost
3259641,Obsah recyklovanej zlozky vo vyrobku v %,"Predmetom verejneho obstaravania je dodanie skatul na kompostovanie, za ucelom predchadzania vzniku biologicky rozlozitelnych komunalnych odpadov. Blizsia specifikacia predmetu zakazky je obsiahnuta v sutaznych podkladoch.",Škatule na kompost
3259656,Lehota realizácie predmetu zákazky,"Predmetom zákazky je odstránenie závady na ceste č. III/1208 v obci Rudník. Riešený úsek cesty III/1208 je vybudovaný v mieste prudkého svahu, ktorý postupom času strácal stabilitu a začal padať. Z tohto dôvodu došlo k porušeni",Práce na oprave ciest
3259778,Výška zľavy v % z Ponukového cenníka uchádzača za doplnkové tovary a služby,Bezhotovostný nákup pohonných palív - automobilového benzínu a motorovej nafty do služobných motorových vozidiel verejného obstarávateľa prostredníctvom platobných kariet uchádzača a zabezpečenie pomocou platobných palivových,Palivá
3260117,Lehota realizácie,"Predmetom stavebných práce je výstavba Domu HZS - Nízke Tatry - Jasná v danej lokalite obec Demänovská Dolina, parcelné číslo 2944/77, v katastrálnom území Demänovská Dolina je zrealizovaná pre účely vytvorenia nových priestor",Stavebné práce na budovách horskej služby
3260124,Kritérium č.5 - presná špecifikácia je uvedená v SP v prílohe č. 5 Kritériá na vyhodnotenie ponúk a v bode VI.3 tohto oznámenia,"Predmetom zákazky je :
- nákup pohonných hmôt bezolovnatý automobilový benzín podľa normy STN EN 228, motorová nafta podľa normy STN EN 590 (ďalej len PHM), a doplnkových služieb (umývanie osobných motorových vozidiel verejného",Motorová nafta
3260124,Kritérium č.1 - presná špecifikácia je uvedená v SP v prílohe č. 5 Kritériá na vyhodnotenie ponúk a v bode VI.3 tohto oznámenia,"Predmetom zákazky je :
- nákup pohonných hmôt bezolovnatý automobilový benzín podľa normy STN EN 228, motorová nafta podľa normy STN EN 590 (ďalej len PHM), a doplnkových služieb (umývanie osobných motorových vozidiel verejného",Motorová nafta
3260124,Kritérium č.2 - presná špecifikácia je uvedená v SP v prílohe č. 5 Kritériá na vyhodnotenie ponúk a v bode VI.3 tohto oznámenia,"Predmetom zákazky je :
- nákup pohonných hmôt bezolovnatý automobilový benzín podľa normy STN EN 228, motorová nafta podľa normy STN EN 590 (ďalej len PHM), a doplnkových služieb (umývanie osobných motorových vozidiel verejného",Motorová nafta
3260124,Kritérium č.3 - presná špecifikácia je uvedená v SP v prílohe č. 5 Kritériá na vyhodnotenie ponúk a v bode VI.3 tohto oznámenia,"Predmetom zákazky je :
- nákup pohonných hmôt bezolovnatý automobilový benzín podľa normy STN EN 228, motorová nafta podľa normy STN EN 590 (ďalej len PHM), a doplnkových služieb (umývanie osobných motorových vozidiel verejného",Motorová nafta
3260124,Kritérium č.4 - presná špecifikácia je uvedená v SP v prílohe č. 5 Kritériá na vyhodnotenie ponúk a v bode VI.3 tohto oznámenia,"Predmetom zákazky je :
- nákup pohonných hmôt bezolovnatý automobilový benzín podľa normy STN EN 228, motorová nafta podľa normy STN EN 590 (ďalej len PHM), a doplnkových služieb (umývanie osobných motorových vozidiel verejného",Motorová nafta
3260124,Kritérium č.6 - presná špecifikácia je uvedená v SP v prílohe č. 5 Kritériá na vyhodnotenie ponúk a v bode VI.3 tohto oznámenia,"Predmetom zákazky je :
- nákup pohonných hmôt bezolovnatý automobilový benzín podľa normy STN EN 228, motorová nafta podľa normy STN EN 590 (ďalej len PHM), a doplnkových služieb (umývanie osobných motorových vozidiel verejného",Motorová nafta
3260124,Kritérium č.7 - presná špecifikácia je uvedená v SP v prílohe č. 5 Kritériá na vyhodnotenie ponúk a v bode VI.3 tohto oznámenia,"Predmetom zákazky je :
- nákup pohonných hmôt bezolovnatý automobilový benzín podľa normy STN EN 228, motorová nafta podľa normy STN EN 590 (ďalej len PHM), a doplnkových služieb (umývanie osobných motorových vozidiel verejného",Motorová nafta
3260126,Koeficient Kpl pre plyn,Predmetom zadávania zákazky je dodávka zemného plynu vrátane prenesenia zodpovednosti odberateľa na dodávateľa v plnom rozsahu za odchýlku pre všetky odberné miesta verejného obstarávateľa v rozsahu a podľa obchodných podmienok p,Zemný plyn
3260141,Najnižšia výška provízie vyjadrená v percentách so zaokrúhlením na dve desatinné miesta.,"Predmetom zákazky je zabezpečenie elektronických stravovacích kariet, ktoré nemajú charakter všeobecného platobného prostriedku pre zamestnancov SLOVENSKÉHO VODOHOSPODÁRSKEHO PODNIKU štátneho podniku. Podrobné vymedzenie predmetu z",Služby hromadného stravovania
3260174,Diagnostické reagencie na vykonávanie imunohematologických vyšetrení u darcov krvi (špecifikované v súťažných podkladoch v bode 2.1.1. časti C. Opis predmetu zákazky) majú po ich otvorení stabilitu (doba použiteľnosti po otvorení) minimálne 24 hodín,Predmetom zákazky je dodanie diagnostických reagencií in vitro (ďalej len diagnostiká) a spotrebného materiálu na vykonávanie požadovaných imunohematologických vyšetrení u darcov krvi na prenajatých plnoautomatických analyzátoroc,Diagnostický spotrebný materiál
3260174,"Diagnostické reagencie (antiséra so známou protilátkou) na vykonávanie imunohematologických vyšetrení u darcov krvi (špecifikované v súťažných podkladoch v bode 2.1.1. písmeno a), b), c) a e) časti C. Opis predmetu zákazky) sa vkladajú do plnoautomatického analyzátora v originálnych, výrobcom predvyplnených nosičoch, označených čiarovým kódom (napr. na predvyplnených mikrotitračných platniach, kartách s reagenčnými stĺpcami a pod.) bez nutnosti tieto reagencie ďalej rozpĺňať (pipetovať) do sekundárnych nosičov",Predmetom zákazky je dodanie diagnostických reagencií in vitro (ďalej len diagnostiká) a spotrebného materiálu na vykonávanie požadovaných imunohematologických vyšetrení u darcov krvi na prenajatých plnoautomatických analyzátoroc,Diagnostický spotrebný materiál
3260188,Položka č. 7: PRÍSTROJ (lis) na automatickú separáciu krvných zložiek má splnenú vlastnosť č. 7.15 (prístroj má minimálne 5 zatavovacích hlavíc hadičiek používaných na spracovanie jedného primárneho vaku. Každá zatavovacia hlavica má funkciu zvukového alarmu pre kontrolu správneho založenia hadičky a takisto integrované senzory na detekciu a kontrolu možnej kontaminácie erytrocytmi).,"Predmetom zákazky sú vaky na odber a spracovanie celej krvi na výrobu transfúznych liekov, laboratórne filtre na deleukotizáciu transfúznych liekov a poolovacie sety na prípravu zmesných trombocytov a prenájom prístrojov (lisov) na au",Vaky na krv
3260188,Položka č. 1: TROJVAK s hornou a dolnou výpusťou má splnenú vlastnosť č. 1.14 (má úchopovú časť odberovej ihly s dĺžkou minimálne 4 cm). Zároveň položka č. 2: ŠTVORVAK s in line filtrom na erytrocyty s hornou a dolnou výpusťou má splnenú vlastnosť č. 2.18 (má úchopovú časť odberovej ihly s dĺžkou minimálne 4 cm). Zároveň položka č. 3: ŠTVORVAK s hornou a dolnou výpusťou má splnenú vlastnosť č. 3.14 (má úchopovú časť odberovej ihly s dĺžkou minimálne 4 cm).,"Predmetom zákazky sú vaky na odber a spracovanie celej krvi na výrobu transfúznych liekov, laboratórne filtre na deleukotizáciu transfúznych liekov a poolovacie sety na prípravu zmesných trombocytov a prenájom prístrojov (lisov) na au",Vaky na krv
3260188,Položka č. 1: TROJVAK s hornou a dolnou výpusťou má splnenú vlastnosť č. 1.15 (ochranný kryt použitej ihly je integrovaný v úchopovej časti ihly). Zároveň položka č. 2: ŠTVORVAK s in line filtrom na erytrocyty s hornou a dolnou výpusťou má splnenú vlastnosť č. 2.19 (ochranný kryt použitej ihly je integrovaný v úchopovej časti ihly). Zároveň položka č. 3: ŠTVORVAK s hornou a dolnou výpusťou má splnenú vlastnosť č. 3.15 (ochranný kryt použitej ihly je integrovaný v úchopovej časti ihly).,"Predmetom zákazky sú vaky na odber a spracovanie celej krvi na výrobu transfúznych liekov, laboratórne filtre na deleukotizáciu transfúznych liekov a poolovacie sety na prípravu zmesných trombocytov a prenájom prístrojov (lisov) na au",Vaky na krv
3260188,"Položka č. 1: TROJVAK s hornou a dolnou výpusťou má splnenú vlastnosť č. 1.16 (uzáver, resp. uzavretie hadičky, umožňujú otvorenie prietoku u primárneho odberovému vaku a vaku s resuspenzným roztokom určeného zároveň na skladovanie a podanie erytrocytov inak ako s použitím zalamovacej kanyly). Zároveň položka č. 2: ŠTVORVAK s in line filtrom na erytrocyty s hornou a dolnou výpusťou má splnenú vlastnosť č. 2.20 (uzáver, resp. uzavretie hadičky, umožňujú otvorenie prietoku u primárneho odberovému vaku, vaku na erytrocyty a vaku s resuspenzným roztokom inak ako s použitím zalamovacej kanyly). Zároveň položka č. 3: ŠTVORVAK s hornou a dolnou výpusťou má splnenú vlastnosť č. 3.16 (uzáver, resp. uzavretie hadičky, umožňujú otvorenie prietoku u primárneho odberovému vaku a vaku s resuspenzným roztokom určeného zároveň na skladovanie a podanie erytrocytov inak ako s použitím zalamovacej kanyly).","Predmetom zákazky sú vaky na odber a spracovanie celej krvi na výrobu transfúznych liekov, laboratórne filtre na deleukotizáciu transfúznych liekov a poolovacie sety na prípravu zmesných trombocytov a prenájom prístrojov (lisov) na au",Vaky na krv
3260189,Lehota dodania predmetu zákazky,"Predmetom verejného obstarávania je dodávka nových terénnych automobilov Pick-up 4x4 vrátane technických dokladov a povinného príslušenstva vrátane daňových poplatkov a ďalších nákladov spojených s dodávkou, vrátane vykonania",Pikapy
3260189,Užitočné zaťaženie vozidla,"Predmetom verejného obstarávania je dodávka nových terénnych automobilov Pick-up 4x4 vrátane technických dokladov a povinného príslušenstva vrátane daňových poplatkov a ďalších nákladov spojených s dodávkou, vrátane vykonania",Pikapy
3260189,Bezpečnosť podľa testu bezpečnosti Euro NCAP,"Predmetom verejného obstarávania je dodávka nových terénnych automobilov Pick-up 4x4 vrátane technických dokladov a povinného príslušenstva vrátane daňových poplatkov a ďalších nákladov spojených s dodávkou, vrátane vykonania",Pikapy
3260190,Lehota dodania tovaru,Dodávka nových hydraulických rúk typu Z pre nakladanie a manipuláciu s drevom.,Hydraulické zariadenia
3260191,Spotreba PHM,"Predmetom verejného obstarávania je dodávka 50 ks nových kolesových nakladačov pre nakladanie a manipuláciu s drevom a iné komunálne práce vrátane daňových poplatkov a ďalších nákladov spojených s dodávkou, vrátane všetkých",Čelné lopatové nakladače
3260191,Lehota dodania tovaru,"Predmetom verejného obstarávania je dodávka 50 ks nových kolesových nakladačov pre nakladanie a manipuláciu s drevom a iné komunálne práce vrátane daňových poplatkov a ďalších nákladov spojených s dodávkou, vrátane všetkých",Čelné lopatové nakladače
3260227,Doba realizácie diela v dňoch,"Predmetom zákazky je novostavba materskej školy - jednopodlažná budova 2-triednej škôlky pre 2 x 20 detí.
Stavba sa skladá z jedného stavebného objektu - Stavebný objekt SO-01.

Bližšia špecifikácia je uvedená v súťažných",Stavebné práce na stavbe budov materských škôl
3260252,lehota výstavby,"Predmetom zákazky sú stavebné práce pod názvom:

Bližšie k práci, Zdravšie v živote cyklistická doprava IV. Etapa",Stavebné práce na stavbe cyklistických trás
3260292,Lehota realizácie prác,Zámerom verejného obstarávateľa sú stavebné úpravy budovy obecného úradu,Stavebné práce
3260383,Vzdialenosť skládky od mesta Sereď,Predmetom zákazky je zneškodňovanie komunálneho odpadu z mesta Sereď skládkovaním na roky 2020 a 2021.,Likvidácia tuhého komunálneho odpadu
3260441,Lehota výstavby v  dňoch,Existujúca budova internátu má päť nadzemných podlaží. Na prízemí sa nachádzajú vstupné priestory a priestory zabezpečujúce prevádzku objektu. Na zvyšných štyroch podlažiach sa nachádzajú ubytovacie bunky so zázemím. Jedn,Stavebné práce
3260480,Lehota výstavby v pracovných dňoch,"Predmetom zákazky je zlepšenie energetickej hospodárnosti budovy Obecného úradu podľa projektovej dokumentácie.
Podrobne je predmet zákazky opísaný v časti B.1 týchto súťažných podkladov.",Stavebné práce
3260509,Doba realizácie diela v dňoch,"Predmetom zákazky sú stavebné práce týkajúce sa zníženia energetickej náročnosti objektu výrobná hala na parcele č. 2285/67. Stavebné práce zahŕňajú zateplenie obvodového plášťa, zateplenie strešného plášťa, výmenu ot",Stavebné práce na stavbe budov
3260561,Výška poistky pre ochranu predmetu zákazky v eur/rok,"Systematická odborná kontrola, diagnostika a ošetrenie filmových materiálov archívneho fondu, ich obnova a prepis k sprístupňovaniu. Predmetom spracovania sú filmy zhotovené na triacetáte celulózy a tiež na nitrocelulózovej podlož",Filmové služby a videoslužby
3260615,Lehota výstavby v pracovných dňoch,Predmetom zákazky je zníženie energetickej náročnosti kultúrneho domu podľa projektovej dokumentácie.,Stavebné práce
3260704,Lehota dodania v kalendárnych dňoch,"Predmetom zákazky je obnova Obecného úradu v obci Chotín, najmä zateplenie fasády, rekonštrukcia strechy, zateplenie podkrovia, výmena okien a rekonštrukcia vykurovania. Bližšia špecifikácia predmetu zákazky je obsiahnutá v súťa",Stavebné práce
3260870,Obsah recyklovanej zložky vo výrobku v %,"Predmetom verejneho obstaravania je dodanie skatul na kompostovanie, za ucelom predchadzania vzniku biologicky rozlozitelnych komunalnych odpadov. Blizsia specifikacia predmetu zakazky je obsiahnuta v sutaznych podkladoch.",Škatule na kompost
3260895,Hmotnosť hydraulickej ruky,"Predmetom verejného obstarávania je dodávka nových hydraulických rúk typu Z pre nakladanie a manipuláciu s drevom vrátane daňových poplatkov a ďalších nákladov spojených s dodávkou, vrátane všetkých nákladov dopravy na miesto",Hydraulické zariadenia
3260895,Lehota dodania predmetu zákazky,"Predmetom verejného obstarávania je dodávka nových hydraulických rúk typu Z pre nakladanie a manipuláciu s drevom vrátane daňových poplatkov a ďalších nákladov spojených s dodávkou, vrátane všetkých nákladov dopravy na miesto",Hydraulické zariadenia
3260899,Lehota dodania tovaru,"Predmetom verejného obstarávania je uzavretie kúpnej zmluvy na dodávku dvoch kusov nových lesných kolesových traktorov s príslušenstvom vrátane technických dokladov od traktorov, osvedčení o evidencii vozidla a povinného prísluše",Traktory/ťahače
3260984,Lehota výstavby v kalendárnych dňoch,"SO 01 Internát: 
Jedná sa o budovu internátu, so štyrmi nadzemnými podlažiami a jedným čiastočným podzemným podlažím, v ktorej je navrhovaná prestavba vytypovaných vnútorných priestorov a prístavba schodiska s technickým záz",Stavebné práce
3260985,Lehota výstavby v kalendárnych dňoch,"Jedná sa o existujúcu stavbu, ktorá je situovaná cca 170 m, 2 min. pešej chôdze od budovy internátu. V budove sú situované učebne praktického vyučovania pre uč. odbor 6445 H 00 Kuchár a uč. odbor 6489 H 00 Hostinský. 
V rámci r",Stavebné práce
3261013,Lehota realizácie prác,Predmetom zákazky je zvýšenie energetickej účinnosti budovy kultúrneho domu v obci Streda nad Bodrogom,Stavebné práce
3261157,"Lehota potrebná na realizáciu, dokončenie a odovzdanie diela objednávateľovi (v mesiacoch)",Predmetom obstarávania sú stavebné práce realizácia diela s názvom Rekonštrukcia budovy ADALBERTÍNUM riešenie havarijného stavu strechy v súlade s vypracovanou projektovou dokumentáciou pre SP a stavebným povolením č. OSaZP/878-22,Stavebné práce na stavbe budov univerzít
3261187,Lehota realizácie,Projekt rieši prestavbu a nadstavbu jestvujúceho pavilónu D a návrh opatrení na zníženie jeho energetickej náročnosti. Navrhuje sa zastavanie jestvujúcej terasy na prízemí a nadstavba objektu za účelom zvýšenia kapacity daného p,Stavebné práce na stavbe budov materských škôl
3261216,Lehota uskutočnenie predmetu zákazky v celých kalendárnych dňoch,Predmetom zákazky sú súvislé opravy ciest II. a III. triedy 53 (44 + 9 opcií) vybraných úsekov ciest na území Trenčianskeho samosprávneho kraja. Účelom opráv je predovšetkým odstránenie porúch krytu vozovky pomocou betónovo-as,Práce na ceste
3261253,Lehota dodania tovaru v kalendárnych dňoch,"Predmetom obstarávania je nákup zariadení: CNC nárezové centrum, CNC obrábacie centrum pre vŕtanie, frézovanie, drážkovanie a nastreľovaním kolíkov, Olepovačka na zefektívnenie výroby. Presná špecifikácia strojov je uvedená v",Rôzne špeciálne strojové zariadenia
3261299,Lehota realizácie,Materská škola sa nachádza na ulici Železničnej v Považskej Bystrici na sídlisku Stred. Materská škola pozostáva zo štyroch učebňových pavilónov (tri 2-podlažné + jeden prízemný) a prízemného hospodárskeho pavilónu. Dispoz,Stavebné práce na stavbe budov
3261361,Lehota realizacie prác,Zámerom verejného obstarávateľa sú stavebné úpravy budovy základnej umeleckej školy,Stavebné práce
3261468,Lehota realizacie prác,Zámerom verejného obstarávateľa sú stavebné úpravy obecnej budovy Pribeník,Stavebné práce
3261511,Lehota výstavby v dňoch,"Riešená stavba sa realizuje so zámerom výstavby ""Prestupného terminálu"" v rámci integrovanej dopravy v súlade s
koncepciou Košického samosprávneho kraja.
Stavba sa nachádza v intraviláne mesta Michalovce, výstavba terminálu je r",Stavebné práce
3261523,Lehota realizácie,"Dobudovanie kanalizácie a intenzifikácia čistiarne odpadových vôd v obci Dvory nad Žitavou. Bližšie informácie sú
uvedené v súťažných podkladoch.",Stavebné práce na stavbe kanalizácie
3261539,Lehota realizacie prác,Predmetom tejto zákazky je zníženie energetickej náročnosti a s tým spojené zníženie spotreby energie na vykurovanie. Predmetom riešenia je teda zmena neefektívneho zdroja kúrenia a zateplenie objektu.,Stavebné práce
3261587,Lehota realizácie prác v týždňoch,"Predmetom zákazky je dobudovanie vodovodu v obci Varhaňovce. Podrobný opis predmetu zákazky je uvedený v
súťažných podkladoch.",Stavebné práce
3261698,2) Lehota výstavby v kalendárnych dňoch,"Predmetom zákazky: ""Zníženie energetickej náročnosti budovy SŠI v Trebišove"" je realizácia stavebných prác v súlade s vypracovaným stavebno-technickým riešením a požiadavkami vyhlasovateľa súťaže za účelom zlepšenia energe",Stavebné práce
3261827,Spotreba elektrickej energie,"Predmetom zákazky je uzavretie zmluvy v súlade s ustanovením § 56 zákona o verejnom obstarávaní za stanovených podmienok v týchto súťažných podkladoch, ktorej predmetom bude dodanie 2 kusov nových, mestských, celonízkopodlažnýc",Elektrické autobusy
3261844,dodacia lehota v mesiacoch,Predmetom zákazky je rekonštrukcia a prístavba k existujúcej Materskej škole a prebudovanie starej kotolne za novú kotolňu vrátane výmeny starého kotla na čierne uhlie za nový kotol na peletky. Podrobnejšie informácie sú uvedené,Stavebné práce
3261845,Hmotnosť hydraulickej ruky,"Predmetom verejného obstarávania je dodávka nových hydraulických rúk typu Z pre nakladanie a manipuláciu s drevom vrátane daňových poplatkov a ďalších nákladov spojených s dodávkou, vrátane všetkých nákladov dopravy na miesto",Hydraulické zariadenia
3261845,Lehota dodania tovaru,"Predmetom verejného obstarávania je dodávka nových hydraulických rúk typu Z pre nakladanie a manipuláciu s drevom vrátane daňových poplatkov a ďalších nákladov spojených s dodávkou, vrátane všetkých nákladov dopravy na miesto",Hydraulické zariadenia
3261869,"Doba poskytovania materiálovo-technickej pomoci, v rokoch","Predmet zákazky spočíva v ozvučení prízemia hľadiska a balkónu Divadla Nová scéna, ktorý rovnomerne pokryje všetky divácke miesta, minimálne v úrovni 100 dB SPL, v tolerancii maximálne od -3 do +3dB.
Z dôvodov potrieb scénogra",Prístroje na reprodukciu zvuku
3261869,"Doba nástupu na odstránenie, resp. analýzu poruchy, v dňoch","Predmet zákazky spočíva v ozvučení prízemia hľadiska a balkónu Divadla Nová scéna, ktorý rovnomerne pokryje všetky divácke miesta, minimálne v úrovni 100 dB SPL, v tolerancii maximálne od -3 do +3dB.
Z dôvodov potrieb scénogra",Prístroje na reprodukciu zvuku
3261871,Lehota realizácie prác,Predmetom zákazky je rekonštrukcia objektu komunitného centra v obci Kravany.,Stavebné práce
3261874,Lehota realizácie,"Stavebné práce na rozvodoch tepla a distribučnej výmenníkovej stanice, ktorých cieľom je efektívnejšia prevádzka
tepelného hospodárstva v meste Nováky spoločnosťou Benet, s.r.o.. rekonštrukcia CZT v konkrétne dvoch okruhoch pre",Stavebné práce na hlavnom potrubí miestneho vykurovania
3261881,Kritérium č. 6: Najkratšia lehota na vykonanie revízie MVTV v celých kalendárnych dňoch,"Predmetom zákazky s názvom ""Periodické prehliadky, revízie a opravy MVTV"" je:

(I) vykonanie periodických prehliadok v rozsahu P1 a P2 pre MVTV 01; 

(II) vykonanie periodických prehliadok v rozsahu P1, P2 a P3 pre MVTV 02 a MVTV 03; ","Opravy, údržba a súvisiace služby týkajúce sa železníc a iných zariadení"
3262010,Kritérium č. 4,"Predmetom zákazky s názvom Bezhotovostný nákup pohonných látok prostredníctvom palivových kariet je nákup pohonných látok (motorová nafta, bezolovnatý automobilový benzín s oktánovým číslom výskumnou metódou 95, bezolovnatý",Motorová nafta
3262011,Odplata za storno letenky pred odletom v EUR,"Zabezpečenie leteniek, cestovných lístkov, reportingu, kontrolno-analytického systému a ostatných súvisiacichslužieb spojených so zabezpečením zahraničných pracovných ciest zamestnancov verejného obstarávateľa.",Služby na predaj cestovných lístkov a turistických zájazdov
3262011,Odplata za každú 1 rezerváciu vytvorenú prostredníctvom on-line rezervačného systému (vygenerovanýPNR s rezervačným kódom) v EUR,"Zabezpečenie leteniek, cestovných lístkov, reportingu, kontrolno-analytického systému a ostatných súvisiacichslužieb spojených so zabezpečením zahraničných pracovných ciest zamestnancov verejného obstarávateľa.",Služby na predaj cestovných lístkov a turistických zájazdov
3262011,Odplata za zmenu letenky rezervovanej prostredníctvom on-line rezervačného systému po odlete v EUR,"Zabezpečenie leteniek, cestovných lístkov, reportingu, kontrolno-analytického systému a ostatných súvisiacichslužieb spojených so zabezpečením zahraničných pracovných ciest zamestnancov verejného obstarávateľa.",Služby na predaj cestovných lístkov a turistických zájazdov
3262011,Odplata za uzavretie cestovného poistenia v EUR,"Zabezpečenie leteniek, cestovných lístkov, reportingu, kontrolno-analytického systému a ostatných súvisiacichslužieb spojených so zabezpečením zahraničných pracovných ciest zamestnancov verejného obstarávateľa.",Služby na predaj cestovných lístkov a turistických zájazdov
3262011,Odplata za uzavretie poistenia storna letenky z dôvodu zrušenia dôvodu cesty zo strany pozývateľa v EUR,"Zabezpečenie leteniek, cestovných lístkov, reportingu, kontrolno-analytického systému a ostatných súvisiacichslužieb spojených so zabezpečením zahraničných pracovných ciest zamestnancov verejného obstarávateľa.",Služby na predaj cestovných lístkov a turistických zájazdov
3262011,Odplata za správu a up-date profilu cestujúceho v rezervačnom systéme prostredníctvom agenta v EUR,"Zabezpečenie leteniek, cestovných lístkov, reportingu, kontrolno-analytického systému a ostatných súvisiacichslužieb spojených so zabezpečením zahraničných pracovných ciest zamestnancov verejného obstarávateľa.",Služby na predaj cestovných lístkov a turistických zájazdov
3262011,Odplata za správu a up-date profilu cestujúceho v on-line rezervačnom systéme v EUR,"Zabezpečenie leteniek, cestovných lístkov, reportingu, kontrolno-analytického systému a ostatných súvisiacichslužieb spojených so zabezpečením zahraničných pracovných ciest zamestnancov verejného obstarávateľa.",Služby na predaj cestovných lístkov a turistických zájazdov
3262011,Odplata za zmenu letenky rezervovanej prostredníctvom agenta pred odletom v EUR,"Zabezpečenie leteniek, cestovných lístkov, reportingu, kontrolno-analytického systému a ostatných súvisiacichslužieb spojených so zabezpečením zahraničných pracovných ciest zamestnancov verejného obstarávateľa.",Služby na predaj cestovných lístkov a turistických zájazdov
3262011,Odplata za zmenu letenky rezervovanej prostredníctvom agenta po odlete v EUR,"Zabezpečenie leteniek, cestovných lístkov, reportingu, kontrolno-analytického systému a ostatných súvisiacichslužieb spojených so zabezpečením zahraničných pracovných ciest zamestnancov verejného obstarávateľa.",Služby na predaj cestovných lístkov a turistických zájazdov
3262011,Odplata za zmenu letenky rezervovanej prostredníctvom on-line rezervačného systému pred odletom v EUR,"Zabezpečenie leteniek, cestovných lístkov, reportingu, kontrolno-analytického systému a ostatných súvisiacichslužieb spojených so zabezpečením zahraničných pracovných ciest zamestnancov verejného obstarávateľa.",Služby na predaj cestovných lístkov a turistických zájazdov
3262011,Odplata za storno letenky po odlete v EUR,"Zabezpečenie leteniek, cestovných lístkov, reportingu, kontrolno-analytického systému a ostatných súvisiacichslužieb spojených so zabezpečením zahraničných pracovných ciest zamestnancov verejného obstarávateľa.",Služby na predaj cestovných lístkov a turistických zájazdov
3262011,Odplata za VOID letenky do 23.00 hod. v deň vystavenia v EUR,"Zabezpečenie leteniek, cestovných lístkov, reportingu, kontrolno-analytického systému a ostatných súvisiacichslužieb spojených so zabezpečením zahraničných pracovných ciest zamestnancov verejného obstarávateľa.",Služby na predaj cestovných lístkov a turistických zájazdov
3262011,Odplata za implementáciu on-line rezervačného systému u obstarávateľa v EUR,"Zabezpečenie leteniek, cestovných lístkov, reportingu, kontrolno-analytického systému a ostatných súvisiacichslužieb spojených so zabezpečením zahraničných pracovných ciest zamestnancov verejného obstarávateľa.",Služby na predaj cestovných lístkov a turistických zájazdov
3262011,Odplata za údržbu on-line rezervačného systému u obstarávateľa na obdobie 1 kalendárneho roka v EUR,"Zabezpečenie leteniek, cestovných lístkov, reportingu, kontrolno-analytického systému a ostatných súvisiacichslužieb spojených so zabezpečením zahraničných pracovných ciest zamestnancov verejného obstarávateľa.",Služby na predaj cestovných lístkov a turistických zájazdov
3262011,Odplata za rezervovanie hotelového ubytovania prostredníctvom agenta v EUR,"Zabezpečenie leteniek, cestovných lístkov, reportingu, kontrolno-analytického systému a ostatných súvisiacichslužieb spojených so zabezpečením zahraničných pracovných ciest zamestnancov verejného obstarávateľa.",Služby na predaj cestovných lístkov a turistických zájazdov
3262011,Odplata za rezervovanie hotelového ubytovania prostredníctvom on-line rezervačného systému v EUR,"Zabezpečenie leteniek, cestovných lístkov, reportingu, kontrolno-analytického systému a ostatných súvisiacichslužieb spojených so zabezpečením zahraničných pracovných ciest zamestnancov verejného obstarávateľa.",Služby na predaj cestovných lístkov a turistických zájazdov
3262011,Odplata za zmenu rezervácie hotelového ubytovania prostredníctvom agenta v EUR,"Zabezpečenie leteniek, cestovných lístkov, reportingu, kontrolno-analytického systému a ostatných súvisiacichslužieb spojených so zabezpečením zahraničných pracovných ciest zamestnancov verejného obstarávateľa.",Služby na predaj cestovných lístkov a turistických zájazdov
3262011,Odplata za storno rezervácie hotelového ubytovania prostredníctvom agenta v EUR,"Zabezpečenie leteniek, cestovných lístkov, reportingu, kontrolno-analytického systému a ostatných súvisiacichslužieb spojených so zabezpečením zahraničných pracovných ciest zamestnancov verejného obstarávateľa.",Služby na predaj cestovných lístkov a turistických zájazdov
3262011,"Odplata za každú 1 poskytnutú službu rezervovania, vystavovania, zmeny a rušenia 1 letenky alebo 1rezervácie ubytovania mimo pracovnej doby v EUR","Zabezpečenie leteniek, cestovných lístkov, reportingu, kontrolno-analytického systému a ostatných súvisiacichslužieb spojených so zabezpečením zahraničných pracovných ciest zamestnancov verejného obstarávateľa.",Služby na predaj cestovných lístkov a turistických zájazdov
3262011,"Odplata za vystavenie letenky rezervovanej prostredníctvom on-line rezervačného systému, uvedené v % zcelkovej hodnoty","Zabezpečenie leteniek, cestovných lístkov, reportingu, kontrolno-analytického systému a ostatných súvisiacichslužieb spojených so zabezpečením zahraničných pracovných ciest zamestnancov verejného obstarávateľa.",Služby na predaj cestovných lístkov a turistických zájazdov
3262011,Odplata za údržbu kontrolného on-line systému u obstarávateľa na obdobie 1 kalendárneho roka v EUR,"Zabezpečenie leteniek, cestovných lístkov, reportingu, kontrolno-analytického systému a ostatných súvisiacichslužieb spojených so zabezpečením zahraničných pracovných ciest zamestnancov verejného obstarávateľa.",Služby na predaj cestovných lístkov a turistických zájazdov
3262011,Odplata za údržbu štatistického on-line systému u obstarávateľa na obdobie 1 kalendárneho roka v EUR,"Zabezpečenie leteniek, cestovných lístkov, reportingu, kontrolno-analytického systému a ostatných súvisiacichslužieb spojených so zabezpečením zahraničných pracovných ciest zamestnancov verejného obstarávateľa.",Služby na predaj cestovných lístkov a turistických zájazdov
3262011,"Odplata za vystavenie letenky rezervovanej prostredníctvom agenta, uvedené v % z celkovej hodnoty","Zabezpečenie leteniek, cestovných lístkov, reportingu, kontrolno-analytického systému a ostatných súvisiacichslužieb spojených so zabezpečením zahraničných pracovných ciest zamestnancov verejného obstarávateľa.",Služby na predaj cestovných lístkov a turistických zájazdov
3262011,Odplata za implementáciu kontrolného on-line systému u obstarávateľa v EUR,"Zabezpečenie leteniek, cestovných lístkov, reportingu, kontrolno-analytického systému a ostatných súvisiacichslužieb spojených so zabezpečením zahraničných pracovných ciest zamestnancov verejného obstarávateľa.",Služby na predaj cestovných lístkov a turistických zájazdov
3262011,Odplata za implementáciu štatistického on-line systému u obstarávateľa v EUR,"Zabezpečenie leteniek, cestovných lístkov, reportingu, kontrolno-analytického systému a ostatných súvisiacichslužieb spojených so zabezpečením zahraničných pracovných ciest zamestnancov verejného obstarávateľa.",Služby na predaj cestovných lístkov a turistických zájazdov
3262064,lehota výstavby v kalendárnych dňoch,"Predmetom projektu je zateplenie vonkajších fasád, stropov nad prízemím (poschodím), stropov suterénu, vnútornej steny garáže, výmeny niekoľkých okenných a dverných výplní, zateplenie podlahy v prízemí, úprava podlahy vo vstu",Stavebné práce
3262071,Lehota realizácie,"Predmetom stavebných prác je rekonštrukcia teplovodných rozvodov - vetva ""B"" kotolne K3 kde predmetom projektu je nová vetvu primárneho rozvodu vykurovania v strojovni kotolne K3 pre napojenie novo navrhovaného teplovodného rozvodu (rie",Doplnkové práce na stavbe potrubných vedení vody
3262072,Lehota dodania tovaru,"Predmetom verejného obstarávania je uzavretie kúpnej zmluvy na dodávku dvoch kusov nových lesných kolesových traktorov s príslušenstvom vrátane technických dokladov od traktorov, osvedčení o evidencii vozidla a povinného prísluše",Traktory/ťahače
3262091,lehota výstavby,"Predmetom zákazky sú stavebné práce pod názvom:
Bližšie k práci, Zdravšie v živote cyklistická doprava
Navrhovaná stavba - Cyklistická komunikácia začína pred arealom priemyselného parku v obci Vígľaš a končí pri športov",Stavebné práce na stavbe cyklistických trás
3262119,Lehota realizácie prác,"Projekt rieši významnú obnovu pre zníženie energetickej účinnosti budovy Kultúrneho domu v obci Oľšov realizáciou:
-Zateplením obvodového plášťa;
-Výmenou a zateplením strechy do exteriéru;
-Zateplením stropu nad exteriér",Stavebné práce
3262152,Najnižšia odplata za služby súvisiace so zabezpečením cestovného lístka na vlak bez DPH,"Predmetom zákazky je zabezpečenie leteniek na pravidelných a nepravidelných (charterových) leteckých linkách u pravidelných, ako aj u tzv. nízkonákladových prepravcov, pre potreby zamestnancov verejného obstarávateľa a ostatných v",Letecké dopravné služby
3262152,Najnižšia odplata za služby súvisiace so zabezpečením cestovného lístka na autobus bez DPH,"Predmetom zákazky je zabezpečenie leteniek na pravidelných a nepravidelných (charterových) leteckých linkách u pravidelných, ako aj u tzv. nízkonákladových prepravcov, pre potreby zamestnancov verejného obstarávateľa a ostatných v",Letecké dopravné služby
3262152,Najnižšia odplata  za služby súvisiace so zabezpečením  letenky bez DPH,"Predmetom zákazky je zabezpečenie leteniek na pravidelných a nepravidelných (charterových) leteckých linkách u pravidelných, ako aj u tzv. nízkonákladových prepravcov, pre potreby zamestnancov verejného obstarávateľa a ostatných v",Letecké dopravné služby
3262152,Najvyššia výška bonusu za každých  10 000 EUR obratu bez DPH,"Predmetom zákazky je zabezpečenie leteniek na pravidelných a nepravidelných (charterových) leteckých linkách u pravidelných, ako aj u tzv. nízkonákladových prepravcov, pre potreby zamestnancov verejného obstarávateľa a ostatných v",Letecké dopravné služby
3262158,Lehota dodania tovaru,"Predmetom verejného obstarávania je uzavretie kúpnej zmluvy na dodávku nových strojov pre lesné škôlky (1ks siaci stroj sedemriadkový, 1ks vyorávač sadeníc, 1ks stroj na vysádzanie odrastkov 2 riadkový, 1 ks stroj na vyzdvihovanie","Sejačky, vysadzovače a pikírovačky (presadzovačky)"
3262165,Lehota realizácie,"Predmetom zákazky je realizácia stavebných prác na významnej rekonštrukcii administratívnej budovy obecného úradu v Slavošovciach, ktorá je umiestnená na parc. č.: 375, k.ú. Slavošovce, obec Slavošovce, okres: Rožňava, kraj: Ko",Stavebné práce na stavbe budov
3262174,zľava vyjadrená v absolútnom čísle v EUR bez DPH a zaokrúhlená na 4 desatinné miesta za 1000  litrov odobraného činidla na redukciu NOx plynov,"Predmetom zákazky je nákup pohonných hmôt (bezolovnatý automobilový benzín podľa normy EN 228 a motorová nafta podľa normy EN 590, prevádzkových kvapalín a služieb súvisiacich s prevádzkou motorových vozidiel na princípe akcept",Karty na čerpanie pohonnýchlátok
3262174,"počet výdajných miest uchádzača s automat. umýv. linkou s úhradu poh. hmôt a prev. kvapalín  paliv. karitami uchádzača na území SR, kde bude aplikovaná zľava deklarovaná podľa kritérií K1 až K5","Predmetom zákazky je nákup pohonných hmôt (bezolovnatý automobilový benzín podľa normy EN 228 a motorová nafta podľa normy EN 590, prevádzkových kvapalín a služieb súvisiacich s prevádzkou motorových vozidiel na princípe akcept",Karty na čerpanie pohonnýchlátok
3262174,zľava vyjadrená v absolútnom čísle v EUR bez DPH a zaokrúhlená na 4 desatinné miesta za 1000  litrov odobraného benzínu/prémiového benzínu,"Predmetom zákazky je nákup pohonných hmôt (bezolovnatý automobilový benzín podľa normy EN 228 a motorová nafta podľa normy EN 590, prevádzkových kvapalín a služieb súvisiacich s prevádzkou motorových vozidiel na princípe akcept",Karty na čerpanie pohonnýchlátok
3262174,zľava vyjadrená v absolútnom čísle v EUR bez DPH a zaokrúhlená na 4 desatinné miesta za 1000  litrov odobranej motorovej nafty/ prémiovej motorovej nafty,"Predmetom zákazky je nákup pohonných hmôt (bezolovnatý automobilový benzín podľa normy EN 228 a motorová nafta podľa normy EN 590, prevádzkových kvapalín a služieb súvisiacich s prevádzkou motorových vozidiel na princípe akcept",Karty na čerpanie pohonnýchlátok
3262192,"Reakčný čas v prípade vzniku  naliehavej, resp. mimoriadnej udalosti...","Predmetom zákazky je správa nehnuteľného majetku Slovenskej pošty, a.s., na obdobie rokov 2018 - 2022",Opravy a údržba vnútornej inštalácie budov
3262195,"Reakčný čas v prípade vzniku  naliehavej, resp. mimoriadnej udalosti","Predmetom zákazky sú:
-komplexné opravy, údržba, servis nehnuteľného a hnuteľného majetku užívaného obstarávateľom vrátane dodávky spotrebného materiálu a náhradných dielov vo všetkých objektoch užívaných obstarávateľ",Opravy a údržba vnútornej inštalácie budov
3262242,Lehota výstavby v dňoch,"Súčasťou stav. úprav bude demontáž bleskozvodu, odvodnenia strechy, strešnej krytiny, degradovaného debnenia, odstránenie omietky stien vykierov, demontáž opláštenia z drevotrieskových dosiek. Vyhotovenie nového odvodnenia strechy",Stavebné práce
3262339,Výška odmeny z predaja stávok číselných lotérii uvedená v percentách,"Predmetom zákazky je zabezpečenie podpory prevádzkovania hazardnej hry s názvom Nové dni štastia. Spoločnosť TIPOS, národná lotériová spoločnosť, a. s. bude držiteľ licencie udelenej v zmysle zákona č. 171/2005 Z. z. o hazardn",Služby krátkych textových správ (SMS)
3262339,Výška odmeny za predaj žrebov z emisie elektronických žrebov okamžitej lotérie prostredníctvom krátkej textovej správy uvedená v percentách,"Predmetom zákazky je zabezpečenie podpory prevádzkovania hazardnej hry s názvom Nové dni štastia. Spoločnosť TIPOS, národná lotériová spoločnosť, a. s. bude držiteľ licencie udelenej v zmysle zákona č. 171/2005 Z. z. o hazardn",Služby krátkych textových správ (SMS)
3262349,Lehota výstavby v dňoch,"Predmetom zákazky je komplexná rekonštrukcia budovy Obecného úradu Nové Sady po požiari a to obnova strechy, vonkajších múrov, zateplenia a súvisiacich konštrukcií, t.j. kompletná obnova budovy z vonkajšej strany, rekonštrukciou",Stavebné práce na stavbe budov
3262392,Lehota,"Zámerom investora obnoviť fasádu budovy, zateplenie stropu nad posledným
podlažím, výmena okien a dverí na fasáde, výmena kotlov a vykurovacích telies, výmena svietidiel a úsporných žiaroviek, tak aby sa týmito opatreniami zní",Stavebné práce
3262450,Lehota výstavby v  dňoch,Plánovaný zámer bude realizovaný čiastočne v zastavanom území v juhozápadnej časti obce na Priemyselnej ulici a v nezastavanom území pozdĺž štátnej cesty III. triedy č. 1356 a pozdĺž poľnej cesty smerom k časti obce Sedín.,Stavebné práce
3262550,Lehota realizácie,"Predmetom stavebných práce je rekonštrukcia obecného úradu, ktorý sa nachádza pod súpisným číslom 150 v obci Malá Hradná. Areál obecného úradu sa nachádza na parcelách č. 714/3, 6, pričom budova obecného úradu má parcelné",Stavebné práce na stavbe budov
3262571,Lehota výstavby v kalendárnych dňoch,Zámerom investora v priamej súčinnosti so zástupcami Mesta a Nitrianskeho samosprávneho kraja je vybudovanie modernej autobusovej stanice v súlade s požiadavkami nariadenia Európskeho parlamentu a Rady (EÚ) č.181/2011 o právach cestuj,Stavebné práce
3262653,Lehota výstavby v dňoch,"Riešená stavba sa realizuje so zámerom výstavby ""Prestupného terminálu"" v rámci integrovanej dopravy v súlade s koncepciou Košického samosprávneho kraja. 
Stavba sa nachádza v intraviláne mesta Michalovce, výstavba terminálu je r",Stavebné práce
3262749,Lehota realizácie,"Predmetom zákazky je realizácia stavebných prác na významnej rekonštrukcii verejnej budovy vo Fričovciach, ktorá je umiestnená na parc. č.: 366, katastrálne územie: Fričovce, obec: Fričovce, okres: Prešov, kraj: Prešovský, v rá",Stavebné práce na stavbe budov
3262756,Lehota dodania,"Vertikálne CNC frézovacie zariadenie vybavené riadiacim systémom pre použitie CNC programov.
Zákazka realizovaná v elektronickom systéme IS EVO ver. 18.0 , reverzná verejná súťaž",Obrábacie centrá (strediská)
3262767,Obsah recyklovanej zlozky vo vyrobku v %,"Predmetom verejneho obstaravania je dodanie skatul na kompostovanie, za ucelom predchadzania vzniku biologicky rozlozitelnych komunalnych odpadov. Blizsia specifikacia predmetu zakazky je obsiahnuta v sutaznych podkladoch.",Škatule na kompost
3262853,Lehota realizacie prác,Zámerom verejného obstarávateľa sú stavebné úpravy Obecného úradu a Kultúrneho domu Valaliky,Stavebné práce
3262894,Lehota realizácie,"Predmetom stavebných prác je výstavba časti cyklistickej komunikácie, na ktorú bolo vydané stavebné povolenie. Predmetom PD je výstavba úseku ""B"" cyklistickej komunikácie medzi MsÚ v Poprade a mostom na Ul. Športovej pri
Aquacity.",Stavebné práce na stavbe cyklistických trás
3262956,Lehota realizácie,"Predmetom zákazky je realizácia stavebných prác na významnej rekonštrukcii budovy obecného úradu v Kručove, ktorá je umiestnená na parc. č.: 63, k.ú.: Kručov, obec: Kručov, okres: Stropkov, kraj: Prešovský, v rámci schválenej",Stavebné práce na stavbe budov
3262957,lehota uskutočnenia stavebných prác v mesiacoch,"Predmetom zadávania zákazky sú stavebné práce spočívajúce v realizácii prístavby k jestvujúcej základnej škole nachádzajúcej sa na ul. SNP 106/121 v Rozhanovciach. 
Podrobné vymedzenie predmetu zákazky, vrátane požiadaviek a",Stavebné práce
3262959,Celkové ročné úspory,"Predmetom zákazky je návrh a realizácia opatrení na zvýšenie prevádzkovej efektívnosti NsP Nové Zámky. Podstatou premetu zákazky je, že objem potenciálnych úspor prevádzkových nákladov umožňuje využiť pre realizáciu potrebn",Energetika a súvisiace služby
3262962,Lehota realizácie,"Predmetom zákazky je realizácia stavebných prác na významnej rekonštrukcii budovy obecného úradu vo Vyšnom
Hrušove, ktorá je umiestnená na parc. č.: 1, k.ú.: Vyšný Hrušov, obec: Vyšný Hrušov, okres: Humenné, kraj: Prešovsk",Stavebné práce na stavbe budov
3262969,Lehota realizácie,"Predmetom zákazky sú stavebné práce na pôvodnom objekte a to v hlavnej miere znížením energetickej náročnosti budovy zlepšením tepelno-izolačných vlastností obvodových konštrukcií obvodového muriva a opláštenia haly, šikmej","Stavebné práce na stavbe komerčných budov, obchodných domov a priemyselných budov, budovách súvisiacich s dopravou"
3262970,Lehota realizácie,"Stavebné práce na objektoch spoločnosti Orvex, spol. s .r.o., ktorých cieľom je zníženie energetickej náročnosti. Bližšie informácie sú uvedené v súťažných podkladoch.","Stavebné práce na stavbe komerčných budov, obchodných domov a priemyselných budov, budovách súvisiacich s dopravou"
3263015,Ročná garantovaná energetická úspora,Predmetom zákazky je navrhnutie a realizácie opatrení na zvýšenie energetickej efektívnosti Mestskej krytej plavárne v Košiciach prostredníctvom poskytnutia garantovanej energetickej služby (ďalej len GES).Podstatou GES je poskytnutie,Energetika a súvisiace služby
3263165,Lehota realizácie,"Stavebné práce na objektoch spoločnosti AUTOCOM s.r.o., ktorých cieľom je zníženie energetickej náročnosti. Bližšie informácie sú uvedené v súťažných podkladoch.","Stavebné práce na stavbe komerčných budov, obchodných domov a priemyselných budov, budovách súvisiacich s dopravou"
3263273,vzdialenosť skládky v km,"Predmetom zákazky je uskladnenie komunálneho odpadu, drobného stavebného odpadu a ostatného odpadu z miest a obcí: Krompachy, Spišské Vlachy, Spišské Podhradie, Bystrany, Hincovce, Olcnava, Beharovce, Granč-Petrovce, Žehra, Kolinovce",Likvidácia a spracovanie odpadu
3263328,Lehota realizácie,"Predmetom zákazky je realizácia stavebných prác na významnej rekonštrukcii budovy obecného úradu a materskej školy v obci Tisinec , ktorá je umiestnená na parc. č.: 146, 147/1, k katastrálne územie: Tisinec, obec: Tisinec, okres: S",Stavebné práce na stavbe budov
3263359,Lehota výstavby v pracovných dňoch,Novostavba materskej školy,Stavebné práce
3263386,Lehota realizácie,"Stavebné práce, ktorých predmetom je zníženie energetickej náročnosti objektu obecného úradu v obci Brvnište. Budova sa nachádza v katastri obce Brvnište, okres Považská Bystrica. Pôdorysné rozmery sú 11,60 x 19,07 m. Má dve na",Stavebné práce na stavbe budov
3263395,Lehota výstavby v pracovných dňoch,Projekt rieši zateplenie a výmenu vykurovacích telies základnej školy.,Stavebné práce
3263445,Najkratšia lehota realizácie prác,Zámerom verejného obstarávateľa sú stavebné úpravy budovy obecného úradu,Stavebné práce
3263551,Lehota realizácie prác,Zámerom verejného obstarávateľa sú stavebné úpravy budovy Mestského úradu v Strážskom.,Stavebné práce
3263577,Lehota výstavby v celých kalendárnych dňoch,"Predmetná projektová dokumentácia rieši celkovú obnovu budovy Spojenej školy v Košiciach so sídlom Opatovská cesta 101, 040 01 Košice za účelom zníženia jej energetickej náročnosti. Jestvujúca budova je umiestnená v intravilán",Stavebné práce
3263583,Lehota realizácie,"Predmetom prác sú stavebné úpravy obecného úradu. Budova sa nachádza na parcele č. KN 321/1 v obci Lednické Rovne. Budova je v pôvodnom riešení čiastočne podpivničená, dvojpodlažná s prevažne sedlovou strechou. Budova je člen",Stavebné práce na stavbe budov
3263705,Doba poskytovania materiálovo-technickej pomoci v rokoch s garanciou dostupnosti náhradných dielov a personálnej softvérovej podpory.,Ide o výmenu riadiaceho systému scénických zariadení v sále Opery a Baletu SND - v rámci dolných scénických zariadení a horných scénických zariadení. Dolné scénické zariadenia: výmena riadiacich systémov dolných scénických,Povelové a riadiace systémy
3263705,"Doba poskytovania materiálovo-technickej pomoci - počet dní potrebná na nástup pracovníka na odstránenie, resp.analýzu poruchy.",Ide o výmenu riadiaceho systému scénických zariadení v sále Opery a Baletu SND - v rámci dolných scénických zariadení a horných scénických zariadení. Dolné scénické zariadenia: výmena riadiacich systémov dolných scénických,Povelové a riadiace systémy
3263730,Lehota realizacie prác,Zámerom verejného obstarávateľa sú stavebné úpravy administratívnej budovy OcÚ Koškovce.,Stavebné práce
3263736,technické vyhotovenie vozidla,"Predmetom verejného obstarávania je v súlade s § 3 ods. 2 zákona č. 343/2015 Z. z. o verejnom obstarávaní a o zmene a doplnení niektorých zákonov civilná zákazka na dodanie tovaru.
Predmetom zákazky je dodanie 2 kusov nových, úp",Trolejbusy
3263776,Lehota výstavby v dňoch,"Predmetom zákazky je komplexná rekonštrukcia a modernizácia kuchyne NsP Považská Bystrica.
Podrobný opis predmetu zákazky je obsahom projektovej dokumentácie, ktorá tvorí samostatnú prílohu týchto
súťažných podkladov.",Stavebné práce
3263998,Lehota výstavby v pracovných dňoch,Predmetom zákazky je vybudovanie zberného dvora v obci podľa projektovej dokumentácie.,Stavebné práce
3263999,Lehota výstavby v pracovných dňoch,Zvýšenie kapacity Materskej školy,Stavebné práce
3264001,Lehota výstavby v dňoch,"Projektová dokumentácia rieši rekonštrukciu priestorov jestvujúceho ortopedického oddelenia na oddelenie OAIM. Dispozičnými zmenami vznikne na 1.PP v priestoroch pôvodného ortopedického oddelenia , oddelenie anestéziológie a intenz",Stavebné práce
3264002,Lehota výstavby v dňoch,"Predmetom projektu pre stavebné povolenie je rekonštrukcia jestvujúceho Interného oddelenia - muži s jednotkou intenzívnej starostlivosti v NsP Prievidza v pavilóne C na 1.NP, na jednotku intenzívnej starostlivosti s navýšením počtu",Stavebné práce
3264042,Lehota realizácie,"Predmetom stavebných prác je nadstavba, prístavba schodiska a stavebné úpravy jestvujúcej budovy Materskej školy vo Varíne, čím sa zvýši kapacita jestvujúcej materskej školy, vyriešia sa stavebnotechnické problémy jestvujúcich",Stavebné práce na stavbe budov materských škôl
3264070,Lehota realizácie,"Stavebné práce, ktorých cieľom je zníženie energetickej náročnosti budovy školy. Objekt Spojenej školy je situovaný v obytnej zóne mesta. Prístup ku škole je po miestnych komunikáciách. Je súčasťou zástavby s podobnými budov",Stavebné práce na stavbe budov
3264071,Lehota realizácie prác v týždňoch,Zámerom verejného obstarávateľa sú stavebné úpravy budovy MŠ Lesné.,Stavebné práce
3264083,Hmotnosť hydraulickej ruky pre univerzál,"Predmetom verejného obstarávania je dodávka nových hydraulických rúk typu Z pre nakladanie a manipuláciu s drevom vrátane daňových poplatkov a ďalších nákladov spojených s dodávkou, vrátane všetkých nákladov dopravy na miesto",Hydraulické zariadenia
3264083,Lehota dodania predmetu zákazky,"Predmetom verejného obstarávania je dodávka nových hydraulických rúk typu Z pre nakladanie a manipuláciu s drevom vrátane daňových poplatkov a ďalších nákladov spojených s dodávkou, vrátane všetkých nákladov dopravy na miesto",Hydraulické zariadenia
3264083,Hmotnosť hydraulickej ruky pre ťahač,"Predmetom verejného obstarávania je dodávka nových hydraulických rúk typu Z pre nakladanie a manipuláciu s drevom vrátane daňových poplatkov a ďalších nákladov spojených s dodávkou, vrátane všetkých nákladov dopravy na miesto",Hydraulické zariadenia
3264148,Lehota výstavby v kalendárnych dňoch,"Predmetom zákazky je výstavba novej cyklotrasy pre cyklistov z obce Veľké Úľany do priemyselného parku v meste Sládkovičovo o celkovej dĺžke 4,89 km.
Stavba sa nečlení na stavebné objekty, tento projekt rieši výstavbu novonavrhn",Stavebné práce
3264306,Lehota realizácie,"Predmetom zákazky je realizácia stavebných prác na prístavbe - rozšírení kapacity materskej školy, ul. Podtatranská 136/4, Poprad, na parc.č. 2594/1, katastrálne územie: Poprad, okres: Poprad, kraj: Prešovský, v rámci Žiadosti o",Stavebné práce na stavbe budov
3264325,Lehota realizácie,Zámerom verejného obstarávateľa sú stavebné úpravy budovy Obecného úradu Trstené pri Hornáde,Stavebné práce
3264357,Lehota realizácie,Zámerom verejného obstarávateľa sú stavebné úpravy budovy OcÚ Ohradzany.,Stavebné práce
3264447,Lehota výstavby v kalendárnych dňoch,Predmetom predkladaného riešenia je ďalšia výstavba kanalizácie v obci Zemné a rekonštrukcia zvyšovacích čerpacích staníc. Bližšia špecifikácia rozsahu stavebných prác je definovaná projektovou dokumentáciou a výkazom výme,Stavebné práce
3264520,Lehota realizácie,"Predmetom zákazky je realizácia stavebných prác na významnej rekonštrukcii budovy obecného úradu v Železníku, ktorá je umiestnená na parc. č.: 1, katastrálne územie: Železník, obec: Železník, okres: Svidník, kraj: Prešovský",Stavebné práce na stavbe budov
3264621,Lehota dodania,"Verejný obstarávateľ Obec Jasenov - požaduje dodanie predmetu zákazky 521 ks kompostérov pre obec Jasenov v záujme predchádzania vzniku biologicky rozložiteľných komunálnych odpadov, v rámci projektu financovaného prostredníctvom",Škatule na kompost
3264701,Lehota výstavby v dňoch,"Cieľom projektu je zníženie energetickej náročnosti budovy materskej školy, zhodnotenie stavu obalových konštrukcií posudzovaného objektu z hľadiska navrhnutého optimálneho riešenia stavebných úprav konštrukcií na zníženie en",Stavebné práce
3264717,Cana za velkodber,"Z E M N Ý P L Y N

Opis predmetu zákazky:

1. Predmetom zákazky je dodávka zemného plynu vo veľkoodbere do odberného miesta 
Verejného obstarávateľa, vrátane prepravy a distribúcie, prevzatia zodpovednosti za 
odchýlku, v kval",Zemný plyn
3264764,Výška variabilnej odmeny,"Predmetom zákazky je poskytovanie služieb riadenia v zdravotníckych zariadeniach v zriaďovateľskej pôsobnosti TSK 
Nemocnica s poliklinikou Myjava, Staromyjavská 59, 907 01 Myjava
Nemocnica s poliklinikou Prievidza so sídlom v Bojnicia",Správcovské služby
3264764,Výška mesačnej ( paušálnej ) odmeny,"Predmetom zákazky je poskytovanie služieb riadenia v zdravotníckych zariadeniach v zriaďovateľskej pôsobnosti TSK 
Nemocnica s poliklinikou Myjava, Staromyjavská 59, 907 01 Myjava
Nemocnica s poliklinikou Prievidza so sídlom v Bojnicia",Správcovské služby
3264783,Lehota dodania,Verejný obstarávateľ Združenie mikroregiónu BESKYD - požaduje dodanie predmetu zákazky 1 285 ks kompostérov pre obce Združenia mikroregiónu BESKYD podľa prehľadu rozdelenia kompostérov v záujme predchádzania vzniku biologicky rozl,Škatule na kompost
3264784,Lehota dodania,Verejný obstarávateľ Združenie mikroregiónu KAŠTIELIK - požaduje dodanie predmetu zákazky 548 ks kompostérov pre obce Združenia mikroregiónu KAŠTIELIK podľa prehľadu rozdelenia kompostérov v záujme predchádzania vzniku biologick,Škatule na kompost
3264882,Obsah recyklovanej zlozky vo vyrobku v %,"Predmetom verejneho obstaravania je dodanie skatul na kompostovanie, za ucelom predchadzania vzniku biologicky rozlozitelnych komunalnych odpadov. Blizsia specifikacia predmetu zakazky je obsiahnuta v sutaznych podkladoch.",Škatule na kompost
3264911,Poistenie zodpovednosti za škody súvisiace s ochranou údajov a kybernetických rizík,"Predmetom tejto zákazky je poistenie zodpovednosti za škodu, ktorá vznikla iným fyzickým a právnickým osobám na veci a zdraví v súvislosti s poskytovaním dopravných služieb v osobnej doprave na železničnej dráhe vo vnútroštátn",Všeobecné poistenie zodpovednosti
3264948,Skúsenosti projektového technika,"Predmetom zákazky sú všetky potrebné činnosti, ktorých výsledkom bude spracovanie Vypracovanie dokumentácie pre rozvoj Nemocnice Poprad a.s., - Generel funkčného a priestorového usporiadania. 
Súčasťou zadania budú nasledujúce ",Poradenské služby v oblasti všeobecného podnikania a riadenia
3265007,Lehota výstavby vyjadrená v pracovných dňoch,Predmetom zákazky je komplexná prestavba objektu bývalých kasární na bytový dom. Prestavbou sa v objekte vytvorí 63 bytových jednotiek prístupných tromi samostatnými vchodmi. Podrobný opis predmetu obstarávania je uvedený v projek,Stavebné práce
3265106,Podiel recyklovanej zlozky vo vyrobku,Predmetom zakazky je dodavka dvoch typov škátůľ na kompost pre zabezpečenie potrieb mikroregiónu Bystrická dolina na predchádzanie vzniku biologicky rozložiteľných komunálnych odpadov. Blizsie informacie su uvedene v sutaznych podkla,Škatule na kompost
3265121,Lehota realizácie,"Predmetom zákazky je rekonštrukcia vonkajších podzemných tepelných sieti na Robotníckej
a Hviezdoslavovej ulici v Senici, rekonštrukcia je vyvolaná havarijným stavom existujúcich rozvodov. Jedná sa
o sekundárne tepelné rozvody z",Stavebné práce na kladení potrubného vedenia
3265176,Obsah recyklovanej zlozky vo vyrobku v %,"Predmetom verejného obstarávania je dodanie škatúľ na kompostovanie, za účelom predchadzania vzniku biologicky rozlozitelnych komunalnych odpadov. Blizsia specifikacia predmetu zakazky je obsiahnuta v sutaznych podkladoch.",Škatule na kompost
3265183,Lehota výstavby v dňoch,"Projekt rieši návrh rekonštrukcie obvodového plášťa jestvujúceho pavilónu SPŠ v Považskej Bystrici za účelom zníženia energetickej náročnosti budovy.

Bližšia špecifikácia predmetu zákazky je uvedená v projektovej dokume",Stavebné práce
3265311,Lehota dodania tovaru,"Predmetom verejného obstarávania je uzavretie kúpnej zmluvy na dodávku nového lesného kolesového traktora s
príslušenstvom vrátane technických dokladov od traktora, osvedčení o evidencii vozidla a povinného príslušenstva. Cena m",Traktory/ťahače
3265314,Lehota výstavby v kalendárnych dňoch,"Predmetom zákazky je prístavba a prestavba Materskej školy, nachádzajúcej sa v centre obce Veľké Úľany. Riešená prístavba materskej školy je pristavaná k objektu existujúcej materskej školy. Účelom navrhovanej prístavby je zí",Stavebné práce
3265432,Emisie CO,"Predmetom verejného obstarávania je dodávka nových nákladných automobilov so špeciálnymi nadstavbami určených
na letnú a zimnú údržbu lesnej dopravnej siete.",Vozidlá na zimnú údržbu ciest
3265432,Emisie NOx,"Predmetom verejného obstarávania je dodávka nových nákladných automobilov so špeciálnymi nadstavbami určených
na letnú a zimnú údržbu lesnej dopravnej siete.",Vozidlá na zimnú údržbu ciest
3265432,Spotreba PHM,"Predmetom verejného obstarávania je dodávka nových nákladných automobilov so špeciálnymi nadstavbami určených
na letnú a zimnú údržbu lesnej dopravnej siete.",Vozidlá na zimnú údržbu ciest
3265432,Systém samostatne výkyvných polonáprav,"Predmetom verejného obstarávania je dodávka nových nákladných automobilov so špeciálnymi nadstavbami určených
na letnú a zimnú údržbu lesnej dopravnej siete.",Vozidlá na zimnú údržbu ciest
3265485,2. vzdialenosť skládky v km,"Predmetom zákazky je uskladnenie komunálneho odpadu, drobného stavebného odpadu a ostatného odpadu z miest a obcí : Krompachy, Spišské Vlachy, Spišské Podhradie, Bystrany, Hincovce, Olcnava, Beharovce, Granč-Petrovce, Žehra, Kolinovc",Likvidácia a spracovanie odpadu
3265502,Obsah recyklovanej zlozky vo vyrobku v %,"Predmetom verejneho obstaravania je dodanie skatul na kompostovanie, za ucelom predchadzania vzniku biologicky rozlozitelnych komunalnych odpadov. Blizsia specifikacia predmetu zakazky je obsiahnuta v sutaznych podkladoch.",Škatule na kompost
3265504,Lehota realizácie,"Stavebné práce na materskej škole ktorá sa nachádza v Žabokrekoch pod súp.č.166 , v obci Žabokreky. Areál materskej školy sa nachádza na parcelách č. 66/10,13,16, budovy materskej školy majú parcelné číslo 66/13. Modernizácia",Stavebné práce na stavbe budov
3265505,Lehota realizácie,"Stavebné práce na obecnom úrade, ktorý sa nachádza pod súpisným číslom 260 v obci Bystrička. Areál obecného úradu sa nachádza na parcelách č. 120/1,2, 121, 123, 124, 125/1 pričom budova obecného úradu má parcelné číslo 124",Stavebné práce na stavbe budov
3265616,Lehota výstavby v pracovných dňoch,ZNÍŽENIE ENERGETICKEJ NÁROČNOSTI V MATERSKEJ ŠKOLE V OBCI TIBAVA,Stavebné práce
3265639,Lehota výstavby v dňoch,Predmetom zákazky je sanácia podlahy telocvične a jej odvetranie. Verejný obstarávateľ nedisponuje projektovou dokumentáciou a rozsah zákazky je definovaný jedine výkazom výmer tvoriacim prílohu súťažných podkladov.,Stavebné práce
3265727,Lehota výstavby v kalendárnych dňoch,"Predmetom zákazky sú stavebné práce zamerané na vybudovanie zberného dvora v meste Gabčíkovo. Bližšia
špecifikácia je v projektovej dokumentácii a výkaze výmer, ktoré sú súčasťou súťažných podkladov.",Stavebné práce
3265739,Podiel recyklovanej zložky vo výrobku,"Predmetom zákazky je dodanie škátúľ na kompost pre obce Združenia obcí Mikroregiónu Chopok - juh v záujme predchádzania vzniku biologicky rozložiteľných komunálnych odpadov. 
Bližšie informácie sú uvedené v súťažných podk",Škatule na kompost
3265772,Podiel recyklovanej zložky vo výrobku,"Predmetom zákazky je dodanie škátúľ na kompost pre obce Združenia obcí pre separovaný zber ""Hont - Poiplie"" v záujme predchádzania vzniku biologicky rozložiteľných komunálnych odpadov.
Bližšie informácie sú uvedené v súťaž",Škatule na kompost
3265901,Doba dodania tovaru v dňoch,"Hydro-abrazívny systém pre rezanie vodným lúčom - všestranný, vysoko výkonný systém rezania vodným lúčom - buď
čistá voda alebo hydro-abrazívne rezanie schopné splniť najrôznejšie požiadavky výroby v rôznych aplikačnýc",Obrábacie stroje
3265922,Kritérium č. 2: Navrhovaná hodnota hardware budgetu vyjadrená v EUR bez DPH,"Predmetom zákazky je poskytovanie komplexných, bezpečných a ekonomicky výhodných mobilných telekomunikačných a dátových služieb operátora prostredníctvom VPS (virtuálnej privátnej siete), t.j. vytvorenie vnútropodnikovej siete p",Telekomunikačné služby
3265988,Lehota,"Zámerom investora je zatepliť fasádu a zatepliť strechu, vymeniť výplňové
konštrukcie fasády ( okná, dvere). Súčasťou stavebných prác bude aj výmena podbitia strechy, zrekonštruovanie vstupných prístreškov a vybudovaniu ram",Stavebné práce
3266073,Podiel recyklovanej zlozky vo vyrobku,Predmetom zakazky je dodavka dvoch typov škátůľ na kompost pre zabezpečenie potrieb obce Skalité na predchádzanie vzniku biologicky rozložiteľných komunálnych odpadov. Blizsie informacie su uvedene v sutaznych podkladoch.,Škatule na kompost
3266074,Podiel recyklovanej zlozky vo vyrobku,Predmetom zakazky je dodavka dvoch typov škátůľ na kompost pre zabezpečenie potrieb obce Čierne na predchádzanie vzniku biologicky rozložiteľných komunálnych odpadov. Blizsie informacie su uvedene v sutaznych podkladoch.,Škatule na kompost
3266144,Lehota realizácie,"Navrhované stavebné úpravy spočívajú v znížení energetickej náročnosti objektu (zateplenie fasády a stropu nad
najvyšším podlažím, výmena okien, výmena elektroinštalácie vrátane osvetlenia) a v opravách alebo výmene
po",Stavebné práce na stavbe budov
3266149,Termín ukončenia - lehota dodania,"Projekt vytvorenie komunitného centra v obci Ražňany rieši stavebné úpravy a zmenu stavby bývalého kaštieľa v centrálnej časti obce, v ktorej momentálne obec poskytuje služby obecnej komunity pre rozvoj voľnočasových aktivít. T",Stavebné práce
3266223,Lehota realizácie,"Predmetné stavebné práce sa týkajú zníženia energetickej náročnosti objektu Základnej školy internátnej, ktorá sa
nachádza v centrálnej časti obce Brezolupy. Areál pozostáva so štyroch budov. Základná škola je štvorpodla",Stavebné práce na objektoch špeciálnych škôl
3266229,Obsah recyklovanej zlozky vo vyrobku v %,"Predmetom verejného obstarávania je dodanie škatúľ na kompostovanie, za účelom predchádzania vzniku biologicky rozložiteľných komunálnych odpadov. Bližšia špecifikácia predmetu zákazky je obsiahnutá v súťažných podkladoch.",Škatule na kompost
3266322,Lehota realizácie,"Projekt rieši zateplenie pôvodného objektu a spojovacej chodby Mestského úradu v Považskej Bystrici. V projektovej
dokumentácii je navrhnuté zateplenie fasády, nová omietka, zateplenie stropu v exteriéri, nové klampiarske výrobky,",Stavebné práce
3266413,Lehota výstavby v kalendárnych dňoch,"Stavebnými úpravami dôjde k zmene vonkajšieho vzhľadu, nakoľko jestvujúca fasáda bude prekrytá kontaktným zatepľovacím systémom (ETICS) s fasádnymi doskami na báze minerálnej vlny hr.180mm a novou povrchovou úpravou tenkovrstvou",Stavebné práce
3266416,Lehota výstavby v dňoch,"Rekonštrukciou oddelenia JIS budú riešené dispozičné zmeny, aby dispozícia vyhovovala platným hygienickým vyhláškam a zlepšenia podmienok pre pacientov a ich liečenia. Vytvoria sa nové deliace priečky, nové povrchy, vymenia sa ni",Stavebné práce
3266436,Obsah recyklovanej zlozky vo vyrobku v %,"Predmetom verejneho obstaravania je dodanie skatul na kompostovanie, za ucelom predchadzania vzniku biologicky rozlozitelnych komunalnych odpadov. Blizsia specifikacia predmetu zakazky je obsiahnuta v sutaznych podkladoch.",Škatule na kompost
3266456,Lehota výstavby v dňoch,"Rekonštrukciou oddelenia OAIM budú riešené dispozičné zmeny, aby dispozícia vyhovovala platným hygienickým vyhláškam a zlepšenia podmienok pre pacientov a ich liečenia.

Bližšia špecifikácia predmetu zákazky je uvedená v pro",Stavebné práce
3266508,Lehota výstavby v kalendárnych dňoch,"Predmetom zákazky je rekonštrukciou objektu budovy školskej jedálne Gymnázia Ľ. Štúra v Trenčíne, jeho zateplenie,
úpravy nadväzujúcich spevnených plôch s tým bezprostredne súvisiace a odvetranie kuchyne.
Cieľom zvolených st",Stavebné práce
3266527,Kritérium č.3 :Uprednostňuje sa analyzátor s menšími požiadavkami na priestor z dôvodu limitovaných priestorov laboratória.,"Predmetom zákazky je kúpa Biochemického analyzátora pre Nemocnicu s poliklinikou v Myjave, nemocnicu v zriaďovateľskej pôsobnosti Trenčianskeho samosprávneho kraja. Predmetom zákazky je tiež inštalácia biochemického analyzátora v",Biochemické analyzátory
3266527,Kritérium č. 4: Vyžaduje sa stanovenie parametra Vysoko citlivý Troponín .,"Predmetom zákazky je kúpa Biochemického analyzátora pre Nemocnicu s poliklinikou v Myjave, nemocnicu v zriaďovateľskej pôsobnosti Trenčianskeho samosprávneho kraja. Predmetom zákazky je tiež inštalácia biochemického analyzátora v",Biochemické analyzátory
3266572,Lehota dodania,"Verejný obstarávateľ Združenie mikroregiónu ""Údolie smrti"" - požaduje dodanie predmetu zákazky 788 ks kompostérov pre obce Združenia mikroregiónu ""Údolie smrti"" podľa prehľadu rozdelenia kompostérov v záujme predchádzania vzniku",Škatule na kompost
3266585,Lehota realizácie prác,Zámerom verejného obstarávateľa sú stavebné úpravy budovy Mestského podniku služieb v meste Strážske,Stavebné práce
3266586,Lehota realizácie prác,Zámerom verejného obstarávateľa sú stavebné úpravy budovy OcÚ Vyšná Myšľa.,Stavebné práce
3266588,Lehota realizácie prác,"Predmetom tejto zákazky je zníženie energetickej náročnosti budovy CŠPP, Bocatiova 1, Košice",Stavebné práce
3266606,Lehota realizácie prác,Prístavba a nadstavba budovy obecného úradu,Stavebné práce
3266607,Lehota realizácie prác,Predmetom zákazky je výstavba kontajnerovej školy v obci Jurské.,Stavebné práce
3266623,Lehota dodania,"Vertikálne CNC frézovacie zariadenie vybavené riadiacim systémom pre použitie CNC programov.
Zákazka realizovaná v elektronickom systéme IS EVO ver. 18.0 , reverzná verejná súťaž",Obrábacie centrá (strediská)
3266651,Obsah recyklovanej zlozky vo vyrobku v %,"Predmetom verejneho obstaravania je dodanie skatul na kompostovanie, za ucelom predchadzania vzniku biologicky rozlozitelnych komunalnych odpadov. Blizsia specifikacia predmetu zakazky je obsiahnuta v sutaznych podkladoch.",Škatule na kompost
3266758,Pohotovosť,"Predmetom verejného obstarávania je komplexný výkon zimnej údržby komunikácií III. a IV. triedy, ako i priľahlých chodníkov a parkovísk, schodov a prechodov a to pohotovosť, pluhovanie, chemický a inertný posyp, ručné a strojné",Odpratávanie snehu
3266758,Strojné výkony na chodníkoch,"Predmetom verejného obstarávania je komplexný výkon zimnej údržby komunikácií III. a IV. triedy, ako i priľahlých chodníkov a parkovísk, schodov a prechodov a to pohotovosť, pluhovanie, chemický a inertný posyp, ručné a strojné",Odpratávanie snehu
3266758,Posypový materiál,"Predmetom verejného obstarávania je komplexný výkon zimnej údržby komunikácií III. a IV. triedy, ako i priľahlých chodníkov a parkovísk, schodov a prechodov a to pohotovosť, pluhovanie, chemický a inertný posyp, ručné a strojné",Odpratávanie snehu
3266758,Výkony na komunikáciách a ich nasadenie,"Predmetom verejného obstarávania je komplexný výkon zimnej údržby komunikácií III. a IV. triedy, ako i priľahlých chodníkov a parkovísk, schodov a prechodov a to pohotovosť, pluhovanie, chemický a inertný posyp, ručné a strojné",Odpratávanie snehu
3266758,"Ručné výkony na chodníkoch, schodoch a prechodoch","Predmetom verejného obstarávania je komplexný výkon zimnej údržby komunikácií III. a IV. triedy, ako i priľahlých chodníkov a parkovísk, schodov a prechodov a to pohotovosť, pluhovanie, chemický a inertný posyp, ručné a strojné",Odpratávanie snehu
3266816,Lehota realizácie,"Predmetom zákazky je realizácia stavebných prác na obnove výrobnej budovy, ktorá je umiestnená na parc. č. 1184/27, Sabinov, katastrálne územie: Sabinov, okres: Prešov, kraj: Prešovský, v rámci Žiadosti o nenávratný finančný p",Stavebné práce na stavbe budov
3266820,Lehota realizácie prác,Predmetom zákazky je znižovanie energetickej náročnosti budovy Obecného úradu Lesíček,Stavebné práce
3266867,Lehota výstavby,"Technické riešenie spočíva v rešpektovaní súčasného stavu jestvujúcich objektov a inžinierskych sietí. Projektová dokumentácia rieši objekty, ktoré sú potrebné pre návštevníkov pútnického miesta, ktorí navštevujú pútni",Stavebné práce
3266867,Cna,"Technické riešenie spočíva v rešpektovaní súčasného stavu jestvujúcich objektov a inžinierskych sietí. Projektová dokumentácia rieši objekty, ktoré sú potrebné pre návštevníkov pútnického miesta, ktorí navštevujú pútni",Stavebné práce
3266892,Lehota realizácie,"Stavba špeciálnej základnej školy sa nachádza na ul. Gen. Svobodu, v meste Partizánske. Areál základnej školy sa
nachádza na parcele č. 4500, budovy základnej školy majú parcelné číslo 4501. Obnova a rekonštrukcia areálu a bu",Stavebné práce na objektoch špeciálnych škôl
3266982,Najdlhšia lehota bezplatného pozaručného servisu v mesiacoch,Nakup žacej techniky pre potreby podniku. Bližšia špecifikácia predmetu obstarávania je súčasťou Opisu predmetu obstarávania uvedená v súťažných podkladoch.,Žacie mechanizmy
3267009,Kritérium č. 4,"Predmetom zákazky s názvom Bezhotovostný nákup pohonných látok prostredníctvom palivových kariet je nákup pohonných látok (motorová nafta, bezolovnatý automobilový benzín s oktánovým číslom výskumnou metódou 95, bezolovnatý",Motorová nafta
3267043,Odplata za poskytnutie predmetu zákazky za cestovný lístok na vlak v eur bez DPH,Predmetom je zabezpečenie leteniek a iných cestovných dokladov súvisiacich s prepravou osôb do zahraničia pri zahraničných pracovných cestách na základe aktuálnych požiadaviek verejného obstarávateľa. Verejný obstarávateľ pož,Letecké dopravné služby
3267043,Odplata za poskytnutie predmetu zákazky za cestovný lístok na autobus v eur bez DPH,Predmetom je zabezpečenie leteniek a iných cestovných dokladov súvisiacich s prepravou osôb do zahraničia pri zahraničných pracovných cestách na základe aktuálnych požiadaviek verejného obstarávateľa. Verejný obstarávateľ pož,Letecké dopravné služby
3267043,Odplata za poskytnutie predmetu zákazky za cestovný lístok na loď/ trajekt v eur bez DPH,Predmetom je zabezpečenie leteniek a iných cestovných dokladov súvisiacich s prepravou osôb do zahraničia pri zahraničných pracovných cestách na základe aktuálnych požiadaviek verejného obstarávateľa. Verejný obstarávateľ pož,Letecké dopravné služby
3267043,Vybavenie víz - Bratislava,Predmetom je zabezpečenie leteniek a iných cestovných dokladov súvisiacich s prepravou osôb do zahraničia pri zahraničných pracovných cestách na základe aktuálnych požiadaviek verejného obstarávateľa. Verejný obstarávateľ pož,Letecké dopravné služby
3267043,Vybavenie víz - Viedeň,Predmetom je zabezpečenie leteniek a iných cestovných dokladov súvisiacich s prepravou osôb do zahraničia pri zahraničných pracovných cestách na základe aktuálnych požiadaviek verejného obstarávateľa. Verejný obstarávateľ pož,Letecké dopravné služby
3267043,Odplata za poskytnutie predmetu zákazky za letenku v eur bez DPH,Predmetom je zabezpečenie leteniek a iných cestovných dokladov súvisiacich s prepravou osôb do zahraničia pri zahraničných pracovných cestách na základe aktuálnych požiadaviek verejného obstarávateľa. Verejný obstarávateľ pož,Letecké dopravné služby
3267054,Lehota,"Samotná projektová dokumentácia je zameraná na stavebné úpravy budovy postavenej zo zmiešaného muriva, kde projekt pozostáva najmä zo zateplenia fasády, úpravy a zateplenia stropov i podhľadov (ak to umožňuje svetlá výška), úp",Stavebné práce
3267100,Lehota realizácie,"Objekt je jednopodlažný. K pôvodnej stavbe bola uskutočnená prístavba, v ktorej sa nachádza kuchyňa sociálne zariadenia ďalšia prístavba s kotolňou. Má členitý obdĺžnikový pôdorys, nosná konštrukcia je pozdĺžny murovaný",Stavebné práce na stavbe budov
3267134,Lehota realizácie,"Predmetom zákazky je realizácia stavebných prác na významnej rekonštrukcii existujúceho objektu MŠ s realizáciou
prístavby MŠ v meste Poprad, na parc. č.: KNC 383, 384/1, 382 (časť v rámci oplotenia areálu), k.ú. Veľká, okres",Stavebné práce na stavbe budov
3267201,Lehota realizácie prác,Zámerom verejného obstarávateľa sú stavebné úpravy budovy Obecného úradu a kultúrneho domu v obci Buzica.,Stavebné práce
3267209,Obsah recyklovanej zlozky vo vyrobku v %,"Predmetom verejneho obstaravania je dodanie skatul na kompostovanie, za ucelom predchadzania vzniku biologicky rozlozitelnych komunalnych odpadov. Blizsia specifikacia predmetu zakazky je obsiahnuta v sutaznych podkladoch.",Škatule na kompost
3267271,Lehota realizácie,"Predmetom stavebných prác je vytvorenie 9 nájomných bytových jednotiek prístavbou a nadstavbou budovy obecného úradu. Dôvodom prestavby je záujem obce ponúknuť mladým rodinám priestory na bývanie v obci.
Zároveň sa vyrieši zl",Stavebné práce na stavbe viacbytových budov a rodinných domov
3267340,lehota výstavby,"Predmetom zákazky sú stavebné práce v súlade s predloženou dokumentáciou: Priemyselný park Vígľaš Technická infraštruktúra, ktorú spracovala IBG HOLDING s.r.o., Bytčianska 371/121, 01003 Žilina - Považský Chlmec.",Stavebné práce na výstavbe ciest
3267368,Obsah recyklovanej zlozky vo vyrobku v %,"Predmetom verejneho obstaravania je dodanie skatul na kompostovanie, za ucelom predchadzania vzniku biologicky rozlozitelnych komunalnych odpadov. Blizsia specifikacia predmetu zakazky je obsiahnuta v sutaznych podkladoch.",Škatule na kompost
3267369,Obsah recyklovanej zlozky vo vyrobku v %,"Predmetom verejneho obstaravania je dodanie skatul na kompostovanie, za ucelom predchadzania vzniku biologicky rozlozitelnych komunalnych odpadov. Blizsia specifikacia predmetu zakazky je obsiahnuta v sutaznych podkladoch.",Škatule na kompost
3267396,Lehota dodania tovaru,"Predmetom verejného obstarávania je uzavretie kúpnej zmluvy na dodávku nového lesného kolesového traktora s príslušenstvom vrátane technických dokladov od traktora, osvedčení o evidencii vozidla a povinného príslušenstva. Cena mu",Traktory/ťahače
3267403,Lehota realizácie,"Predmetom stavebných prác je rozšírenie verejnej kanalizácie v obci Ladce v zmysle a rozsahu podľa projektovej
dokumentácie, ktorá je prílohou súťažných podkladov.",Stavebné práce na stavbe kanalizácie
3267417,Lehota dodania tovaru,"Predmetom verejného obstarávania je dodávka nového kolesového rýpadla s procesorovou hlavicou určeného na výstavbu, budovanie a údržbu lesných ciest a na manipuláciu drevnej hmoty na odvozných miestach a manipulačno-expedičných",Rýpacie mechanizmy
3267428,Kritérium č. 2: Lehota realizácie zákazky v celých dňoch,Ide o rekonštrukciu kultúrneho domu v obci Dedinky,Stavebné práce
3267491,Lehota dodania tovaru,"Predmetom verejného obstarávania je dodávka nového plne pohonného motorového grejdera (6x6) určeného na výstavbu, budovanie, rekonštrukciu a údržbu lesných ciest vrátane daňových poplatkov a ďalších nákladov spojených s dod",Zrovnávače (grejdery) a vyrovnávače
3267492,Poplatok za stornovanie rezervácie vystavenej letenky nad rámec poplatku určeného leteckou spoločnosťou.,"Predmetom zákazky je priebežne zabezpečovať letenky, autobusové, vlakové, lodné, trajektové lístky, zabezpečovať s tým súvisiace služby, víza pre zamestnancov Slovenskej technickej univerzity v Bratislave a pre ňou určené osoby","Podporné a pomocné dopravné služby, služby cestovných kancelárií"
3267492,"Zabezpečovanie jednosmerného transferu z akéhokoľvek miesta v Bratislave na letisko Schwechat vo Viedni alebo opačne, a to osobným automobilom strednej triedy, typ COMBI s klimatizáciou.","Predmetom zákazky je priebežne zabezpečovať letenky, autobusové, vlakové, lodné, trajektové lístky, zabezpečovať s tým súvisiace služby, víza pre zamestnancov Slovenskej technickej univerzity v Bratislave a pre ňou určené osoby","Podporné a pomocné dopravné služby, služby cestovných kancelárií"
3267492,"Zabezpečovanie jednosmerného transferu z akéhokoľvek miesta v Bratislave na letisko M.R Štefánika v Bratislave alebo opačne, a to osobným automobilom strednej triedy, typ COMBI s klimatizáciou.","Predmetom zákazky je priebežne zabezpečovať letenky, autobusové, vlakové, lodné, trajektové lístky, zabezpečovať s tým súvisiace služby, víza pre zamestnancov Slovenskej technickej univerzity v Bratislave a pre ňou určené osoby","Podporné a pomocné dopravné služby, služby cestovných kancelárií"
3267492,Poplatok za vystavenie letenky v rámci mimoeurópskych destinácií.,"Predmetom zákazky je priebežne zabezpečovať letenky, autobusové, vlakové, lodné, trajektové lístky, zabezpečovať s tým súvisiace služby, víza pre zamestnancov Slovenskej technickej univerzity v Bratislave a pre ňou určené osoby","Podporné a pomocné dopravné služby, služby cestovných kancelárií"
3267492,Poplatok za vystavenie letenky v rámci európskych destinácií.,"Predmetom zákazky je priebežne zabezpečovať letenky, autobusové, vlakové, lodné, trajektové lístky, zabezpečovať s tým súvisiace služby, víza pre zamestnancov Slovenskej technickej univerzity v Bratislave a pre ňou určené osoby","Podporné a pomocné dopravné služby, služby cestovných kancelárií"
3267586,Lehota výstavby v pracovných dňoch,Zníženie energetickej náročnosti budovy kultúrneho domu v obci Veľké Uherce,Stavebné práce
3267591,Lehota realizácie,"Stavebné práce, ktorých cieľom je úprava toku, ktorý ohrozuje pri povodňových prietokoch existujúcu zástavbu s priľahlými pozemkami a zároveň svojou eróznou činnosťou spôsobuje nestabilitu svahov ( hlavne pozdĺž súkromných",Regulácia riek a protipovodňové práce
3267597,Lehota výstavby v pracovných dňoch,Zriadenie komunitného centra v obci Turňa nad Bodvou,Stavebné práce
3267603,Lehota výstavby v kalendárnych dňoch,"Predmetom stavebných prác je vybudovanie zberného dvora v obci Topolníky. Rozsah prác je definovaný projektovou dokumentáciou a výkazom výmer, ktoré tvoria súčasť súťažných podkladov.",Stavebné práce
3267604,Lehota výstavby v kalendárnych dňoch,"Projekt rieši realizáciu hrubej stavby na stavebnom objekte Východnej tribúny. Bližšia špecifikácia stavebných prác je definovaná projektovou dokumentáciou a výkazom výmer, ktoré tvoria prílohu súťažných podkladov.",Stavebné práce
3267629,Lehota výstavby v kalendárnych dňoch,"Predmetom predkladaného riešenia je rekonštrukcia zberného dvora. Riešený areál je situovaný na pozemkoch p.č. 1459/17,56,57,58 v južnej časti obce Veľké Úľany, časť Lencsehely, kat. území Nové Osady. Územie je komunikačne",Stavebné práce
3267632,Lehota výstavby v kalendárnych dňoch,Predmetom zákazky je vybudovanie okružnej križovatky na ceste II/507. Bližšia špecifikácia sa nachádza v súťažných podkladoch a ich prílohách.,Stavebné práce
3267633,Lehota výstavby v dňoch,Účelom stavby pre obec Domaňovce je zabezpečenie dostatočného množstva pitnej vody vybudovaním rozvodnej siete v celej obci z HDPE DN 110x10. Napojenie navrhovaného vodovodu je na jestvujúci SKV Odorín-Jamník-Spišský Hrušov-Domaň,Stavebné práce
3267634,Lehota dodania tovaru v kalendárnych dňoch,CNC obrábacie centrum,Obrábacie centrá (strediská)
3267636,Lehota dodania tovaru v kalendárnych dňoch,"Predmotom obstarávania je nákup zariadení: CNC nárezové centrum, CNC obrábacie centrum pre vŕtanie, frézovanie, drážkovanie a nastreľovaním kolíkov, Olepovačka",Rôzne špeciálne strojové zariadenia
3267718,Lehota realizácie,"Predmetom stavebných prác je REKONŠTRUKCIA BUDOVY MŠ Grznára 1441, pre stavebný objekt SO 01, SO 02, SO 03, SO 04. Objekt je osadený na parcele č. 2636/10 vo vlastníctve investora. Objekty materskej školy sú tvorené nosným systémom",Stavebné práce na stavbe budov
3267730,Lehota dodania,Verejný obstarávateľ Združenie Obcí Mikroregiónu Minčol - požaduje dodanie predmetu zákazky 1 527 ks kompostérov pre obce Združenia Obcí Mikroregiónu Minčol podľa prehľadu rozdelenia kompostérov v záujme predchádzania vzniku b,Škatule na kompost
3267743,Lehota realizácie,"Predmetom zákazky je realizácia stavebných prác na významnej rekonštrukcii budovy obecného úradu vo Vyšnej Olšave, ktorá je umiestnená na parc. č.: 359/1, 359/2, katastrálne územie: Vyšná Olšava, obec: Vyšná Olšava, okres:
",Stavebné práce na stavbe budov
3267751,Lehota realizácie prác,Zámerom verejného obstarávateľa sú stavebné úpravy budovy Materskej školy v obci Tušická Nová Ves.,Stavebné práce
3267814,Lehota výstavby v pracovných dňoch - neaukčné kritérium,Predmetom zákazky je vybudovanie zberného dvora v obci podľa projektovej dokumentácie.,Stavebné práce
3267839,"Lehota výstavby pre ""Dvojúčelová budova Habovka"" v mesiacoch",Výstavba objektu jednopodlažného s podkrovným bytom bez podpivničenia v zmysle priloženej projektovej dokumentácie,Stavebné práce
3268010,Lehota výstavby vyjadrená v pracovných dňoch. Uchádzačom ponúknutá lehota výstavby je maximálna a touto lehotou je uchádzač viazaný,"Predmetom zákazky je obnova, zateplenie budovy (bytový dom) Úsmev- ZpS, Osiková 26, Žilina. Podrobný opis je uvedený v projektovej dokumentácii.",Stavebné práce
3268081,Lehota realizácie,"Objekt sa nachádza v obci Podbieľ. Predmetom stavebných prácu sú nasledovné stavebné objekty: SO-01 obecný úrad a taktiež SO-02- materská škola. 
Uvedené parcely a objekt, sú vo vlastníctve stavebníka obce. Správcom uvedených",Stavebné práce na stavbe budov
3268087,Lehota výstavby v dňoch,"Stavebné práce pozostávajú zo zateplenia obvodového plášťa, rekonštrukcie strechy a výmeny výplní otvorov. Bližší popis prác je uvedený v projektovej dokumentácii.",Stavebné práce
3268113,Lehota realizácie prác v týždňoch,Predmetom zákazky je zvýšenie energetickej účinnosti budovy kultúrneho domu v obci Streda nad Bodrogom,Stavebné práce
3268133,Lehota realizácie prác,Predmetom zákazky je zvýšenie energetickej účinnosti budovy kultúrneho domu v obci Streda nad Bodrogom,Stavebné práce
3268357,Lehota výstavby v dňoch,"Projekt rieši nedostatky v tepelnotechnickej, energetickej a hygienickej oblasti. Navrhnuté zateplenie dodržiava podmienky stanovené platnými vyhláškami a normami. Realizáciou navrhovaných úprav podľa projektovej dokumentácie sa popr",Stavebné práce
3268374,Lehota dodania tovaru,"Predmetom verejného obstarávania je dodávka 1 ks nového prekladača materiálov určeného na vagónovanie drevnej hmoty v dĺžkach od 2 do 6 m do plno stenných železničných vagónov, nakladanie drevnej hmoty na kamióny a prekladanie d","Zdvižné, manipulačné, nakladacie a vykladacie mechanizmy"
3268392,Lehota zhotovenia,"Predmetom zákazky je rekonštrukcia objektu s rozšírením kapacity a so zvýšením energetickej hospodárnosti objektu
materskej školy Gazdovský rad v meste Šamorín. Podrobnosti budú uvedené v súťažných podkladoch.",Stavebno-inštalačné práce
3268399,Obsah recyklovanej zlozky vo vyrobku v %,"Predmetom verejneho obstaravania je dodanie skatul na kompostovanie, za ucelom predchadzania vzniku biologicky rozlozitelnych komunalnych odpadov. Blizsia specifikacia predmetu zakazky je obsiahnuta v sutaznych podkladoch.",Škatule na kompost
3268411,Lehota realizácie,"Predmetné stavebné práce sa týkajú zníženia energetickej náročnosti objektu Základnej školy internátnej, ktorá sa nachádza v centrálnej časti obce Brezolupy. Areál pozostáva so štyroch budov. Základná škola je štvorpodlaž",Stavebné práce na objektoch špeciálnych škôl
3268480,Lehota výstavby,"Predmetom zákazky sú stavebné práce na futbalovom štadióne DAC Dunajská Streda. Táto fáza prestavby futbalového štadióna zahŕňa práce na časti tribúny D, rohu A-D a C-D tribún. Predmet zákazky musí byť realizovaný z identic",Stavebné práce na štadiónoch
3268497,Obsah recyklovanej zlozky vo vyrobku,"Predmetom verejneho obstaravania je dodanie skatul na kompostovanie, za ucelom predchadzania vzniku biologicky
rozlozitelnych komunalnych odpadov. Blizsia specifikacia predmetu zakazky je obsiahnuta v sutaznych podkladoch.",Škatule na kompost
3268505,lehota dodania tovaru,"Predmetom verejného obstarávania je dodávka frézy určenej na reprofilizáciu a údržbu lesných ciest, ako adaptér na zadný trojbodový záves nosiča - univerzálneho kolesového traktora, vrátane colných a daňových poplatkov, kompl",Zrovnávacie frézovačky
3268541,Lehota výstavby v kalendárnych dňoch,"Predmetom zákazky sú stavebné práce na vybraných mostoch, opornom múre a vybraných úsekoch ciest v správe Trenčianskeho samosprávneho kraja. Bližší opis je definovaný súťažnými podkladmi a ich prílohami.",Stavebné práce
3268635,Lehota výstavby v kalendárnych dňoch,Predmetom zákazky je Rekonštrukcia cestného mosta cez Vážský kanál v meste Ilava nachádzajúceho sa na ceste II/574. Bližšia špecifikácia a rozsah sa nachádzajú v súťažných podkladoch resp. ich prílohách.,Stavebné práce
3268660,Lehota výstavby v pracovných dňoch,Stavebné úpravy na objekte obecného úradu Pravenec,Stavebné práce
3268683,Lehota dodania v kalendárnych dňoch,"Predmetom zákazky je dodávka technológie na zabezpečenie triedeného zberu odpadov v obci Strečno. Predmetom dodania sú traktor a k nemu kompatibilné príslušenstvo, a to čelný nakladač, hákový kontajnerový nosič, kontajnery na dr",Kontajnery a nádoby na odpad a odpadky
3268694,Lehota výstavby v dňoch,"Predmetom projektu je vylepšenie tepelnotechnických parametrov meterskej školy.
Okná, dvere: Týkajú sa výmeny nevyhovujúcich výplní stenných otvorov obvodových stien vonkajších dvier a okien za nové s trojsklom. Okenné parapety",Stavebné práce
3268699,Najnižšia lehota dodania v kalendárnych dňoch,"Predmetom zakazky je dodanie technologii na zber a zvoz biologicky rozlozitelneho odpadu, drobneho stavebneho odpadu, satstva a textilii a inych. Predmetom dodania su hakovy kontajnerovy nosic, zberací a triediaci voz na BIO odpad a kontajnery",Kontajnery a nádoby na odpad a odpadky
3268723,Lehota realizácie,"Predmetom zákazky je realizácia stavebných prác na oprave upravenej časti Hanušovského a Medzianskeho potoka v intraviláne mesta Hanušovce nad Topľou. 
Po realizácii prác bude mesto ochránené pred vplyvom veľkých vôd ,čo prisp",Regulácia riek a protipovodňové práce
3269037,Lehota výstavby v kalendárnych dňoch,Predmetom zákazky je rekonštrukcia administratívnej budovy skleníka v areáli Trenčianskeho hradu. Stavba je národnou kultúrnou pamiatkou s oficiálnym názvom STAVBA OBYTNÁ II. je zapísaná v Ústrednom zozname pamiatkového fondu nehn,Stavebné práce
3269040,Lehota realizácie prác v týždňoch,Zámerom verejného obstarávateľa sú stavebné úpravy budovy MŠ Lesné.,Stavebné práce
3269042,Denná sadzba na kľúčového odborníka,"Predmetom zákazky je výkon činnosti Stavebnotechnického dozoru na projekte výstavby úseku diaľnice D1 Senec Blatné, križovatka Blatné, pričom Zmluva na uskutočnenie stavebných prác na stavbu Senec Blatné, križovatka Blatné bude",Stavebný dozor na stavenisku
3269042,Denná sadzba na nekľúčového odborníka,"Predmetom zákazky je výkon činnosti Stavebnotechnického dozoru na projekte výstavby úseku diaľnice D1 Senec Blatné, križovatka Blatné, pričom Zmluva na uskutočnenie stavebných prác na stavbu Senec Blatné, križovatka Blatné bude",Stavebný dozor na stavenisku
3269130,Lehota výstavby v pracovných dňoch,Predmetom zákazky je oprava chodníkov a komunikácií,Stavebné práce
3269152,2) Lehota výstavby v kalendárnych dňoch,Predmetom zákazky projektu: Zníženie energetickej náročnosti budovy SOŠŽ v Košiciach 1. etapa je dodávka stavebných prác v rozsahu predloženého výkazu výmer a v súlade so spracovanou projektovou dokumentáciou. Projektová dokume,Stavebné práce
3269225,Lehota,"Technické riešenie spočíva v rešpektovaní súčasného stavu jestvujúcich objektov a inžinierskych sietí. Projektová dokumentácia rieši objekty, ktoré sú potrebné pre návštevníkov pútnického miesta, ktorí navštevujú pútni",Stavebné práce
3269229,lehota dodania,Rekonštrukcia chodníkov a verejného priestranstva v obci. Bližšie informácie v súťažných podkladoch.,Stavebné práce
3269266,Lehota,"Účelom navrhovanej stavby je zvýšenie kapacity materskej školy.
Predmetný objekt prístavby je navrhovaný ako dvojpodlažný, bez podpivničenia a bez
využitia podstrešného priestoru. Dispozične bude členený nasledovne: zádverie,",Stavebné práce
3269272,Lehota dodania predmetu zákazky,Predmetom zákazky je dodávka univerzálneho obrábacieho centra - päťosovej vysokorýchlostnej portálovej CNC frézky.,Obrábacie centrá (strediská)
3269289,Lehota realizácie,Stavebné práce na zníženie energetickej náročnosti budovy dvoch učebných pavilónov a hospodárskeho pavilónu Materskej školy na ulici Grznárovej 1444 v Považskej Bystrici. Objekty sa nachádzajú v obytnej zóne na sídlisku SNP. V,Stavebné práce na stavbe budov
3269323,Lehota výstavby v pracovných dňoch,Predmetom zákazky je prepojenie hlavnej cyklistickej trasy v úseku Čierny chodník - Buzalkova - Pri mlyne - železničné priecestie - žst.Vajnory podľa projektovej dokumentácie.,Stavebné práce
3269411,Lehota realizácie,"Predmetom zákazky je realizácia stavebných prác na významnej rekonštrukcii budov materskej školy na parcelách 1993/1 a 1993/2, katastrálne územie: Komárno, Mesto Komárno, okres: Komárno, kraj: Nitriansky. Objekty boli vybudované pr",Stavebné práce na stavbe budov materských škôl
3269485,Lehota dodania predmetu zákazky,V ramci projektu ma spolocnost zamer zakupit komplexny riadiaci system kartingoveho centra zabezpecujuci prevadzku strediska vratane edukacneho systemu pre zacinajucich aj profi jazdcov schopny merat presne definovane hodnoty ako aj zabezpecovat,Testovacie a meracie stroje a prístroje
3269513,Lehota výstavby v kalendárnych dňoch,"Predmetom zákazky sú stavebné práce zamerané na vybudovanie zberného dvora v meste Gabčíkovo. Bližšia
špecifikácia je v projektovej dokumentácii a výkaze výmer, ktoré sú súčasťou súťažných podkladov.",Stavebné práce
3269601,Lehota výstavby v celých kalendárnych dňoch,Práce budú zrealizované v zmysle projektovej dokumentácie,Stavebné práce
3269627,2) Lehota výstavby v kalendárnych dňoch,"Predmetom zákazky projektu: ""Zníženie energetickej náročnosti budovy RC v Košiciach"" je dodávka stavebných prác v rozsahu predloženého výkazu výmer a v súlade so spracovanou projektovou dokumentáciou. Projektová dokumentácia rie",Stavebné práce
3269703,VÝŠKA ZĽAVY Z AKTUÁLNEHO CENNÍKA UCHÁDZAČA,"Nákup tovarov:
1) Drevotrieska
2) Hranovacie pásky
3) Pracovné dosky, Zástena, Tesniaca lišta, Koncovka, Vnútorný a vonkajší roh, Preglejka, MDFS, HDF, Sololit, Eurohranol, OSB 3 doska",Drevotriesková doska
3269728,"ekonomicky najvýhodnejšia ponuka- t.j. výška poskytnutej zľavy v € bez DPH na 1 liter pohonných hmôt,určená ako priemerná hodnota poskytnutej zľavy benzínu a nafty","Predmetom zákazky je dodávka kariet na čerpanie pohonných látok (benzínu a nafty) a umožnenie užívať predplatené karty počas stanovenej doby v súvislosti s činnosťami, ktoré verejný obstarávateľ zabezpečuje pre:
- vlastné p",Karty na čerpanie pohonnýchlátok
3269732,Lehota výstavby vyjadrená v pracovných dňoch. Uchádzačom ponúknutá lehota výstavby je maximálna a touto lehotou je uchádzač viazaný,"Predmetom zákazky výstavba vodovodu a rekonštrukcia Vetva 1, vodovodné potrubie bude zásobovať pitnou vodou obyvateľov v uliciach, ktoré sú uvedené v projektovej dokumentácii, ktorá je súčasťou súťažných podkladov.
Podrobný",Stavebné práce
3269733,Technická pomoc,Predmetom zákazky je dodávka stavebných prác na rekonštrukcii a obnove budovy základnej umeleckej školy v Lipanoch. Podrobný opis predmetu zákazky je uvedený v súťažných podkladoch.,Stavebné práce na objektoch základných škôl
3269733,Lehota výstavby v kalendárnych dňoch,Predmetom zákazky je dodávka stavebných prác na rekonštrukcii a obnove budovy základnej umeleckej školy v Lipanoch. Podrobný opis predmetu zákazky je uvedený v súťažných podkladoch.,Stavebné práce na objektoch základných škôl
3269806,Lehota realizácie,"Stavba špeciálnej základnej školy sa nachádza na ul. Gen. Svobodu, v meste Partizánske. Areál základnej školy sa nachádza na parcele č. 4500, budovy základnej školy majú parcelné číslo 4501. Obnova a rekonštrukcia areálu a bud",Stavebné práce na objektoch špeciálnych škôl
3269940,Lehota výstavby v pracovných dňoch,"vybudovanie separovaného zberného dvora v obci Trávnica podľa projektovej dokumentácie.Projektová dokumentácia sa skladá z nasledovných stavebných objektov : 
Stavebný objekt SO 01 Sýpka, prístrešok, Sklad nebezpečných odpadov,",Stavebné práce
3269974,Lehota realizácie,"Zberný dvor bude slúžiť na zber a uskladnenie vyseparovaných zložiek komunálneho odpadu od obyvateľov obce. Účelom projektu bolo vyriešiť nielen zneškodňovanie ale aj organizáciu zvážania, riadenie efektívnejšieho separovanéh",Stavebné práce na stavbách zariadení na spracovanie odpadu
3269976,Lehota,"Účelom predmetnej stavby je protipovodňová ochrana ulice Dr. Špirku v meste Spišské Podhradie spevnením brehov a zvýšením prietokovej kapacity priečneho profilu Margecianky. Jedná sa o úpravu vodného toku rkm 5,000 5,435 po obidvo",Stavebné práce
3269981,Lehota dodania tovaru,"Predmetom verejného obstarávania je dodávka univerzálneho kolesového traktora s kombinovanými lúčnymi bránami (t.j. s urovnávacím smykom, dvomi radmi brán, sejacím zariadením a valcom) vrátane colných a daňových poplatkov, komp",Traktory/ťahače
3270010,Lehota realizácie,"Navrhovaným riešením spočívajúcim vo výmene jestvujúcich dvojitých okien, vstupných dverí,
zateplením fasády, výmenou zariadenia kotolne, rozvodov vykurovania a vykurovacích telies
a dobudovaním podhľadov so zateplením dôjde",Stavebné práce na stavbe budov
3270011,Lehota výstavby v kalendárnych dňoch,"Zámerom investora je demontáž jestvujúcej vrátnice a následne výstavba nových objektov, t.j. prístavba vrátnice a prístavba výťahu k jestvujúcej budove A CSS LIPA. Objekty výťahu a vrátnice sú murované. Strechy sa navrhujú pl",Stavebné práce
3270020,Lehota realizácie,"V celom objekte sa vymenia všetky exteriérové okná a dvere za nové plastové okná s izolačným trojsklom a v celom objekte sa vymenia všetky klasické žiarovky za úsporné LED. Existujúci objekt sa celý zateplí a to, v mysle platný",Stavebné práce na stavbe budov
3270021,Lehota realizácie,"Dispozičné riešenie suterénu sa nebude meniť. V miestnosti skladu, kde sú osadené zásobníky TÚV pribudne nová jednotka VZT. Strop v suteréne bude zateplený izoláciou z minerálnej vlny hr.150mm. Jestvujúce plynové kotly budú nah",Stavebné práce na stavbe budov
3270077,Lehota realizácie,"Stavebné práce na rozvodoch tepla a distribučnej výmenníkovej stanice, ktorých cieľom je efektívnejšia prevádzka tepelného hospodárstva v meste Nováky spoločnosťou Benet, s.r.o.. rekonštrukcia CZT v konkrétne dvoch okruhoch pre",Stavebné práce na hlavnom potrubí miestneho vykurovania
3270092,Lehota realizácie,Predmetom zákazky je vybudovanie zberného dvora. Bližšie informácie sú uvedené v súťažných podkladoch.,Stavebné práce na stavbách zariadení na spracovanie odpadu
3270093,Lehota realizácie,"Predmetom zákazky je realizácia stavebných prác na výstavbe zberného dvora. Predmetná stavba spadá medzi objekty odpadového hospodárstva, nemá výrobný charakter. Zberný dvor bude slúžiť na zber a uskladnenie vyseparovaných zlo",Stavebné práce
3270100,Lehota realizácie,"Projekt rieši vybudovanie zberného dvoru v nevyužívaných priestoroch budovy a areáli bývalej školy v obci Gemerská Poloma okres Rožňava, ktorá už neslúži svojmu účelu. Na dosiahnutie podmienok pre vybudovanie nového zberného d",Stavebné práce na stavbách zariadení na spracovanie odpadu
3270116,Lehota dodania tovaru,"Predmetom verejného obstarávania je dodávka malej lesnej lanovky s nosičom lanovky (univerzálnym kolesovým traktorom), mechanickým lanovkovým vozíkom určeným pre stavbu lanovky iba do kopca, mechanickým lanovkovým vozíkom určeným",Špeciálne mechanizmy pre poľnohospodárstvo alebo lesníctvo
3270127,Lehota výstavby v pracovných dňoch,Projekt rieši výstavbu materskej školy.,Stavebné práce
3270285,Lehota realizácie,"Predmetom zákazky je realizácia stavebných prác na významnej rekonštrukcii budovy obecného úradu v Kolbovciach, ktorá je umiestnená na parcele č. 41/1, 41/3, katastrálne územie: Kolbovce, obec: Kolbovce, okres: Stropkov, kraj: Preš",Stavebné práce na stavbe budov
3270316,Lehota výstavby v pracovných dňoch,Výstavba predškolského zariadenia v obci Turňa nad Bodvou,Stavebné práce
3270317,Lehota realizácie,"Predmetom zákazky je realizácia stavebných prác na výstavbe zberného dvora v obci Krivany. Záujmové stavenisko pre výstavbu Zberného dvora sa nachádza vo juhovýchodnej časti obce, južne od štátnej cesty KN 750/1 smer Lipany Spiš",Stavebné práce
3270342,Doba realizácie v kalendárnych dňoch,"Predmetom zákazky je rekonštrukcia základnej školy SO-01 Pavilón A, ktorý je jedným z 5 stavebných objektov, ktoré boli súčasťou projektu pre stavebné povolenie a realizáciu v roku 2004, ktoré boli postupne realizované, pokiaľ k",Stavebné práce
3270345,Lehota realizácie,"Predmetom zákazky je realizácia stavebných prác na výstavbe zberného dvora. Zberný dvor je situovaný na dvoch parcelách a to na p. č. 726/1 a 5483/45. Parcela č. 726/1 sa nachádza v centre obce, vo dvore obecného úradu. Druhá parc",Stavebné práce
3270389,Lehota realizácie,"Predmetom zákazky je realizácia stavebných prác na výstavbe zberného dvora. Zberný dvor je situovaný na parcele č.: KN C 558, katastrálne územie: Balog nad Ipľom, Obec Balog nad Ipľom, okres: Veľký Krtíš, kraj Banskobystrický.",Stavebné práce
3270409,Lehota výstavby v pracovných dňoch,Predmetom zákazky je výstavba MŠ podľa projektovej dokumentácie.,Stavebné práce
3270447,Lehota realizácie,"Predmetom zákazky je realizácia stavebných prác na významnej rekonštrukcii budovy obecného úradu v Jasenove, ktorá je umiestnená na parc. č.: 15/3, katastrálne územie: Jasenov, obec: Jasenov, okres: Humenné, kraj: Prešovský, v r",Stavebné práce na stavbe budov
3270523,Lehota realizácie,"Stavba pozostáva z hlavného stavebného objektu - Skladová hala triedeného zberu. Je to jednopodlažná hala s oceľovou nosnou konštrukciou, opláštená sendvičovými panelmi. Tu budú skladované mechanizmy a triedený odpad. Súčasťo",Stavebné práce na stavbách zariadení na spracovanie odpadu
3270542,Lehota výstavby v pracovných dňoch,"Urbanisticko- architektonická úprava centra mesta Vranov nad Topľou, 3. etapa : Realizačný úsek C-Juh",Stavebné práce
3270637,Lehota realizácie prác v týždňoch,Zámerom verejného obstarávateľa sú stavebné úpravy budovy MŠ Lesné.,Stavebné práce
3270714,Lehota dodania (v pracovných dňoch),Predmetom verejného obstarávania je poskytnutie tlačiarenskej služby na výrobu špecializovaných typov tlačív používaných v daňovom systéme Slovenskej republiky vrátane prepravy vyrobených daňových tlačív na pracoviská finan,Tlačiarenské služby
3270801,Lehota realizácie prác,"Zámerom verejného obstarávateľa sú stavebné úpravy Obecnej budovy súp. č. 211/6, Slanec.",Stavebné práce
3270802,Lehota realizácie prác,Zámerom verejného obstarávateľa sú stavebné úpravy obecnej budovy s.č. 1208,Stavebné práce
3270803,Lehota realizácie prác,Zámerom verejného obstarávateľa sú stavebné úpravy mestského kultúrneho strediska Veľké Kapušany,Stavebné práce
3270804,Lehota realizácie prác,Zámerom verejného obstarávateľa sú stavebné úpravy budovy Obecného úradu a kultúrneho domu v obci Buzica,Stavebné práce
3270805,Lehota realizácie prác,Zámerom verejného obstarávateľa sú stavebné úpravy budovy materskej školy v obci Poľany.,Stavebné práce
3270913,Lehota realizácie prác,Zámerom verejného obstarávateľa sú stavebné úpravy budovy Obecného úradu v Herľanoch.,Stavebné práce
3270969,Celkové trvanie letov v minútach,"Predmetom zákazky je zabezpečenie služieb spojených s prepravou osôb pri zahraničných pracovných cestách zamestnancov verejného obstarávateľa: zabezpečovanie leteniek a cestovných dokladov na iné druhy dopravy, hotelového ubytova",Letecké dopravné služby
3270998,Lehota výstavby v dňoch,"Predmetom zákazky je komplexná rekonštrukcia a modernizácia kuchyne NsP Považská Bystrica.
Podrobný opis predmetu zákazky je obsahom projektovej dokumentácie, ktorá tvorí samostatnú prílohu týchto súťažných podkladov.",Stavebné práce
3271000,Lehota realizácie prác,Zámerom verejného obstarávateľa sú stavebné úpravy budovy Obecného úradu a Kultúrneho domu,Stavebné práce
3271001,Lehota výstavby v pracovných dňoch,Projekt rieši vybudovanie cyklotrasy,Stavebné práce
3271002,Lehota výstavby v kalendárnych dňoch,"Predmetom zákazky je zateplenie teplovýmenného obalu budovy ( obvodové steny, povalový priestor, strop medzi suterénom a obytným podlažím), výmena pôvodných drevených okenných konštrukcií za plastové s izolačným trojsklom a re",Stavebné práce
3271029,Doba realizácie v dňoch,"Predmetom verejného obsarávanie sú stavebné práce na novostavbe telocvične ZŠ a MŠ s prístavbou v členení nasledovných stavebných objektov:

SO - 01 Budova telocvične
SO - 02 Budova prístavby
SO 03 Prípojka kanalizácie
SO -",Stavebné práce na telocvičniach
3271056,Lehota,"Stavba "" Oľka - kanalizácia - 2.stavba "" pozostáva z týchto stavebných objektov (SO) :
SO 0201 - Kanalizačná sieť
SO 0202 - Kanalizačné prípojky",Stavebné práce
3271078,Lehota realizácie,Stavebné práce pozostávajú z odstránenia obvodového a strešného plášťa z profilovaného plechu a demontáže všetkých výplňových konštrukcií. Ponechá sa iba nosný oceľový skelet a oceľová väzníková konštrukcia strechy,"Stavebné práce na stavbe komerčných budov, obchodných domov a priemyselných budov, budovách súvisiacich s dopravou"
3271120,Ročná spotreba elektrickej energie na čistenie odpadových vôd v čistiarni odpadových vôd v kWh,"Predmetom zákazky je uskutočnenie stavebného diela, kanalizácie a ČOV obci Látky - vyčistenie kanalizácie, efektívne riešenie technológie ČOV, vrátane vykonania inventarizácie už zrealizovaných častí diela, realizácie PD (proj",Stavebné práce na stavbe kanalizácie
3271122,Lehota realizácie prác,"Predmetom zákazky je dobudovanie vodovodu v obci Varhaňovce. Podrobný opis predmetu zákazky je uvedený v
súťažných podkladoch.",Stavebné práce
3271148,Čas potrebný na nástup na odstránenie závad v reklamačnom období v dňoch,Predmetom zákazky je výstavba nájomného bytového domu s 8 b.j. Verejný obstarávateľ prevedie vlastníctvo k pozemku na úspešného uchádzača a po uskutočnení stavby bytový dom a pozemok odkúpi.,Stavebné práce na objektoch viacbytových budov
3271201,Lehota,"Vychádza z jestvujúcich daností územia, tvaru pozemku a jestvujúcich objektov. Po dokončení výstavby by mal novovybudovaný dvojpodlažný objekt slúžiť ako samostatná
prevádzková jednotka(Komunitné centrum).
Objekt SO 01 Komuni",Stavebné práce
3271202,Lehota,"Potreba zníženia nákladov na energie a predovšetkým na vykurovanie, vedie obec Raslavice
k stavebnej aktivite s dôrazom na zlepšenie tepelno-technických vlastností obalovej
konštrukcie priesvitnej ako aj nepriesvitnej konštrukcie.",Stavebné práce
3271219,Lehota výstavby v pracovných dňoch,Prestavba objektu bývalej Materskej školy na Bytový dom,Stavebné práce
3271229,Lehota výstavby v dňoch,"Predmetom zákazky je rekonštrukciou objektu budovy školskej jedálne Gymnázia Ľ. Štúra v Trenčíne, jeho zateplenie, úpravy nadväzujúcich spevnených plôch s tým bezprostredne súvisiace a odvetranie kuchyne.
Cieľom zvolených sta",Stavebné práce
3271259,Lehota výstavby v pracovných dňoch,Základná škola Kataríny Brúderovej - prístavba,Stavebné práce
3271286,Lehota dodania tovaru,"Predmetom verejného obstarávania je dodávka nového prekladača materiálov určeného na vagónovanie drevnej hmoty v dĺžkach od 2 do 6 m do plno stenných železničných vagónov, nakladanie drevnej hmoty na kamióny a prekladanie drevne",Mechanizmy na nakladanie alebo manipuláciu
3271328,Lehota realizácie prác,Zámerom verejného obstarávateľa je výstavba kompostoviska v meste.,Stavebné práce
3271330,Lehota realizácie,"Predmetom zákazky je realizácia stavebných prác na významnej rekonštrukcii budovy obecného úradu spolu s kultúrnym domom, ktorá je umiestnená na parcele č. KN C 308, katastrálne územie: Prestavlky, Obec Prestavlky, okres: Žiar nad",Stavebné práce na stavbe budov
3271416,Lehota,"Predmetom stavebných prác je prístavba Materskej školy za účelom
rozšírenie jej kapacít, stavebné úpravy súvisiace s vytvorením nových tried a posúdenie
pôvodných skladieb obalových konštrukcií, návrh a posúdenie navrhova",Stavebné práce
3271417,Lehota,Predkladaný projekt rieši prístavbu a obnovu materskej školy (ďalej iba MŠ)v obci Hraň. Cieľom je rozšírenie kapacity materskej školy a zlepšenie kvality priestorov. Celková kapacita MŠ bude po realizácii projektu 55 detí. Moment,Stavebné práce
3271419,Lehota výstavby v pracovných dňoch,Zriadenie komunitného centra v obci Turňa nad Bodvou,Stavebné práce
3271502,Lehota výstavby,"Predmetom zákazky sú stavebné práce na polyfunkčnom objekte s podkrovnými bytmi. Budova je nepodpivničená, s dvomi nadzemnými podlažiami a podkrovím. Prvé a druhé nadzemné podlažie je riešené ako obchodné priestory.
Cieľom st",Tepelnoizolačné práce
3271503,Lehota zhotovenia stavby v celých kalendárnych dňoch,Predmetom postupu zadávania zákazky je výstavba objektu športovej haly na Hlbokej ulici v Nitre.,Stavebné práce na telocvičniach
3271567,Najnižšia lehota dodania v kalendárnych dňoch,"Účelom výstavby je vybudovanie a prevádzkovanie zberného dvora v obci Oravská Jasenica ako vyhradenej plochy pre príjem, zhromažďovanie a separovanie odpadov. Dalsie podrobnosti su v projektovej dokumentacii a vo vykaze vymer.",Stavebné práce
3271598,Doba realizácie diela v dňoch,"Predmetom tejto časti zákazky sú stavebné práce týkajúce sa zníženia energetickej náročnosti oceľovej haly 1, ktoré sú bližšie popísané v Súťažných podkladoch v časti B.1 Opis predmetu zákazky.",Stavebné práce na stavbe budov
3271599,Doba realizácie diela v dňoch,"Predmetom tejto časti zákazky sú stavebné práce týkajúce sa zníženia energetickej náročnosti oceľovej haly 2, ktoré sú bližšie popísané v Súťažných podkladoch v časti B.1 Opis predmetu zákazky.",Stavebné práce na stavbe budov
3271606,Lehota realizácie,"Výstavba plavárne v meste Tvrdošín. 
Mestská plaváreň je umiestnená v časti Tvrdošína zvanej Medvedzie v priestore, kde pôvodne bolo školské ihrisko.
Pozemok sa nachádza medzi ulicami Družstevná a Medvedzie a je vymedzený z t","Stavebné práce na stavbe budov pre voľný čas, šport, kultúru, ubytovanie a reštauračné stravovanie"
3271615,Pozáručný servis za 5 rokov,"Navrhovaná stavba pozostáva z nasledovných prevádzkových súborov:
Malcov - kanalizácia - PS 11.1 - ČS splaškových odpadových vôd strojnotechnologická časť, PS 11.2.1 - ČS splaškových odpadových vôd elektročasť + ASRTP, PS",Stavebné práce na stavbe kanalizačných vedení
3271678,Termín ukončenia,"Projektová dokumentácia rieši zateplenie objektu a výmenu jestvujúcich výplní otvorov. Zateplenie objektu je navrhnuté, aby jestvujúce stavebné konštrukcie s tepelnými izoláciami spĺňali tepelnotechnické požiadavky a súčasne p",Stavebné práce
3271679,Lehota výstavby v kalendárnych dňoch odo dňa odovzdania staveniska,"Predmetom zákazky je výstavba novej vodnej atrakcie Termálneho centra Galandia, vrátane vypracovania projektovej dokumentácie pre stavebné povolenie a realizačnej projektovej dokumentácie.",Rekreačné zariadenia
3271679,Čas nástupu na odstránenie poruchy od oznámenia poruchy v hodinách,"Predmetom zákazky je výstavba novej vodnej atrakcie Termálneho centra Galandia, vrátane vypracovania projektovej dokumentácie pre stavebné povolenie a realizačnej projektovej dokumentácie.",Rekreačné zariadenia
3271767,Lehota nainštalovania a odovzdania systému na ďalšiu ľadovú plochu,"Predmetom zákazky je vytvorenie, nainštalovanie a sprevádzkovanie komplexného centralizovaného riešenia predmetu zmluvy, t.j. Centrálny systém pre rozvoj a podporu tréningového procesu mládeže, ktorý úspešný uchádzač vytvorí,",Informačné systémy a servery
3271767,Lehota dodania pilotného riešenia na 1. ľadovú plochu,"Predmetom zákazky je vytvorenie, nainštalovanie a sprevádzkovanie komplexného centralizovaného riešenia predmetu zmluvy, t.j. Centrálny systém pre rozvoj a podporu tréningového procesu mládeže, ktorý úspešný uchádzač vytvorí,",Informačné systémy a servery
3271784,Lehota realizácie prác,Predmetom zákazky je zvýšenie energetickej účinnosti budovy kultúrneho domu v obci Streda nad Bodrogom,Stavebné práce
3271807,2) Lehota výstavby v kalendárnych dňoch,"Predmetom projektu: Príprava, realizácia a sprístupnenie archeologickej expozície návštevníkom je dodávka stavebných prác v rozsahu predloženého výkazu výmer a v súlade so spracovanou projektovou dokumentáciou.
Bližšie inform",Stavebné práce
3271808,Lehota,"Dispozícia objektu bola navrhnutá podľa požiadaviek OP ĽZ 
( operačný program - Ľudové zdroje) so strednými nárokmi na priestory s úžitkovou plochou
do 200m2. Je to dvojpodlažný objekt, kde na prízemí sú situované priestory",Stavebné práce
3271837,Odplata za zmenu rezervácie vystavenej letenky nad rámec storno poplatku určeného leteckou spoločnosťou,"Predmetom tejto zákazky sú práva a povinnosti objednávateľa a poskytovateľov pri komplexnom poskytovaní a zabezpečení leteniek, ubytovania a ostatných služieb s tým spojených podľa aktuálnej požiadavky objednávateľa.",Služby cestovných kancelárií a podobné služby
3271837,Odplata za storno rezervácie vystavenej letenky nad rámec storno poplatku určeného leteckou spoločnosťou,"Predmetom tejto zákazky sú práva a povinnosti objednávateľa a poskytovateľov pri komplexnom poskytovaní a zabezpečení leteniek, ubytovania a ostatných služieb s tým spojených podľa aktuálnej požiadavky objednávateľa.",Služby cestovných kancelárií a podobné služby
3271837,Odplata za poskytnutie predmetu rámcovej dohody za ubytovanie,"Predmetom tejto zákazky sú práva a povinnosti objednávateľa a poskytovateľov pri komplexnom poskytovaní a zabezpečení leteniek, ubytovania a ostatných služieb s tým spojených podľa aktuálnej požiadavky objednávateľa.",Služby cestovných kancelárií a podobné služby
3271837,Odplata za poskytnutie predmetu rámcovej dohody - letenka,"Predmetom tejto zákazky sú práva a povinnosti objednávateľa a poskytovateľov pri komplexnom poskytovaní a zabezpečení leteniek, ubytovania a ostatných služieb s tým spojených podľa aktuálnej požiadavky objednávateľa.",Služby cestovných kancelárií a podobné služby
3271926,Lehota realizácie prác,Predmetom zákazky je realizácia stavebných objektov zberného dvora. Podrobný opis predmetu zákazky je uvedený v súťažných podkladoch.,Stavebné práce
3271968,2) Lehota výstavby v kalendárnych dňoch,"Predmetom zákazky projektu: Zníženie energetickej náročnosti budovy SOŠŽ v Košiciach 1. etapa je dodávka stavebných prác v rozsahu predloženého výkazu výmer a v súlade so spracovanou projektovou dokumentáciou.
Projektová dokum",Stavebné práce
3272001,Lehota výstavby v dňoch,Predmetom zákazky je zabezpečiť uzatvorenie zmluvy o dielo na realizáciu stavebných prác v rámci projektu Cyklotrasy po nábreží Oravy v Dolnom Kubíne.,Stavebné práce na stavbe cyklistických trás
3272167,Lehota realizácie prác,Predmetom zákazky je znižovanie energetickej náročnosti budovy Obecného úradu Lesíček,Stavebné práce
3272168,Lehota výstavby v dňoch,"Predmetom zákazky je výstavba zberného dvora v obci Mútne. Podrobný rozsah prác je definovaný projektovou dokumentáciou a výkazom výmer, ktoré tvoria súčasť súťažných podkladov.",Stavebné práce
3272169,Lehota realizácie,"Predmetom zákazky je realizácia stavebných prác na významnej obnove výrobnej budovy (SO.01), ktorá slúži ako krajčírska dielňa, ktorá je umiestnená na parc. č. KNC 1076/2, katastrálne územie: Giraltovce, okres: Svidník, kraj: P",Stavebné práce na stavbe budov
3272186,Lehota výstavby v dňoch,"Predmetom zákazky sú stavebné práce zamerané na vybudovanie zberného dvora v meste Gabčíkovo. Bližšia
špecifikácia je v projektovej dokumentácii a výkaze výmer, ktoré sú súčasťou súťažných podkladov.",Stavebné práce
3272211,Spôsob naloženia s odpadom,"Predmetom zákazky je zabezpečenie odberu, prepravy a zneškodnenia alebo zhodnocovania odpadu zo spaľovania odpadu, ktorý vzniká v závode Spaľovňa odpadu obstarávateľa. V zmysle Prílohy č. 1 k Vyhláške č. 365/2015 Z. z., ktorou sa",Likvidácia a spracovanie odpadu
3272290,Lehota realizácie prác,Zámerom verejného obstarávateľa sú stavebné úpravy obecnej budovy s.č. 1208,Stavebné práce
3272291,Lehota realizácie prác,Predmetom zákazky je rekonštrukcia objektu komunitného centra v obci Kravany.,Stavebné práce
3272328,Lehota výstavby v celých kalendárnych dňoch,Komunitné centrum chceme vybudovať v zastavanom území obce Zemplínska Teplica na obecnom pozemku. Objekt bude orientovaný čelnou severovýchodnou fasádou k cestnej komunikácii. Areál komunitného centra bude oplotený a vstup na pozemo,Stavebné práce
3272344,lehota,"Vychádza z jestvujúcich daností územia, tvaru pozemku a jestvujúcich objektov. Urbanisticky je navrhovaná stavba napojená existujúcu župnú komunikáciu. Stavba svojím zámerom zapadá do okolitej zástavby. Súčasťou projektu je nav",Stavebné práce
3272352,Lehota výstavby,"Zámerom investora je celková výmena krovu a strešnej konštrukcie, ktorá sa nahradí novou strešnou krytinou, t. j. plechová krytina (s lakoplastovou úpravou), zateplenie sokla, fasády, strechy a podláh, výmena otvorových konštrukci",Stavebné práce
3272369,Celková cenu za služby nad rámec služieb zahrnutých v mesačnom paušaly (položka CCNP z TABUĽKY č. 5) v eurách bez DPH.,"Predmetom zákazky je dodanie IT infraštruktúry, pozostávajúce z dodávky hardvéru (HW) a softvéru (SW), ich inštalácie a konfigurácie a poskytovanie služieb správy, údržby a technickej podpory informačných technológií na obdobi",Servery
3272400,Lehota realizácie prác,Zámerom verejného obstarávateľa sú stavebné úpravy budovy Materskej školy v obci Tušická Nová Ves.,Stavebné práce
3272445,Najnižšia lehota dodania v kalendárnych dňoch,"Predmetom zakazky je dodanie technologii na zber a zvoz biologicky rozlozitelneho odpadu, drobneho stavebneho odpadu, satstva a textilii a inych. Predmetom dodania su traktor a k nemu kompatibilne prislusenstvo, a to celny nakladac, paletizačn",Kontajnery a nádoby na odpad a odpadky
3272462,Lehota výstavby v dňoch,Predmetom zákazky je realizácia protipovodňových opatrení v obci Banské. Bližšia špecifikácia rozsahu stavebných prác je definovaná projektovou dokumentáciou a výkazom výmer.,Stavebné práce
3272512,Najnizsia lehota dodania predmetu obstaravania v kalendarych dnoch,Predmetom zákazky je Rekonštrukcia ubytovacieho zariadenia v obci Radava,Stavebné práce
3272513,Lehota výstavby v pracovných dňoch,Projekt rieši zvýšenie kapacity MŠ v obci.,Stavebné práce
3272527,Lehota realizácie,"Predmetom zákazky je realizácia stavebných prác na významnej rekonštrukcii budovy obecného úradu v Kručove, ktorá je umiestnená na parc. č.: 63, k.ú.: Kručov, obec: Kručov, okres: Stropkov, kraj: Prešovský, v rámci schválenej",Stavebné práce na stavbe budov
3272530,Lehota realizácie,"Predmetom zákazky je realizácia stavebných prác na významnej rekonštrukcii budovy obecného úradu vo Vyšnej Olšave, ktorá je umiestnená na parc. č.: 359/1, 359/2, k katastrálne územie: Vyšná Olšava, obec: Vyšná Olšava, okres:",Stavebné práce na stavbe budov
3272553,Lehota realizácie,"Predmetom zákazky je realizácia stavebných prác na významnej rekonštrukcii budovy obecného úradu vo Vyšnom Hrušove, ktorá je umiestnená na parc. č.: 1, k.ú.: Vyšný Hrušov, obec: Vyšný Hrušov, okres: Humenné, kraj: Prešovsk",Stavebné práce na stavbe budov
3272613,Najnižšia lehota dodania v kalendárnych dňoch,"Predmetom zakazky je dodanie technologii na zber a zvoz biologicky rozlozitelneho odpadu, drobneho stavebneho odpadu, satstva a textilii a inych. Predmetom dodania su traktor, traktorovy čelný nakladač, paletizačné vidly, mulri lopata, hako",Kontajnery a nádoby na odpad a odpadky
3272622,Lehota realizácie,"Predmetom zákazky je realizácia stavebných prác na významnej rekonštrukcii budovy obecného úradu v Brusnici, ktorá je umiestnená na parc. č.: 228, k.ú.: Brusnica, obec: Brusnica, okres: Stropkov, kraj: Prešovský, v rámci Žiadosti",Stavebné práce na stavbe budov
3272712,Lehota,"Zámerom investora je zrekonštruovať budovu a vybudovať druhé nadzemné podlažie a
vytvoriť tak nové výučbové priestory pre deti predškolského veku. V pôvodnej budove sa
vybuduje schodisko ktoré bude slúžiť ako hlavný komunik",Stavebné práce
3272713,Lehota,"Objekt SO 01 na parcele č.172/10
Po dokončení výstavby by mal novovybudovaný dvojpodlažný objekt slúžiť ako samostatná prevádzková jednotka(Komunitné centrum).",Stavebné práce
3272714,Lehota,Po dokončení výstavby by mal novovybudovaný dvojpodlažný objekt slúžiť ako samostatná prevádzková jednotka(Komunitné centrum).,Stavebné práce
3272720,Lehota výstavby v pracovných dňoch,Zníženie energetickej náročnosti budovy obecného úradu vo Vlachove,Stavebné práce
3272756,Lehota realizácie,"Predmetom zákazky je realizácia stavebných prác na významnej rekonštrukcii budovy obecného úradu v Kružlovej, ktorá je umiestnená na parc. č.: 215/1, katastrálne územie: Kružlová, obec: Kružlová, okres: Svidník, kraj: Prešovs",Stavebné práce na stavbe budov
3272763,Najnižšia lehota dodania v kalendárnych dňoch,"Predmetom zakazky je dodanie technologii na zber a zvoz biologicky rozlozitelneho odpadu, drobneho stavebneho odpadu, satstva a textilii a inych. Predmetom dodania su traktor a k nemu kompatibilne prislusenstvo, a to celny nakladac, naťahovací",Kontajnery a nádoby na odpad a odpadky
3272783,Lehota realizácie prác,Predmetom tejto zákazky je zníženie energetickej náročnosti ti budovy CŠPP - elokované pracovisko Gelnica.,Stavebné práce
3272784,Lehota realizácie prác,Zámerom verejného obstarávateľa sú stavebné úpravy budovy Mestského úradu v Strážskom.,Stavebné práce
3272845,Lehota realizácie prác,Projekt rieši výstavbu novostavby MŠ v Obci Trhovište.,Stavebné práce
3273009,Lehota realizácie,Predmetom zákazky je rekonštrukcia nevyužívaného objektu pre komnitnú/spolkovú činnosť detí a mládeže v obci Dolná Ždaňa. Bližšie informácie ohľadom predmetu zákazky sú uvedené v súťažných podkladoch.,Stavebné práce na stavbe zariadení pre voľný čas
3273061,Najnizsia lehota dodania v kalendarnych dnoch,"Predmetom zákazky je rekonštrukcia kultúrneho domu, Nová Bošáca. Bližšia špecifikácia predmetu zákazky sa nachádza v súťažných podkladoch a ich prílohách.",Stavebné práce
3273062,Lehota realizácie,Stavebné práce na znížení energetickej náročnosti viacúčelovej budovy v obci Ovčiarsko. Bližšie informácie sú uvedené v súťažných podkladoch.,Stavebné práce na stavbe budov určených pre umenie a kultúru
3273099,Lehota realizácie,"Riešený objekt novostavba - sa nachádza v areáli existujúcej základnej školy a materskej školy (2-triednej) . Situovaný je v strednej časti obce Čaklov, na okraji IBV.
Jedná sa o dvojpodlažnú novostavbu materskej školy, v ktorej",Stavebné práce na stavbe budov materských škôl
3273101,Lehota realizácie,Projekt rieši novostavbu šatní v športovom areáli v obci Bodiná a príslušné okolité úpravy pri tomto objekte. Bližšie informácie sú uvedené v súťažných podkladoch.,Stavebné práce na stavbe športových zariadení
3273189,Lehota výstavby v dňoch,Predmetom zákazky je rozšírenie kanalizácie a vodovodu v obci Spišský Štvrtok. Bližšie informácie viď súťažné podklady a ich prílohy,Stavebné práce
3273191,Výhodnosť zmluvných podmienok predmetu zákazky,Predmetom zákazky je rekonštrukcia a obnova budovy obecného úradu Králová pri Senci. Bližšia špecifikácia predmetu zákazky je uvedená v súťažných podkladoch pre toto verejné obstarávanie.,Stavebné práce
3273229,2) Lehota výstavby v kalendárnych dňoch,Predmetom zákazky: Zníženie energetickej náročnosti budovy SŠI v Trebišove je realizácia stavebných prác v súlade s vypracovaným stavebno-technickým riešením a požiadavkami vyhlasovateľa súťaže za účelom zlepšenia energeti,Stavebné práce
3273303,Lehota,Obvodový plášť bude murovaný z pórobetónových tvárnic hr.300mm a zateplený penovým polystyrénom EPS hr. 100 mm. Priestorové stuženie objektu je zabezpečené žb. vencom a vnútorným nosnými stenami z pórobetónových tvárnic h,Stavebné práce
3273327,Lehota,"Objekt SO 01 na parcele č.172/10
Po dokončení výstavby by mal novovybudovaný dvojpodlažný objekt slúžiť ako samostatná prevádzková jednotka(Komunitné centrum).",Stavebné práce
3273338,Lehota uskutočnenia stavebných prác uvedená v celých kalendárnych dňoch,"Výber zhotoviteľa diela pre projekt: Rekonštrukcia Obecného úradu a kultúrneho domu, Obec Braväcovo.
Stavebné objekty
Obnova obecného úradu a kultúrneho domu, Braväcovo
a.Časť - Zateplenie obvodového plášťa 
a.1Zateplenie p",Stavebné práce na stavbe komerčných budov
3273339,Lehota uskutočnenia stavebných prác uvedená v celých kalendárnych dňoch,"Výber zhotoviteľa diela pre projekt: Obecný úrad Danišovce - Rekonštrukcia a obnova.
Podrobný popis prác je uvedený v súťažných podkladoch ktorých súčasťou je projektová dokumentácia a výkaz výmer.",Stavebné práce na stavbe budov
3273340,Lehota uskutočnenia stavebných prác uvedená v celých kalendárnych dňoch,"Výber zhotoviteľa diela pre projekt Obnova Domu smútku, Slovenské Pravno.
Predmetom riešenia sú úpravy Domu smútku a úpravy spevnených plôch v areáli cintorína.
Podrobný popis prác je uvedený v súťažných podkladoch ktorých",Stavebné práce na stavbe plôch pre cintoríny
3273341,Lehota uskutočnenia stavebných prác uvedená v celých kalendárnych dňoch,"Predmetom zákazky je výber zhotoviteľa diela projektu: Obnova Materskej školy v obci Pukanec.
Podrobný popis prác je uvedený v súťažných podkladoch, ktorých súčasťou je projektová dokumentácia a výkaze
výmer.",Stavebné práce na stavbe budov materských škôl
3273384,2) Lehota výstavby v kalendárnych dňoch,"Predmetom projektu: Príprava, realizácia a sprístupnenie archeologickej expozície návštevníkom je dodávka stavebných prác v rozsahu predloženého výkazu výmer a v súlade so spracovanou projektovou dokumentáciou.
Bližšie inform",Stavebné práce na objektoch historických pamiatok alebo pamätníkov
3273389,Lehota výstavby v dňoch,"Predmetom zákazky sú stavebné práce zamerané na vybudovanie zberného dvora v meste Gabčíkovo. Bližšia špecifikácia je v projektovej dokumentácii a výkaze výmer, ktoré sú súčasťou súťažných podkladov.",Stavebné práce
3273411,Lehota dodania tovaru v kalendárnych dňoch,Podpora zhodnocovania biologicky rozložiteľného komunálneho odpadu v meste Kráľovský Chlmec,Traktory/ťahače
3273478,3) Pozáručný servis a technická pomoc,"Jedná sa o uskutočnenie stavebných prác na stavbe v rozsahu projektovej dokumentácie, ktorú vypracoval DISTA PROJEKT, Šrobárova 2682/50, 058 01 Poprad; projektant Ing. Janka Dunajská a jedná sa o tieto stavebné objekty:
SO 01 Miestna",Práce vrchnej stavby ciest
3273478,2) Lehota výstavby v kalendárnych dňoch,"Jedná sa o uskutočnenie stavebných prác na stavbe v rozsahu projektovej dokumentácie, ktorú vypracoval DISTA PROJEKT, Šrobárova 2682/50, 058 01 Poprad; projektant Ing. Janka Dunajská a jedná sa o tieto stavebné objekty:
SO 01 Miestna",Práce vrchnej stavby ciest
3273545,2) Lehota výstavby v kalendárnych dňoch,"Predmetom projektu: Príprava, realizácia a sprístupnenie archeologickej expozície návštevníkom
je dodávka stavebných prác v rozsahu predloženého výkazu výmer a v súlade so spracovanou projektovou dokumentáciou. 
Bližšie infor",Stavebné práce na objektoch historických pamiatok alebo pamätníkov
3273573,Lehota realizácie,Obnova budovy KD v obci Osádka. Bližšie informácie sú uvedené v súťažných podkladoch.,Stavebné práce na stavbe budov určených pre umenie a kultúru
3273585,Lehota realizácie,"Predmetom zákazky je realizácia stavebných prác na významnej rekonštrukcii budovy obecného úradu v Jasenovciach, ktorá je umiestnená na parc. č.: 139, 140/1, k.ú. Jasenovce, okres: Vranov nad Topľou, v rámci Žiadosti o nenávratn",Stavebné práce na stavbe budov
3273587,Lehota výstavby v pracovných dňoch,"Predmetom zákazky je prístavba a nadstavba objektu základnej školy, Osloboditeľská 1, Bratislava Vajnory, parcela č. 82/5.",Stavebné práce
3273594,Počet miest na sedenie (bez sklápacích sedadiel) z počtu všetkých miest (bez sklápacích sedadiel) elektrobusu s dĺžkou max. 9 m,Predmetom verejného obstarávania je v súlade s § 3 ods. 2 zákona č. 343/2015 Z. z. o verejnom obstarávaní a o zmene a doplnení niektorých zákonov v znení neskorších predpisov (ďalej len zákon o verejnom obstarávaní v príslušn,Autobusy a autobusy na diaľkovú prepravu
3273594,"Počet miest na sedenie (bez sklápacích sedadiel) z počtu všetkých miest (bez sklápacích sedadiel) elektrobusu s dĺžkou max. 12,2 m",Predmetom verejného obstarávania je v súlade s § 3 ods. 2 zákona č. 343/2015 Z. z. o verejnom obstarávaní a o zmene a doplnení niektorých zákonov v znení neskorších predpisov (ďalej len zákon o verejnom obstarávaní v príslušn,Autobusy a autobusy na diaľkovú prepravu
3273594,"Maximálna celková obsaditeľnosť elektrobusu s dĺžkou max. 9 m, pričom podiel miest na sedenie z celkového počtu miest musí byť najmenej 25%",Predmetom verejného obstarávania je v súlade s § 3 ods. 2 zákona č. 343/2015 Z. z. o verejnom obstarávaní a o zmene a doplnení niektorých zákonov v znení neskorších predpisov (ďalej len zákon o verejnom obstarávaní v príslušn,Autobusy a autobusy na diaľkovú prepravu
3273594,"Maximálna celková obsaditeľnosť elektrobusu s dĺžkou max. 12,2 m, pričom podiel miest na sedenie z celkového  počtu miest musí byť najmenej 25%",Predmetom verejného obstarávania je v súlade s § 3 ods. 2 zákona č. 343/2015 Z. z. o verejnom obstarávaní a o zmene a doplnení niektorých zákonov v znení neskorších predpisov (ďalej len zákon o verejnom obstarávaní v príslušn,Autobusy a autobusy na diaľkovú prepravu
3273609,Kvalitatívne a úžitkové hodnoty predmetu zákazky,"Predmetom tejto zákazky je dodávka cca. 60 kusov účelových automobilov triedy ""G1ÚVK"" pre kynológov MV SR najmä s dodaním zvláštneho doplnkového príslušenstva a výbavy, s možnosťou dodania voliteľného príslušenstva, dodávka",Špeciálne vozidlá
3273631,Lehota realizácie,Projekt rieši rekonštrukčné práce zamerané na zníženie energetickej náročnosti budovy a ďalšie stavebné investície na KD v obci Bodiná. Bližšie informácie sú uvedené v súťažných podkladoch.,Stavebné práce na stavbe budov
3273634,Lehota realizácie,Stavebné práce na znížení energetickej náročnosti budovy obecného úradu spojeného s kultúrnym domom v obci Slopná. Bližšie informácie sú uvedené v súťažných podkladoch.,Stavebné práce na stavbe budov určených pre umenie a kultúru
3273669,Emisie CO,"Nákup 1ks nákladného automobilu trojstranný sklápač s hydraulickým žeriavom, čelným šípovým pluhom a sypačovou nadstavbou.",Vozidlá na údržbu ciest
3273669,Emisie NOx,"Nákup 1ks nákladného automobilu trojstranný sklápač s hydraulickým žeriavom, čelným šípovým pluhom a sypačovou nadstavbou.",Vozidlá na údržbu ciest
3273669,Spotreba PHM,"Nákup 1ks nákladného automobilu trojstranný sklápač s hydraulickým žeriavom, čelným šípovým pluhom a sypačovou nadstavbou.",Vozidlá na údržbu ciest
3273669,Systém samostatne výkyvných polonáprav,"Nákup 1ks nákladného automobilu trojstranný sklápač s hydraulickým žeriavom, čelným šípovým pluhom a sypačovou nadstavbou.",Vozidlá na údržbu ciest
3273676,Lehota realizácie,Výstavba detských ihrísk v obci Dlhá nad Kysucou. Bližšie informácie sú uvedené v súťažných podkladoch.,Stavebné práce na stavbe športových zariadení
3273870,Lehota výstavby v dňoch,Projektová dokumentácia rieši zateplenie objektu / stien a strešného plášťa s výmenou strešnej krytiny / budovy Obecného úradu v obci Dvory nad Žitavou a čiastočnú výmenu okenných otvorov na celom obvodovom plášti( na prízem,Stavebné práce
3273871,Lehota realizácie,"Verejný obstarávateľ plánuje prestavbu pôvodnej strechy na novú sedlovú strechu so sklonom 25°, zateplenie obvodových stien a suterénnych stien a prestavbu vrstiev podlahy pódia. Bližšie informácie sú uvedené v súťažných podk",Stavebné práce na stavbe budov určených pre umenie a kultúru
3273872,Lehota realizácie,Stavebné práce na kultúrnom dome v Tŕstí. Bližšie informácie sú uvedené v súťažných podkladoch.,Stavebné práce na stavbe budov určených pre umenie a kultúru
3273896,Lehota realizácie,Stavebné práce na multifunkčnom ihrisku v obci Mestečko. Bližšie informácie sú uvedené v súťažných podkladoch.,Stavebné práce na stavbe športových zariadení
3273909,Lehota realizácie,Jedná sa o stavebné úpravy jestvujúceho objektu Obecného úradu Dubové.Stavebné úpravy spočívajú v znížení energetických nákladov na prevádzku objektu ktoré budú dosiahnuté celkovým zateplením obvodových stien a strešnéh,Stavebné práce na stavbe budov
3273911,Lehota realizácie,Stavebné práce na prístavbe sály KD Dolný Lieskov. Bližšie informácie sú uvedené v súťažných podkladoch.,Stavebné práce na stavbe budov určených pre umenie a kultúru
3273913,Technická pomoc,Predmetom zákazky je rekonštrukcia kultúrneho domu v obci Bajerov. Podrobný opis predmetu zákazky je uvedený v súťažných podkladoch.,Stavebné práce na stavbe budov určených pre umenie a kultúru
3273913,Lehota výstavby,Predmetom zákazky je rekonštrukcia kultúrneho domu v obci Bajerov. Podrobný opis predmetu zákazky je uvedený v súťažných podkladoch.,Stavebné práce na stavbe budov určených pre umenie a kultúru
3273919,Lehota,"Objekt ""MATERSKÁ ŠKÓLKA"" je navrhovaný v pozdĺžnom úzkom tvare , ktorý je prispôsobený šírkou daným možnostiam parcely 303/11. Novostavba Materskej škôlky sa má realizovať ako murovaná stavba v katastrálnom území Mirkovce n",Stavebné práce
3273952,Lehota výstavby v pracovných dňoch,Projektová dokumentácia rieši zateplenie jestvujúceho objektu Obecného úradu.,Stavebné práce
3273954,Lehota výstavby v pracovných dňoch,Zdravotné stredisko ŠIŠOV ZATEPLENIE A OBNOVA EXTERIÉRU,Stavebné práce
3273975,Technická pomoc,"Predmetom zákazky je rekonštrukcia materskej školy v obci Žipov. Podrobný opis predmetu zákazky je
uvedený v súťažných podkladoch.",Stavebné práce na stavbe budov materských škôl
3273975,Lehota výstavby,"Predmetom zákazky je rekonštrukcia materskej školy v obci Žipov. Podrobný opis predmetu zákazky je
uvedený v súťažných podkladoch.",Stavebné práce na stavbe budov materských škôl
3273979,Technická pomoc,Predmetom zákazky je zvýšenie energetickej účinnosti budovy materskej školy Lekárovce. Podrobný opis predmetu zákazky je uvedený v súťažných podkladoch.,Stavebné práce na stavbe budov materských škôl
3273979,Lehota výstavby,Predmetom zákazky je zvýšenie energetickej účinnosti budovy materskej školy Lekárovce. Podrobný opis predmetu zákazky je uvedený v súťažných podkladoch.,Stavebné práce na stavbe budov materských škôl
3273996,Lehota realizácie,Relaxačno športový areál - Štefanov nad Oravou. Bližšie informácie sú uvedené v súťažných podkladov.,Stavebné práce na stavbe športových zariadení
3273997,Technická pomoc,Predmetom zákazky je komplexná rekonštrukcia budovy kultúrneho domu v obci Bracovce. Podrobný opis predmetu zákazky je uvedený v súťažných podkladoch.,Stavebné práce na stavbe budov určených pre umenie a kultúru
3273997,Lehota výstavby,Predmetom zákazky je komplexná rekonštrukcia budovy kultúrneho domu v obci Bracovce. Podrobný opis predmetu zákazky je uvedený v súťažných podkladoch.,Stavebné práce na stavbe budov určených pre umenie a kultúru
3273999,lehota dodania,"Predmetom zákazky je zavedenie kamerového systému a modernizácia a rekonštrukcia verejného osvetlenia v obci.
Bližšie špecifikované v súťažných podkladoch.",Stavebné práce
3274002,Technická pomoc,Predmetom zákazky je výstavba Domu Nádeje v obci Ďurďoš. Podrobný opis predmetu zákazky je uvedený v súťažných podkladoch.,"Stavebné práce na stavbe budov určených pre zdravotnícke a sociálne služby, krematóriá a verejné záchody"
3274002,Lehota výstavby,Predmetom zákazky je výstavba Domu Nádeje v obci Ďurďoš. Podrobný opis predmetu zákazky je uvedený v súťažných podkladoch.,"Stavebné práce na stavbe budov určených pre zdravotnícke a sociálne služby, krematóriá a verejné záchody"
3274007,Lehota výstavby v dňoch,Predmetom zákazky je realizácia protipovodňových opatrení v obci Banské,Stavebné práce
3274008,Technická pomoc,Predmetom zákazky je zníženie energetickej náročnosti kultúrneho domu obce Svidnička. Podrobný opis predmetu zákazky je uvedený v súťažných podkladoch.,Stavebné práce na stavbe budov určených pre umenie a kultúru
3274008,Lehota výstavby v kalendárnych dňoch,Predmetom zákazky je zníženie energetickej náročnosti kultúrneho domu obce Svidnička. Podrobný opis predmetu zákazky je uvedený v súťažných podkladoch.,Stavebné práce na stavbe budov určených pre umenie a kultúru
3274010,Technická pomoc,"Predmetom zákazky je zníženie energetickej náročnosti kultúrneho domu obce Nižný Mirošov. Podrobný opis predmetu
zákazky je uvedený v súťažných podkladoch.",Stavebné práce na stavbe budov určených pre umenie a kultúru
3274010,Lehota výstavby,"Predmetom zákazky je zníženie energetickej náročnosti kultúrneho domu obce Nižný Mirošov. Podrobný opis predmetu
zákazky je uvedený v súťažných podkladoch.",Stavebné práce na stavbe budov určených pre umenie a kultúru
3274018,2. lehota dodania,"Predmetom zákazky je zavedenie kamerového systému a modernizácia a rekonštrukcia verejného osvetlenia v obci.
Bližšie špecifikované v súťažných podkladoch.",Stavebné práce
3274044,lehota dodania,"Predmetom zákazky je zavedenie kamerového systému a modernizácia a rekonštrukcia verejného osvetlenia v obci.
Bližšie špecifikované v súťažných podkladoch.",Stavebné práce
3274049,lehota dodania,"Predmetom zákazky je zavedenie kamerového systému a modernizácia a rekonštrukcia verejného osvetlenia v obci.
Bližšie špecifikované v súťažných podkladoch.",Stavebné práce
3274078,Lehota realizácie,"Predmetom zákazky je realizácia stavebných prác na významnej rekonštrukcii budovy Materskej školy v Dolnom Piale, ktorá je umiestnená na parcele číslo 585/1, katastrálne územie: Dolný Pial, Obec Dolný Pial, okres: Levice, kraj: Ni",Stavebné práce na stavbe budov
3274081,Lehota realizácie,"Predmetom zákazky je realizácia stavebných prác na významnej rekonštrukcii objektu Kultúrneho domu so súpisným číslom 61, na parcele číslo 86, k.ú. Hronské Kosihy, obec Hronské Kosihy, okres Levice, kraj: Nitriansky, v rámci Ži",Stavebné práce na stavbe budov
3274108,Lehota realizácie,"Predmetom zákazky je realizácia stavebných prác na významnej rekonštrukcii verejnej budovy v obci Bzenica, ktorá je umiestnená na parcele číslo 359, súp. č. 193, katastrálne územie: Bzenica, Obec Bzenica, okres: Žiar nad Hronom, k",Stavebné práce na stavbe budov
3274138,Lehota realizácie,"Predmetom zákazky je realizácia stavebných prác na významnej rekonštrukcii budovy obecného úradu v Rovnom, ktorá je umiestnená na parc. 635/2 a 635/1,, k.ú. Rovné, okres: Svidník, v rámci Žiadosti o nenávratný finančný príspe",Stavebné práce na stavbe budov
3274149,Lehota realizácie,"Predmetom zákazky je realizácia stavebných prác na významnej rekonštrukcii budovy obecného úradu v Kukovej, ktorá je umiestnená na parcele č. KN C 202/9, KN C 202/1 a KN C 202/11, k. ú. Kuková, obec: Kuková, okres: Svidník, kraj:",Stavebné práce na stavbe budov
3274184,Lehota výstavby v pracovných dňoch,Projekt rieši rekonštrukciu budovy komunitného centra v obci.,Stavebné práce
3274297,Lehota výstavby v pracovných dňoch,Rekonštrukcia objektu obecného úradu,Stavebné práce
3274313,Lehota realizácie,"Predmetom zákazky je rekonštrukcia vonkajších podzemných tepelných sieti na Robotníckej
a Hviezdoslavovej ulici v Senici, rekonštrukcia je vyvolaná havarijným stavom existujúcich rozvodov. Jedná sa
o sekundárne tepelné rozvody z",Stavebné práce na kladení potrubného vedenia
3274456,Výška zľavy v % za 1 liter pohonných hmôt,Bezhotovostný nákup pohonných hmôt prostredníctvom palivových kariet bezolovnatý automobilový benzín podľa normy STN EN 228 a motorová nafta podľa normy STN EN 590 (ďalej len PHM) do služobných motorových vozidiel verejného obst,Bezolovnatý benzín
3274527,Lehota realizácie,"Predmetom zákazky je realizácia stavebných prác na významnej rekonštrukcii budovy obecného úradu v Železníku, ktorá je umiestnená na parc. č.: 1, k.ú. Železník, okres: Svidník, v rámci Žiadosti o nenávratný finančný prísp",Stavebné práce na stavbe budov
3274641,Doba realizácie v dňoch,"Predmetom zákazky je výskum v oblasti analýzy a syntézy reči, rozpoznávanie reči. Medzi hlavné výskumné témy patrí spracovať a vytvoriť:
škály jazykovo závislých a jazykovo nezávislých (transkultúrnych) pseudoslov;
vytvore","Služby informačných technológií: konzultácie, vývoj softvéru, internet a podpora"
3274646,Lehota výstavby v pracovných dňoch,Projekt rieši zvýšenie kapacity MŠ v obci.,Stavebné práce
3274649,Lehota výstavby v pracovných dňoch,Zníženie energetickej náročnosti administratívnej budovy s.č. 90 v obci Staškov,Stavebné práce
3274652,Lehota výstavby v dňoch,Predmetom zákazky sú stavebné práce na rekonštrukcii geriatrického pavilónu Nemocnice s Poliklinikou v Považskej Bystrici. Rozsah stavebných prác je definovaný výkazom výmer.,Stavebné práce
3274655,Lehota dodania,"Rekonštrukcia nevyužitej obecnej budovy - starej školy _ Záriečie, pre stavebný objekt SO 01 - OBECNÁ BUDOVA. Bližšie informácie v súťažných podkladoch.",Stavebné práce
3274879,Lehota ukončenia stavebných prác od termínu podpisu Zmluvy o dielo oboma zmluvnými stranami vyjadrená v kalendárnych mesiacoch,"Predmet zákazky tvorí dokončenie rekonštrukcie pamiatkovo chránenej stavby (národnej kultúrnej pamiatky) bývalého kanonického domu situovanej v spodnej (juho-východnej) časti Námestia Jána Pavla II. v Nitre, pozostávajúcej z 2 na",Stavebné práce na cirkevných budovách
3274983,Lehota realizácie,"Predmetom zákazky je realizácia stavebných prác na významnej rekonštrukcii verejnej budovy vo Fričovciach, ktorá je umiestnená na parc. č.: 366, k.ú. Fričovce, okres: Prešov, v rámci Žiadosti o nenávratný finančný príspevok f",Stavebné práce na stavbe budov
3275121,lehota,"Projekt stavby rieši rekonštrukciu kultúrneho domu v obci KURAĽANY okres Levice, výmenou výplní otvorov v obvodovom murive a dodatočnom zateplení.",Stavebné práce
3275134,Lehota realizácie,Výstavba multifunkčného ihriska v obci Zliechov. Bližšie informácie sú uvedené v súťažných podkladoch.,Stavebné práce na stavbe športových zariadení
3275137,Lehota realizácie,Stavebné práce na znížení energetickej náročnosti kultúrneho domu v obci Zliechov. Bližšie informácie sú uvedené v súťažných podkladoch.,Stavebné práce na stavbe budov určených pre umenie a kultúru
3275208,Lehota výstavby v pracovných dňoch,Rekonštrukcia obecného úradu a kultúrneho domu,Stavebné práce
3275213,lehota dodania,"Predmetom zákazky je obnovenie budovy mestského úradu - stavebné práce, bližšia špecifikácia je uvedená v súťažných podkladoch",Stavebné práce
3275259,Najnižšia lehota dodania v kalendárnych dňoch,"Predmetom zákazky je zlepšovanie tepelnotechnických vlastností ZŠ a MŠ v obci Opatovská Nová Ves: zateplenie plochy obvodového plášťa, zateplenie vnútorných stropov pod 1NP, výmena okien, oprava vnútorných omietok, vykurovanie a",Stavebné práce
3275308,lehota dodania,Obnova budovy- Kultúrno- správna budova. Bližšie informácie sú uvedené v súťažných podkladoch.,Stavebné práce
3275309,lehota dodania,Rekonštrukcia autobusových zastávok a chodníka v obci. Bližšie informácie sú uvedené v súťažných podkladoch.,Stavebné práce
3275315,Lehota,"Projekt vytvorenie komunitného centra v obci Ražňany rieši stavebné úpravy a zmenu stavby bývalého kaštieľa v centrálnej časti obce, v ktorej momentálne obec poskytuje služby obecnej komunity pre rozvoj voľnočasových aktivít. T",Stavebné práce
3275321,Technická pomoc,"Predmetom zákazky je rekonštrukcia kultúrneho domu v obci Radvanovce. Podrobný opis predmetu zákazky je
uvedený v súťažných podkladoch.",Stavebné práce na stavbe budov určených pre umenie a kultúru
3275321,Lehota výstavby,"Predmetom zákazky je rekonštrukcia kultúrneho domu v obci Radvanovce. Podrobný opis predmetu zákazky je
uvedený v súťažných podkladoch.",Stavebné práce na stavbe budov určených pre umenie a kultúru
3275413,Lehota výstavby,"Zvýšenie energetickej účinnosti hlavného objektu budovy obecného úradu sa dosiahne výmenou starých plastových, dvojitých okien za nové, plastové s izolačným dvojsklom. Taktiež sa vymenia všetky vstupné dvere do budovy za nové,",Stavebné práce
3275425,Lehota realizácie,"Predmetom zákazky je realizácia stavebných prác na významnej rekonštrukcii objektov komplexu CVČ (Centrum voľného času) na parcelách č. 2454/66 a 2454/68 a telocvične na parcele č. 2459 v meste Komárno na Rozmarínovej ulici, k.ú",Stavebné práce na stavbe budov materských škôl
3275430,Lehota výstavby v kalendárnych dňoch od odovzdania staveniska,"Predmetom zákazky je odkanalizovanie aglomerácie Kendice, Petrovany - časť Petrovany a vybudovanie ČOV v zmysle projektovej dokumentácie a výkazu výmer. Bližšie informácie sú uvedené v súťažných podkladoch.",Stavebné práce na stavbe kanalizácie
3275459,Lehota dodania tovaru v kalendárnych dňoch,Nákup linky na spracovanie bavlny,Rôzne špeciálne strojové zariadenia
3275461,Lehota dodania tovaru v kalendárnych dňoch,Automatická prevíjacia linka médií,Rôzne špeciálne strojové zariadenia
3275651,Pozáručný servis za 5 rokov,Stavba rieši výstavbu splaškovej kanalizácie v obci Moravany. Odpadové vody budú dopravované vybudovaným potrubím do novovybudovanej ČOV v Bánovciach nad Ondavou. Navrhovaná stavba pozostáva z nasledujúcich prevádzkových súborov,Stavebné práce na stavbe kanalizačných vedení
3275679,Lehota výstavby vyjadrená v celých kalendárnych  dňoch odo dňa odovzdania  staveniska zhotoviteľovi.,"Zateplenie obvodového plášťa, zateplenie a hydroizoláciu strešného plášťa a výmenu okien a dverí na objekte školy a telocvične ZŠ v obci Láb. Objekt sa nachádza v strede obce, na mierne svahovitom teréne, na parc. č. 1306/13 a",Stavebné práce
3275713,Lehota realizácie,"Predmetom zákazky je realizácia stavebných prác na významnej rekonštrukcii budovy Materskej školy v Stredných Plachtinciach, ktorá je umiestnená na parcele č. 596, katastrálne územie: Stredné Plachtince, Obec Stredné Plachtince, o",Stavebné práce na stavbe budov
3275752,Pozáručný servis za 5 rokov,Výstavba kanalizácie a vybudovanie novej ČOV v obci Streda nad Bodrogom - podľa realizačnej PD. Stavba rieši výstavbu splaškovej kanalizácie a vybudovanie ČOV v Strede nad Bodrogom. Stavba pozostáva z nasledovných prevádzkových sú,Stavebné práce na stavbe kanalizačných vedení
3275794,Lehota realizácie,Stavebné práce na čiastočnej kanalizácií v obci Bziny. Bližšie informácie sú uvedené v súťažných podkladoch.,Stavebné práce na stavbe kanalizácie
3275883,Najnižšia lehota dodania v kalendárnych dňoch,"Ucelom vystavby je vybudovanie a prevadzkovanie zberneho dvora v obci Svaty Kriz, ako vyhradenej plochy pre prijem, zhromazdovanie a separovanie odpadov. Dalsie podrobnosti su v projektovej dokumentacii a vo vykaze-vymer.",Stavebné práce
3275937,Lehota výstavby,Návrh revitalizácie verejnej plochy vychádza z existujúceho stavu. Navrhnutá je verejná trávnata plocha s mestským mobiliárom a detskými zariadeniami. V rámci tejto plochy je navrhnutá čiastočná obnova chodníkov. Na verejnej ploc,Stavebné práce
3275937,Najnižšia,Návrh revitalizácie verejnej plochy vychádza z existujúceho stavu. Navrhnutá je verejná trávnata plocha s mestským mobiliárom a detskými zariadeniami. V rámci tejto plochy je navrhnutá čiastočná obnova chodníkov. Na verejnej ploc,Stavebné práce
3276006,Pozáručný servis za 5 rokov,Stavba rieši výstavbu splaškovej kanalizácie v obciach Trhovište a Bánovce nad Ondavou. Odpadové vody budú dopravované vybudovaným potrubím do novovybudovanej ČOV v Bánovciach nad Ondavou. Navrhovaná stavba pozostáva z nasledujúc,Stavebné práce na stavbe kanalizačných vedení
3276061,Lehota výstavby v dňoch,Predmetom zákazky je zabezpečiť uzatvorenie zmluvy o dielo na realizáciu stavebných prác v rámci projektu Zateplenie Materskej školy a výmena vykurovacieho systému.,Stavebné práce na stavbe budov materských škôl
3276348,Lehota,"Prístavba, rekonštrukcia a rozšírenie kapacity materskej školy obce Seňa je zložená z prístavby a rekonštrukcie na I.NP, na II.NP a na III.NP",Stavebné práce
3276417,Termín ukončenia efektívne využívajúci zdroje,"Zámerom investora je celková výmena krovu a strešnej konštrukcie, ktorá sa nahradí novou strešnou krytinou, t. j. plechová krytina (s lakoplastovou úpravou), zateplenie sokla, fasády, strechy a podláh, výmena otvorových konštrukci",Stavebné práce
3276488,Lehota výstavby v dňoch,"Premetom zákazky sú stavebné práce na budove Úradu priemyselného vlastníctva SR, zamerané na zníženie energetickej náročnosti budovy. Podrobný popis stavebných prác je uvedený v Opise predmetu zákazky súťažných podkladov a p",Tepelnoizolačné práce
3276499,Lehota realizácie,"Predmetom zákazky je realizácia stavebných prác na významnej rekonštrukcii budovy Základnej školy v Horných Semerovciach, ktorá je umiestnená na parcele číslo 25/22, katastrálne územie: Horné Semerovce, Obec Horné Semerovce, okr",Stavebné práce na stavbe budov
3276564,Lehota realizácie,"Predmetom zákazky je realizácia stavebných prác na významnej rekonštrukcii budovy obecného úradu v Budimíre, ktorá je umiestnená na parcele číslo 189/3, katastrálne územie: Budimír, Obec Budimír, okres: Košice-okolie, kraj: Ko",Stavebné práce na stavbe budov
3276594,Najnižšia lehota dodania v kalendárnych dňoch,"Ucelom vystavby je vybudovanie a prevadzkovanie zberneho dvora v obci Žaškov ako vyhradenej plochy pre prijem,
zhromazdovanie a separovanie odpadov. Dalsie podrobnosti su v projektovej dokumentacii a vo vykaze-vymer.",Stavebné práce
3276644,Najnižšia lehota dodania v kalendárnych dňoch,"Predmetom zakazky je dodanie technologii na zber a zvoz biologicky rozlozitelneho odpadu, drobneho stavebneho odpadu, satstva a textilii a inych. Predmetom dodania su traktor a k nemu kompatibilne prislusenstvo, a to celny nakladac, naťahovací",Kontajnery a nádoby na odpad a odpadky
3276695,Lehota realizácie,"Predmetná stavba sa nachádza v Považskej Bystrici na okraji sídliska SNP. Stavba je v súčasnosti využívaná ako
špeciálna škola internátna, so špeciálnou materskou školou základnou školou a internátom. Účel budovy sa nebude",Stavebné práce na objektoch špeciálnych škôl
3276754,Lehota dodania tovaru v kalendárnych dňoch,Nákup linky na spracovanie bavlny,Rôzne špeciálne strojové zariadenia
3276757,Lehota dodania tovaru v kalendárnych dňoch,Automatická prevíjacia linka médií,Rôzne špeciálne strojové zariadenia
3276775,Lehota výstavby v pracovných dňoch,Rekonštrukcia MŠ v obci.,Stavebné práce
3276776,2) Lehota výstavby v kalendárnych dňoch,Predmetom zákazky projektu: Zníženie energetickej náročnosti budovy ŠZŠ v Čiernom Balogu je realizácia stavebných prác v súlade s vypracovaným stavebno-technickým riešením a požiadavkami vyhlasovateľa súťaže.,Stavebné práce na objektoch špeciálnych škôl
3277251,Termín ukončenia,"Riešený hlavný objekt (SO 01) je samostatne stojaca stavba o rozmeroch 25,02 x 15,72 m postavená na upravenom rovinatom pozemku s hlavným vstupom riešeným bezbariérovo z východnej strany. Je navrhovaná ako jednopodlažný objekt ukonč",Stavebné práce
3277348,Lehota,Cieľom projektu je zefektívnenie existujúceho separovaného zberu komunálneho odpadu zavedením separácie biologicky rozložiteľného komunálneho odpadu v meste Medzilaborce.,Stavebné práce na stavbách zariadení na spracovanie odpadu
3277397,2) Lehota výstavby v kalendárnych dňoch,"Predmetom projektu: ""Výstavba materskej školy v obci Uzovce"" je výstavba nového objektu materskej školy vrátane prvkov inkluzívneho vzdelávania a obstaranie materiálno-technického vybavenia tejto materskej škôly s dôrazom na zvýše",Stavebné práce na stavbe budov materských škôl
3277484,Výška provízie v %,"Predmetom zákazky je uzatvorenie Rámcovej zmluvy o poskytovaní služby, predmetom ktorej je predaj a distribúcia jednorazových cestovných lístkov v príslušnej hodnote podľa platných cenníkov, ktoré sú súčasťou Prepraveného pori",Cestovné lístky
3277484,Počet koncových bodov predajných miest,"Predmetom zákazky je uzatvorenie Rámcovej zmluvy o poskytovaní služby, predmetom ktorej je predaj a distribúcia jednorazových cestovných lístkov v príslušnej hodnote podľa platných cenníkov, ktoré sú súčasťou Prepraveného pori",Cestovné lístky
3277691,lehota dodania,"Obstaranie šijacích, vyšívacích a žehliacich textilných technológií a nevyhnutného príslušenstva na výkon podnikateľskej činnosti v oblasti kreatívneho rozšírenia vlastnej dizajnovej značky.",Šijacie stroje
3277873,Koeficient ekonomickej výhodnosti,Predmetom zákazky je poskytnutie služieb pre zákazku s názvom Zvýšenie energetickej efektívnosti NsP Sv. Jakuba formou poskytnutia garantovanej energetickej služby.,Energetika a súvisiace služby
3277930,Technická pomoc,Predmetom zákazky je rozšírenie kanalizačnej siete v obci Kuková. Celkový rozsah prác je uvedený v súťažných podkladoch.,Stavebné práce na stavbe kanalizácie
3277930,Lehota výstavby,Predmetom zákazky je rozšírenie kanalizačnej siete v obci Kuková. Celkový rozsah prác je uvedený v súťažných podkladoch.,Stavebné práce na stavbe kanalizácie
3278091,Lehota výstavby predmetného diela od prevzatia staveniska po odovzdanie diela v kalendárnych dňoch,"Stavba kanalizácie stoka N sa nachádza v miestnej komunikácii v centre obce,od materskej školy po pripojenie na štátnu cestu. Dĺžka 186m.",Stavebné práce
3278100,Pozáručný servis za 5 rokov,Výstavba jednotnej a splaškovej kanalizácie v meste Kráľovský Chlmec - podľa realizačnej PD. Navrhovaná II. etapa intenzifikácie predmetnej ČOV je rozčlenená na nasledovné stavebné objekty a prevádzkové súbory: prevádzkové s,Stavebné práce na stavbe kanalizačných vedení
3278152,Technická pomoc,"Predmetom zákazky je rekonštrukcia verejného priestranstva v obci Lekárovce. Podrobný opis predmetu zákazky je
uvedený v súťažných podkladoch.",Práce vrchnej stavby chodníkov
3278152,Lehota výstavby,"Predmetom zákazky je rekonštrukcia verejného priestranstva v obci Lekárovce. Podrobný opis predmetu zákazky je
uvedený v súťažných podkladoch.",Práce vrchnej stavby chodníkov
3278159,Lehota výstavby,Predmetom zákazky je výstavba turistickej vyhliadkovej veže. Podrobný opis predmetu zákazky je uvedený v súťažných podkladoch.,Stavebné práce
3278179,Lehota výstavby,Výstavba celoobecnej kanalizácie a výtlačného potrubia pre odvedenie splaškových vôd z obce Branč a stavebné práce na čističke odpadových vôd. Bližšie informácie sú uvedené v súťažných podkladoch.,Stavebné práce na stavbe kanalizácie
3278179,Spotreba chemikálií v ČOV,Výstavba celoobecnej kanalizácie a výtlačného potrubia pre odvedenie splaškových vôd z obce Branč a stavebné práce na čističke odpadových vôd. Bližšie informácie sú uvedené v súťažných podkladoch.,Stavebné práce na stavbe kanalizácie
3278179,Spotreba elektrickej energie,Výstavba celoobecnej kanalizácie a výtlačného potrubia pre odvedenie splaškových vôd z obce Branč a stavebné práce na čističke odpadových vôd. Bližšie informácie sú uvedené v súťažných podkladoch.,Stavebné práce na stavbe kanalizácie
3278279,Technická pomoc,Predmetom zákazky je revitalizácia verejného priestranstva pri kultúrnom dome v obci Horovce. Podrobný opis predmetu zákazky je uvedený v súťažných podkladoch.,Stavebné práce na stavbe plôch
3278279,Lehota výstavby,Predmetom zákazky je revitalizácia verejného priestranstva pri kultúrnom dome v obci Horovce. Podrobný opis predmetu zákazky je uvedený v súťažných podkladoch.,Stavebné práce na stavbe plôch
3278304,Technická pomoc,"Predmetom zákazky je revitalizácia verejných priestranstiev v obci Topoľa. Podrobný opis predmetu zákazky je
uvedený v súťažných podkladoch.",Práce na kompletnej alebo čiastočnej stavbe a práce inžinierskych stavieb
3278304,Lehota výstavby v kalendárnych dňoch,"Predmetom zákazky je revitalizácia verejných priestranstiev v obci Topoľa. Podrobný opis predmetu zákazky je
uvedený v súťažných podkladoch.",Práce na kompletnej alebo čiastočnej stavbe a práce inžinierskych stavieb
3278441,Pozáručný servis za 5 rokov,"Výstavba splaškovej kanalizácie v obciach Veľké Trakany, Malé Trakany a intenzifikácia ČOV v meste Čierna nad Tisou - podľa realizačnej PD. Navrhovaná intenzifikácia ČOV Čierna nad Tisou je rozčlenená na nasledovné stavebné ob",Stavebné práce na stavbe kanalizačných vedení
3278547,Lehota realizácie,"Predmetom zákazky je realizácia stavebných prác na významnej rekonštrukcii objektu Kultúrneho domu so súpisným číslom 298, na parcele číslo 1/2, k.ú. Lok, obec Lok, okres Levice, kraj: Nitriansky, v rámci Žiadosti o poskytnutie p",Stavebné práce na stavbe budov
3278550,Lehota realizácie,"Stavebné práce pozostávajú z rozdelenia plôch do troch funkčných častí a to námestia, centrálneho trávnika s pódiom a parkovej úpravy. Bližšie informácie sú uvedené v súťažných podkladoch.",Stavebné práce na stavbe plôch pre parky
3278561,Lehota výstavby v pracovných dňoch,Projekt rieši výstavbu komunitného centra v obci.,Stavebné práce
3278576,Lehota realizácie,"Predmetom zákazky je realizácia stavebných prác na významnej rekonštrukcii budovy spoločenského domu v Dolnej Ždani, ktorá je umiestnená na parcele číslo 424/1, súpisné číslo: 46, katastrálne územie Dolná Ždaňa, obec Dolná",Stavebné práce na stavbe budov
3278611,Technická pomoc,Predmetom zákazky je revitalizácia vybraných častí územia obce Radvanovce. Podrobný opis predmetu zákazky je uvedený v súťažných podkladoch.,Práce na kompletnej alebo čiastočnej stavbe a práce inžinierskych stavieb
3278611,Lehota výstavby v kalendárnych dňoch,Predmetom zákazky je revitalizácia vybraných častí územia obce Radvanovce. Podrobný opis predmetu zákazky je uvedený v súťažných podkladoch.,Práce na kompletnej alebo čiastočnej stavbe a práce inžinierskych stavieb
3278633,Lehota realizácie,Predmetom zákazky sú stavebné práce na zriadení pamätnej izby a knižnice E. Čepčekovej v objekte Centra voľného času E.Čepčekovej Dolná Ždaňa. Bližšie informácie ohľadom predmetu zákazky sú uvedené v súťažných podklad,Stavebné práce na múzeách
3278756,Lehota výstavby uvedená v dňoch,Predmetom zákazky je zabezpečiť uzatvorenie zmluvy o dielo na realizáciu stavebných prác v rámci projektu Zvýšenie energetickej efektívnosti MŠ Cintorínska.,Stavebné práce na stavbe budov materských škôl
3278871,Lehota realizácie,Oprava jestvujúcich miestnych komunikácií v obci Pleš. Bližšie informácie sú uvedené v súťažných podkladoch.,"Stavebné práce, práce spodnej a vrchnej stavby diaľnic, ciest"
3278916,"Maximálna celková obsaditeľnosť autobusu, pričom podiel miest na sedenie z celkového počtu miest musí byť","Predmetom zákazky je uzavretie zmluvy v súlade s ustanovením § 56 zákona o verejnom obstarávaní za stanovených podmienok v súťažných podkladoch, ktorej predmetom bude dodanie 28 ks nových nízkopodlažných (dvojnápravových) autob",Autobusy a autobusy na diaľkovú prepravu
3278916,Počet miest na sedenie (bez sklápacích sedadiel) z počtu všetkých miest (bez sklápacích sedadiel) autobusu,"Predmetom zákazky je uzavretie zmluvy v súlade s ustanovením § 56 zákona o verejnom obstarávaní za stanovených podmienok v súťažných podkladoch, ktorej predmetom bude dodanie 28 ks nových nízkopodlažných (dvojnápravových) autob",Autobusy a autobusy na diaľkovú prepravu
3278916,Lehota dodania predmetu zákazky,"Predmetom zákazky je uzavretie zmluvy v súlade s ustanovením § 56 zákona o verejnom obstarávaní za stanovených podmienok v súťažných podkladoch, ktorej predmetom bude dodanie 28 ks nových nízkopodlažných (dvojnápravových) autob",Autobusy a autobusy na diaľkovú prepravu
3278917,"Maximálna celková obsaditeľnosť autobusu, pričom podiel miest na sedenie z celkového počtu miest musí byť","Predmetom zákazky je uzavretie zmluvy v súlade s ustanovením § 56 zákona o verejnom obstarávaní za stanovených podmienok v súťažných podkladoch, ktorej predmetom bude dodanie 32 ks nových nízkopodlažných kĺbových (trojnápravov",Kĺbové autobusy
3278917,Počet miest na sedenie (bez sklápacích sedadiel) z počtu všetkých miest (bez sklápacích sedadiel) autobusu,"Predmetom zákazky je uzavretie zmluvy v súlade s ustanovením § 56 zákona o verejnom obstarávaní za stanovených podmienok v súťažných podkladoch, ktorej predmetom bude dodanie 32 ks nových nízkopodlažných kĺbových (trojnápravov",Kĺbové autobusy
3278917,Lehota dodania predmetu zákazky,"Predmetom zákazky je uzavretie zmluvy v súlade s ustanovením § 56 zákona o verejnom obstarávaní za stanovených podmienok v súťažných podkladoch, ktorej predmetom bude dodanie 32 ks nových nízkopodlažných kĺbových (trojnápravov",Kĺbové autobusy
3279066,2. lehota dodania,"Spevnené plochy, sadové úpravy, prvky drobnej architektúry. Bližšie informácie sú uvedené v súťažných podkladoch.",Stavebné práce
3279085,Lehota výstavby v dňoch,"Projektová dokumentácia rieši stavebné úpravy budovy Kultúrneho domu v Modrom Kameni
za účelom zníženia energetickej náročnosti budovy. Obsahom stavebných úprav je :
- zateplenie obvodových stien budovy
- zateplenie stropu
- v",Stavebné práce
3279124,Užitočná hmotnosť vozidla (kg),Predmetom zákazky je dodanie nákladného auta so skriňovou termoizolačnou nadstavbou. Ide o vozidlo kategórie N1.,Motorové vozidlá na prepravu tovaru
3279314,Najnizsia lehota dodania predmetu obstaravania v kalendarych dnoch,Predmetom zákazky je oprava krytu miestnej komunikacie ku kostolu v obci Pribiš.,Stavebné práce
3279335,Lehota realizácie v dňoch,"SO 01: Úsek Obecný úrad dom č.104
Komunikáciu bude potrebné očistiť od nánosov blata a prachu. Následne je potrebné provizórne vyspraviť výtlky hĺbky viac ako 30mm. Na výtlky do hĺbky 150mm odporúčame použiť recyklovanú as",Práce na oprave ciest
3279366,2. lehota dodania,Rekonštrukcia chodníkov a dažďová kanalizácia v obci. Bližšie informácie v súťažných podkladoch.,Stavebné práce
3279531,Najnizsia lehota dodania predmetu obstaravania v kalendarych dnoch,Predmetom zákazky je rekonštrukcia spevnenej plochy pred školou v obci Hôrky,Stavebné práce
3279641,Lehota výstavby,"Rekonštrukcia MK pozostáva z obnovy asfaltového krytu vozovky. Osadia sa betónové obrubníky, komunikácia sa dobetónuje, výtlky sa vyspravia asfaltovým betónom, povrch sa vyrovná asfaltovým betónom a zrealizuje sa nová obrusná vrs",Stavebné práce na výstavbe ciest
3279680,Technická pomoc,Predmetom zákazky je rekonštrukcia chodníkov v obci Veľké Ozorovce. Podrobný opis predmetu zákazky je uvedený v súťažných podkladoch,Práce spodnej stavby chodníkov
3279680,Lehota výstavby,Predmetom zákazky je rekonštrukcia chodníkov v obci Veľké Ozorovce. Podrobný opis predmetu zákazky je uvedený v súťažných podkladoch,Práce spodnej stavby chodníkov
3279805,Najnizsia lehota dodania v kalendarnych dnoch,Predmetom zákazky je zvyšovanie energetickej efektivnosti budovy OÚ č.s.517 v Korni. Predmet zakazky je blizsie specifikovany v sutaznych podkladoch a ich prilohach.,Stavebné práce
3279931,Lehota realizácie,Projekt rieši novostavbu Skladovej haly separovaného zberu na parc.č. 1332/7v k.ú. Plevník-Drienové vo svahovitom teréne. Bližšie informácie sú uvedené v súťažných podkladoch.,Stavebné práce na stavbe budov
3279999,Technická pomoc,Predmetom zákazky je revitalizácia vybraných častí územia obce Pavlovce. Podrobný opis predmetu zákazky je uvedený v súťažných podkladoch.,Práce na kompletnej alebo čiastočnej stavbe a práce inžinierskych stavieb
3279999,Lehota výstavby v kalendárnych dňoch,Predmetom zákazky je revitalizácia vybraných častí územia obce Pavlovce. Podrobný opis predmetu zákazky je uvedený v súťažných podkladoch.,Práce na kompletnej alebo čiastočnej stavbe a práce inžinierskych stavieb
3280015,Technická pomoc,Predmetom zákazky je rekonštrukcia mosta a výstavba záchytného parkoviska v obci Horovce. Podrobný opis predmetu zákazky je uvedený v súťažných podkladoch.,Stavebné práce na cestných mostoch
3280015,Lehota výstavby,Predmetom zákazky je rekonštrukcia mosta a výstavba záchytného parkoviska v obci Horovce. Podrobný opis predmetu zákazky je uvedený v súťažných podkladoch.,Stavebné práce na cestných mostoch
3280043,Najnizsia lehota dodania v kalendarnych dňoch,"Navrhovany zberny dvor je uzavrety - oploteny areal, ktory bude sluzit pre systematicke kratkodobe docasne ukladanie a zber odpadu /presne stanoveneho druhu/ v ramci obce Korna, okres Cadca. Tento pretriedeny odpad sa nasledne odvezie spracovate",Stavebné práce
3280372,Lehota výstavby v dňoch,"Predmetom zákazky je úprava vnútorných priestorov v nemocnici Bojnice, ktoré budú slúžiť pre potreby pracoviska CT. Stavebné práce zohľadňujú priestorové a technické požiadavky pre budúcu inštaláciu prístroja CT.",Stavebné práce
3280397,Lehota,"Predmetom návrhu je ochrana obce Záborské, jej obyvateľstva, technickej infraštruktúry a majetku pred povodňami. Predmet činnosti sa sústreďuje na Záborský potok a jeho pravostranný prítok v úseku sídelnej časti obce Záborské.",Regulácia riek a protipovodňové práce
3280433,Lehota realizácie,"Predmetom zákazky sú stavebné práce na verejnom priestranstve a parku v obci Dolná Ždaňa. Bližšie
informácie ohľadom predmetu zákazky sú uvedené v súťažných podkladoch.",Stavebné práce
3280620,Technická pomoc,"Predmetom zákazky je výstavba chodníkov pre peších v obci Ľubovci. Podrobný opis predmetu zákazky je uvedený v súťažných podkladoch,",Práce spodnej stavby chodníkov
3280620,Lehota výstavby,"Predmetom zákazky je výstavba chodníkov pre peších v obci Ľubovci. Podrobný opis predmetu zákazky je uvedený v súťažných podkladoch,",Práce spodnej stavby chodníkov
3280626,Lehota výstavby,Predmetom zákazky je rekonštrukcia chodníkov v obci Vyšný Klátov,Práce spodnej stavby chodníkov
3280635,Lehota,"Predmetom stavebného diela je časť ÚVK Ústredné vykurovanie a časť MaR, podľa priloženej PD. V časti ÚVK sa jedná o realizáciu rekonštrukcie vykurovania a zdroja tepla pre účely vykurovania rekonštruovaného objektu Obecný úr",Stavebné práce
3280650,Najnižšia lehota dodania v kalendárnych dňoch,"Účelom stavby je vybudovanie centrálnej skladovacej plochy obce, kde sa bude odpad triediť, skladovať a následne bude odvážaný oprávnenou osobou (organizáciou) na likvidáciu prípadne ďalšiu recykláciu. Ďalšie podrobnosti sú v",Stavebné práce
3280717,Lehota realizácie,Oprava jestvujúcich miestnych chodníkov s dobudovaním kanalizácie v obci Stará Halič. Bližšie informácie sú uvedené v súťažných podkladoch.,Stavebné práce na stavbe chodníkov
3280753,Lehota výstavby v dňoch,"Predmetom zákazky je zabezpečiť uzatvorenie zmluvy o dielo na realizáciu stavebných prác v rámci projektu Zníženie energetickej náročnosti budov MŠ ul. Na Sihoti, Dolný Kubín.",Stavebné práce na stavbe budov materských škôl
3280808,Najnizsia lehota dodania v kalendarnych dňoch,"Predmetom zakazky je dodanie technologii na zber a zvoz biologicky rozlozitelneho odpadu, drobneho stavebneho odpadu, satstva a textilii a inych. Predmetom dodania su traktor a k nemu kompatibilne prislusenstvo, a to celny nakladac, hakovy konta",Kontajnery a nádoby na odpad a odpadky
3280875,Lehota realizácie zákazky v celých dňoch,Výstavba a rekonštrukcia miestnych komunikácií v obci Hontianske Trsťany,Stavebné práce
3280945,Termín ukončenia v dňoch,Predmetom zákazky sú stavebné práce pri predĺžení kanalizácie a vodovodu v obci Raková - miestna časť Fojstvo. Rozšírenie bude spočívať z vybudovania stavebných objektov: SO01 Vodovod; SO02 Splašková kanalizácia; SO03 Dažďo,Práce súvisiace so stavbou potrubných vedení na rozvod vody
3281043,Najnižšia lehota dodania v kalendárnych dňoch,"Predmetom zákazky je zníženie energetickej náročnosti budovy materskej školy Korcháň č. 1070 v obci Raková: výmena výplní otvorov, ostatné, zateplenie fasády, zateplenie stropov, náter strechy, vzduchotechnika, elektroinštaláci",Stavebné práce
3281051,2. Lehota dodania v dňoch,"SO 01 rekonštrukcia miestnej komunikácie Stolečné
dĺžka trasy 2 123,48 m
kategória komunikácie MO-4,5/30
funkčná trieda C3, dopravné zaťaženie V
plocha trasy 8 720,00 m2

SO 02 rekonštrukcia miestnej komunikácie Okružná
d",Práce na oprave ciest
3281053,Lehota realizácie,"Predmetom zákazky je realizácia stavebných prác na významnej rekonštrukcii budovy obecného úradu spolu s kultúrnym domom, ktorá je umiestnená na parcele č. KN C 308, katastrálne územie: Prestavlky, Obec Prestavlky, okres: Žiar nad",Stavebné práce na stavbe budov
3281063,Lehota,Projekt rieši zlepšenie energetickej hospodárnosti materskej školy v obci Ipeľské Predmostie,Stavebné práce
3281221,Počet miest na sedenie (bez sklápacích sedadiel) z počtu všetkých miest (bez sklápacích sedadiel) autobusu,"Predmetom zákazky je uzavretie zmluvy v súlade s ustanovením § 56 zákona o verejnom obstarávaní za stanovených podmienok v súťažných podkladoch, ktorej predmetom bude dodanie 24 ks nových nízkopodlažných (dvojnápravových) autob",Autobusy a autobusy na diaľkovú prepravu
3281221,"Maximálna celková obsaditeľnosť autobusu, pričom podiel miest na sedenie z celkového počtu miest musí byť najmenej 25%","Predmetom zákazky je uzavretie zmluvy v súlade s ustanovením § 56 zákona o verejnom obstarávaní za stanovených podmienok v súťažných podkladoch, ktorej predmetom bude dodanie 24 ks nových nízkopodlažných (dvojnápravových) autob",Autobusy a autobusy na diaľkovú prepravu
3281221,Lehota dodania predmetu zákazky,"Predmetom zákazky je uzavretie zmluvy v súlade s ustanovením § 56 zákona o verejnom obstarávaní za stanovených podmienok v súťažných podkladoch, ktorej predmetom bude dodanie 24 ks nových nízkopodlažných (dvojnápravových) autob",Autobusy a autobusy na diaľkovú prepravu
3281226,Lehota,Predkladaný projekt rieši prístavbu a obnovu materskej školy (ďalej iba MŠ)v obci Hraň. Cieľom je rozšírenie kapacity materskej školy a zlepšenie kvality priestorov. Celková kapacita MŠ bude po realizácii projektu 55 detí. Moment,Stavebné práce
3281231,Lehota výstavby v dňoch,Predmetom zákazky je zabezpečiť uzatvorenie zmluvy o dielo na realizáciu stavebných prác v rámci projektu Zlepšenie energetickej hospodárnosti základnej školy.,Stavebné práce na objektoch základných škôl
3281287,Najnižšia lehota dodania v kalendárnych dňoch,"Predmetom zákazky je dodanie technológii na zber a zvoz biologicky rozložiteľného odpadu, drobného stavebného odpadu, šatstva a textílii a iných. Predmetom dodania sú traktor a k nemu kompatibilné príslušenstvo, a to čelný naklad",Kontajnery a nádoby na odpad a odpadky
3281303,Lehota,"Projekt rieši zateplenie celého objektu. Objekt bude zateplený certifikovaným zatepľovacím systémom.
Stavba nie je členená na samostatné technologické časti ani prevádzkové súbory. Stavba bude
zrealizovaná v jednej etape ako ce",Stavebné práce
3281333,Počet miest na sedenie (bez sklápacích sedadiel) z počtu všetkých miest (bez sklápacích sedadiel) autobusu,"Predmetom zákazky je uzavretie zmluvy v súlade s ustanovením § 56 zákona o verejnom obstarávaní za stanovených podmienok v súťažných podkladoch, ktorej predmetom bude dodanie 6 ks nových nízkopodlažných (dvojnápravových) autobu",Autobusy a autobusy na diaľkovú prepravu
3281333,"Maximálna celková obsaditeľnosť autobusu, pričom podiel miest na sedenie z celkového počtu miest musí byť najmenej 25%","Predmetom zákazky je uzavretie zmluvy v súlade s ustanovením § 56 zákona o verejnom obstarávaní za stanovených podmienok v súťažných podkladoch, ktorej predmetom bude dodanie 6 ks nových nízkopodlažných (dvojnápravových) autobu",Autobusy a autobusy na diaľkovú prepravu
3281333,Lehota dodania predmetu zákazky,"Predmetom zákazky je uzavretie zmluvy v súlade s ustanovením § 56 zákona o verejnom obstarávaní za stanovených podmienok v súťažných podkladoch, ktorej predmetom bude dodanie 6 ks nových nízkopodlažných (dvojnápravových) autobu",Autobusy a autobusy na diaľkovú prepravu
3281389,Termín ukončenia,"Projekt vytvorenie komunitného centra v obci Ražňany rieši stavebné úpravy a zmenu stavby bývalého kaštieľa v centrálnej časti obce, v ktorej momentálne obec poskytuje služby obecnej komunity pre rozvoj voľnočasových aktivít. T",Stavebné práce
3282175,Lehota výstavby,Predmetom zákazky je obnova hospodárskeho pavilónu materskej školy v obci Ražňany. Podrobný opis predmetu zákazky je uvedený v súťažných podkladoch,Stavebné práce na stavbe budov
3282281,Lehota výstavby,"Predmetom zákazky je Účelom stavebných prác je komplexná obnova existujúceho objektu ZŠ. Objekt a jeho stavebné konštrukcie, resp. súčasné úpravy povrchov a technické vybavenie sú značne amortizované a v niektorých aspektoch u",Stavebné práce
3282486,Lehota,"Cieľom stavby je vyriešenie nevyhovujúceho stavu mostného objektu cez potok Kamenec
v obci Zborov na ul.SNP. Cesta je riešená ako kategória MO5,0/40. Stavba vyhovuje
požiadavkám obstarávateľa na šírkové usporiadanie a životnosť",Stavebné práce
3282564,2) Lehota výstavby v kalendárnych dňoch,"Jedná sa o uskutočnenie stavebných prác na stavbe v rozsahu projektovej dokumentácie, ktorú vypracoval: EKOSTAVING s.r.o., Dubová 493/5, 031 04 Liptovský Mikuláš; projektant: Ing. Jaroslav Straka a jedná sa o stavebný objekt: SO 01 O",Práce vrchnej stavby ciest
3282590,Lehota realizácie diela v kalendárnych dňoch,"Obnova knižnice a archívu slovanského seminára, vnútorné úpravy výplne otvorov, obnova fasády, zdravotechnika, umelé osvetlenie a vnútorné silnoprúdové rozvody, dátové rozvody, vykurovanie, nákup a zabudovanie mobilného regálo",Stavebno-inštalačné práce
3282882,Lehota dodania tovarov IS ES v dňoch,"Predmetom zákazky v rámci projektu podporovaného zo štrukturálnych fondov Európskej únie je, bez ohľadu na existujúce SW licencie alebo HW komponenty vo vlastníctve verejného obstarávateľa, komplexná dodávka a podpora prevádzky I","Služby informačných technológií: konzultácie, vývoj softvéru, internet a podpora"
3282882,Lehota poskytnutia služieb budovania IS ES v dňoch,"Predmetom zákazky v rámci projektu podporovaného zo štrukturálnych fondov Európskej únie je, bez ohľadu na existujúce SW licencie alebo HW komponenty vo vlastníctve verejného obstarávateľa, komplexná dodávka a podpora prevádzky I","Služby informačných technológií: konzultácie, vývoj softvéru, internet a podpora"
3282931,Lehota realizácie,"Projekt rieši prestavbu areálu jestvujúceho areálu, pričom sa zmení jeho funkcia. Vybuduje sa nový plot, upravia sa
vjazdy a výjazdy z areálu, zbúrajú jestvujúce stavby a vybudujú nové. Súčasťou projektu je aj vybudovanie spevn",Stavebné práce na stavbách zariadení na spracovanie odpadu
3283067,Lehota dodania,"Predmetom zakazky su stavebne prace na gravitacnej kanalizacnej sieti, nachadzajucej sa v katastralnom uzemi obce Okoc a Opatovsky Sokolec. Sucastou predmetu obstaravania je aj intenzifikacia existujucej cistiarne odpadovych vod. intenzifikacia",Stavebné práce na stavbe kanalizácie
3283112,Lehota realizácie,"Navrhované stavebné úpravy riešia výmenu výplní otvorov, zateplenie obvodových zvislých nosných konštrukcií s plochou strešnou konštrukciou a vybudovanie vstupu pre telesne postihnuté osoby. Bližšie informácie v súťažných p",Stavebné práce na stavbe budov
3283222,lehota dodania,Rekonštrukcia chodníkov v obci. Bližšie informácie sú uvedené v súťažných podkladoch.,Stavebné práce
3283262,2. lehota dodania,"SO 01 Rekonštrukcia miestnej komunikácie, SO 02 Výstavba chodníka, SO 03 Rekonštrukcia klenbového mosta, SO 04 Verejné zhromaždisko. Bližšie informácie v súťažných podkladoch.",Stavebné práce
3283265,Najnižšia lehota dodania v kalendárnych dňoch,"Účelom výstavby je vybudovanie a prevádzkovanie zberného dvora v obci Veľký Kýr ako vyhradenej plochy pre príjem, zhromaždovanie a separovanie odpadov. Dalsie podrobnosti su v projektovej dokumentacii a vo vykaze-vymer.",Stavebné práce
3283478,Lehota výstavby v dňoch,"Zámerom investora je obnova komplexu budov v areáli Obchodnej akadémie v Prievidzi, ktorá bude pozostávať
z komplexného zateplenia obvodového plášťa budov, výmeny okenných a dverných výplni v obvodovom plášti budov,
ako aj vý",Stavebné práce
3283567,Lehota výstavby v kalendárnych dňoch,TRNIE-CHODNIK POZDĹŽ CESTY III - doplnok,Stavebné práce na stavbe chodníkov
3283569,Najkratší termín dodávky predmetu zákazky v kalendánych dňoch,Predmetom zákazky je rekonštrukcia miestnych komunikácii v obci Kvačany. Podrobný opis predmetu zákazky je uvedený v súťažných podkladoch.,Stavebné práce na stavbe vedľajších ciest
3283573,Technická pomoc,"Predmetom zákazky je rekonštrukcia komunikácií pre peších (chodníky), vrátane dažďovej kanalizácie. Podrobný opis predmetu zákazky je uvedený v súťažných podkladoch.",Práce spodnej stavby chodníkov
3283573,Lehota výstavby,"Predmetom zákazky je rekonštrukcia komunikácií pre peších (chodníky), vrátane dažďovej kanalizácie. Podrobný opis predmetu zákazky je uvedený v súťažných podkladoch.",Práce spodnej stavby chodníkov
3283826,Lehota výstavby v pracovných dňoch,Prístavba a stavebné úpravy objektu na stacionár pre dôchodcov Vieska na Žitavou,Stavebné práce
3283917,Lehota,"Projekt stavby rieši znižovanie energetických strát Domu kultúry v centre obce Okrúhle .
Opravou domu kultúry sa zamedzí poškodzovanie stavby, opraví sa kvalitný objekt občianskej vybavenosti v obci, ktorý multifunkčne poskytuje s",Stavebné práce
3283979,"Percentuálna zľava na položky neuvedené v referenčných výkazoch výmer  a referenčných položiek podľa prvého kritéria, oproti referenčnému (aktuálne platnému) cenníku stavebných prác dodávateľa","Predmetom zákazky je uzatvorenie rámcovej dohody s 3 dodávateľmi stavebných prác, ktorí budú počas platnosti rámcovej dohody vykonávať stavebné práce v obci Zavar, plánované na obdobie najbližších 48 mesiacov.",Stavebné práce
3284843,Najnižšia hmotnosť najťažšieho vymeniteľného celku (modulu) CZE,Dodanie 5 kusov nových osobných klimatizovaných vozňov pre diaľkovú dopravu v súlade so zákonom č. 513/2009 Z. z. o dráhach a o zmene a doplnení niektorých zákonov v znení neskorších predpisov v prevedení podľa technických šp,Železničné osobné vozne
3284843,Vlastná diagnostika všetkých autonómnych celkov (modulov) CZE,Dodanie 5 kusov nových osobných klimatizovaných vozňov pre diaľkovú dopravu v súlade so zákonom č. 513/2009 Z. z. o dráhach a o zmene a doplnení niektorých zákonov v znení neskorších predpisov v prevedení podľa technických šp,Železničné osobné vozne
3285067,Prenájom tlmočníckej techniky.,Predmetom zákazky je priebežné poskytovanie prekladateľských a tlmočníckych služieb na základe aktuálnych požiadaviek verejného obstarávateľa. Prekladateľské služby zo slovenského jazyka a do slovenského jazyka vrátane korekt,Prekladateľské služby
3285067,Bežné a expresné preklady.,Predmetom zákazky je priebežné poskytovanie prekladateľských a tlmočníckych služieb na základe aktuálnych požiadaviek verejného obstarávateľa. Prekladateľské služby zo slovenského jazyka a do slovenského jazyka vrátane korekt,Prekladateľské služby
3285067,"Konzekutívne, šepkané a kabínkové tlmočenie.",Predmetom zákazky je priebežné poskytovanie prekladateľských a tlmočníckych služieb na základe aktuálnych požiadaviek verejného obstarávateľa. Prekladateľské služby zo slovenského jazyka a do slovenského jazyka vrátane korekt,Prekladateľské služby
3285067,"Konzekutívne, šepkané a kabínkové tlmočenie.",Predmetom zákazky je priebežné poskytovanie prekladateľských a tlmočníckych služieb na základe aktuálnych požiadaviek verejného obstarávateľa. Prekladateľské služby zo slovenského jazyka a do slovenského jazyka vrátane korekt,Prekladateľské služby
3285220,Čas potrebný na realizáciu predmetu obstarávania,"Predmetom zákazky je realizácia stavebných prác súvisiacich so znížením energetickej náročnosti budovy Mestského úradu v Liptovskom Mikuláši.
Detailne popísané v Prílohe č. 2 a 4 Súťažných podkladov.",Práce na obvodových konštrukciách/obkladoch
3285220,Čas nástupu na odstránenie poruchy od oznámenia poruchy,"Predmetom zákazky je realizácia stavebných prác súvisiacich so znížením energetickej náročnosti budovy Mestského úradu v Liptovskom Mikuláši.
Detailne popísané v Prílohe č. 2 a 4 Súťažných podkladov.",Práce na obvodových konštrukciách/obkladoch
3285565,lehota realizácie diela v dňoch,"Predmetom zákazky je rekonštrukcia fasády časti objektu Prírodovedeckej fakulty UK v Bratislave, v rozsahu prác a dodávok podľa projektovej dokumentácie, ktorá rieši stavebno-technickými úpravami rekonštrukciu a zníženie energeti",Stavebné práce na stavbe budov univerzít
3285724,Lehota výstavby v dňoch,Predmetom zákazky je zabezpečiť uzatvorenie zmluvy o dielo na realizáciu stavebných prác v rámci projektu Rekonštrukcia vodovodu v obci Rabča - Rozšírenie vodovodu III. etapa a Rozšírenie vodovodu v lokalite Adamovka III. 1 etapa.,Stavebné práce na stavbe potrubných vedení vody a kanalizácie
3285749,Lehota výstavby predmetného diela od prevzatia staveniska po odovzdanie diela v kalendárnych dňoch,"Úpravy objektu s cieľom znížiť energetickú náročnosť stavby, zlepšenie kvality obalových konštrukcií a vnútornej tepelnej pohody. Z uvedeného dôvodu je nosným riešením realizácia zateplenia fasády objektu, stropu pod povalov",Stavebné práce
3285899,Lehota výstavby v pracovných dňoch,Protipovodňové opatrenia obce Vlachy,Stavebné práce
3286014,Lehota dodania (v pracovných dňoch),"Predmetom verejného obstarávania je dodávka, montáž, rozmiestnenie kovových regálov a kovového interiérového vybavenia do priestorov organizačných útvarov finančnej správy v rámci celej SR vrátane odvozu a zneškodnenia odpadu.",Archivačné/registračné zariadenia
3286014,Celková hodnota za predmet zákazky,"Predmetom verejného obstarávania je dodávka, montáž, rozmiestnenie kovových regálov a kovového interiérového vybavenia do priestorov organizačných útvarov finančnej správy v rámci celej SR vrátane odvozu a zneškodnenia odpadu.",Archivačné/registračné zariadenia
3286098,"Výstupná teplota spalín z kotla, pred vstupom do komína","Predmetom zákazky je výstavba 6 MW tepelného zdroja s využitím progresívnej technológie na spaľovanie biomasy, a súčasne rekonštrukcia distribučnej sústavy tepla. Na potrubný rozvod budú pripojené v súčasnosti teplom zásobovan","Stavebné práce na stavbe diaľkových potrubných vedení, komunikačných a energetických vedení, na diaľnicach, cestách, letiskách a železniciach; práce na stavbe plôch"
3286098,Objem emisií tuhých znečisťujúcich látok - kotol na drevnú štiepku,"Predmetom zákazky je výstavba 6 MW tepelného zdroja s využitím progresívnej technológie na spaľovanie biomasy, a súčasne rekonštrukcia distribučnej sústavy tepla. Na potrubný rozvod budú pripojené v súčasnosti teplom zásobovan","Stavebné práce na stavbe diaľkových potrubných vedení, komunikačných a energetických vedení, na diaľnicach, cestách, letiskách a železniciach; práce na stavbe plôch"
3286262,2. Najkratšia lehota dodania v dňoch (po doručení objednávky),"Predmetom zákazky je nákup novej techniky pre zber, triedenie a zhodnocovanie BRO v Obci Ostrov: kolesový traktor, čelný traktorový nakladač, štiepkovač drevnej hmoty, traktorový náves, svahový mulčovač. Bližšie informácie sú u",Rôzne špeciálne strojové zariadenia
3286267,2. Najkratšia lehota dodania v dňoch (po doručení objednávky),"Predmetom zákazky je nákupnového technického vybavenia pre zber, triedenie a zhodnocovanie BRO v obci Veľké Orvište: kolesový traktor, čelný traktorový nakladač, štiepkovač drevnej hmoty, traktorový náves, traktorový prekopáva",Rôzne špeciálne strojové zariadenia
3286345,Lehota výstavby v dňoch,"Predmetom zákazky je zabezpečiť uzatvorenie zmluvy o dielo na realizáciu stavebných prác v rámci projektu TisovecLosinec, rozšírenie kanalizácie a vodovodu.",Stavebné práce na stavbe potrubných vedení vody a kanalizácie
3286996,Lehota realizácie,"Novostavba bytového domu sa nachádza mimo zastavaného územia obce Zborov nad Bystricou. Jedná sa o štvorpodlažnú, nepodpivničenú stavbu obdĺžnikového tvaru. Bližšie informácie sú uvedené v súťažných podkladoch.",Stavebné práce na objektoch viacbytových budov
3287129,Výhodnosť zmluvných podmienok predmetu zákazky,"Predmet zákazky bude realizovaný formou modulováho systému. Predmetom zákazky je novostavba základnej a
materskej školy vrátane jedálne v Chorvátskom Grobe, časť Čierna Voda. Podrobnosti o predmete zákazky sú uvedené v sútažn",Stavebné práce na stavbe budov súvisiacich so vzdelávaním a výskumom
3287145,"Celkový počet zmluvných lekárovv špecializačnom odbore všeobecné lekárstvo, ktorý poskytuje všeobecnú ambulantnú starostlivosť pre dospelých a špecializačnom odbore oftalmológia na území SR","Predmetom zákazky je výber poskytovateľa pracovnej zdravotnej služby (ďalej iba ako PZS) v zmysle Vyhlášky Ministerstva zdravotníctva č. 208/2014 Z.z. o podrobnostiach o rozsahu a náplni výkonu pracovnej zdravotnej služby, o zložen",Zdravotnícke služby
3287215,Lehota dodania,"Stavebne prace na objekte obecného úradu obce Kapušany. Obec Kapušany, Hlavná 104/6, 082 12 Kapušany",Stavebné práce
3287242,Lehota dodania predmetu zákazky,"Predmetom zákazky je dodávka obrabacieho centra, na opracovanie kovovych vyrobkov, t.j. :
-5-osého frézovacieho centra a
-univerzálneho sústruhu.",Obrábacie stroje
3287567,Lehota realizácie diela v kalendárnych dňoch,"Predmetom zákazky je rekonštrukcia fasády budovy Starých teoretických ústavov, Sasinkova 2, Bratislava",Stavebné práce na stavbe budov univerzít
3287597,Lehota nástupu na práce od objednávky v hodinách,"Kosenie, hrabanie, odvoz, likvidácia zelene na sídliskách Rozkvet, SNP, Hliny, Zakvášov v meste Považská Bystrica na roky 2017, 2018 a 2019. Bližšie informácie sú uvedené v súťažných podkladoch.",Výsadba a údržba zelených plôch
3287650,Vzdialenosť na skládku v km,"Predmetom zákazky je poskytovanie služieb spojených so zberom, prepravou a nakladaním s komunálnym odpadom v zmysle zákona č.79/2015 Z. z. o odpadoch a o zmene a doplnení niektorých zákonov v znení neskorších predpisov, t. j. zber,",Služby na zber odpadu
3287789,Lehota výstavby v pracovných dňoch,Výstavba MŠ v obci Trhovište,Stavebné práce
3287812,Energetická trieda budovy po rekonštrukcií,"Predmetom stavebných prác je spracovanie návrhu a následnej projektovej dokumentácie a uskutočnenie stavebných prác, spočívajúcich v dodávke tepla a chladu pre potreby zabezpečenia teplotného komfortu v objekte v administratívnych",Stavebné práce
3287812,Lehota výstavby v kalendárnych dňoch,"Predmetom stavebných prác je spracovanie návrhu a následnej projektovej dokumentácie a uskutočnenie stavebných prác, spočívajúcich v dodávke tepla a chladu pre potreby zabezpečenia teplotného komfortu v objekte v administratívnych",Stavebné práce
3288013,Lehota dodania,Nákup posypových nadstavieb v celkovom počte 7 ks na inertný a chemický posyp pre zimnú údržbu ciest a prepravu a dávkovanie asfaltovej obaľovanej zmesi v letnej sezóne k podvozku vozidla Mercedes - Benz 6x6 podľa technickej špecifi,Vozidlá na údržbu ciest
3288533,Zľava z cenníka CENKROS v %,"Predmetom zákazky je prevádzka, údržba a opravy majetku BSK, najmä:
- Prevádzkovanie nehnuteľností a zariadení,
- Preventívna údržba a obsluha zariadení a nehnuteľností,
- Údržba a opravy,
- Odborné prehliadky a skúšky vy",Správa budov a zariadení
3288548,Najnižšia lehota dodania v kalendárnych dňoch,"Predmetom zákazky je komplexné zateplenie materskej školy s jedálňou a kuchyňou v obci Rudinská, ktoré zahŕňa zvýšenie energetickej efektívnosti (t.j. zateplenie obvodového plášťa a strešného plášťa, zateplenie sokla, výme",Stavebné práce
3288637,Lehota realizácie prác v týždňoch,Predmetom zákazky je zvýšenie energetickej účinnosti budovy Mestského úradu v Strážskom,Stavebné práce
3288726,Lehota realizácie,"Predmetom stavebných prác je zmena účelu využitia a stavebné úpravy bývalej Základnej školy Pšurnovice, s.č. 303, na parcele č. 1/2, v katastrálnom území Pšurnovice, obec Bytča, na bytový dom s piatimi nájomnými bytmi nižš",Stavebné práce na stavbe viacbytových budov a rodinných domov
3288760,Lehota,Cieľom projektu je zefektívnenie existujúceho separovaného zberu komunálneho odpadu zavedením separácie biologicky rozložiteľného komunálneho odpadu,Stavebné práce
3288766,Lehota,"Cieľom realizácie navrhovanej činnosti je znížiť množstvo problémových látok, biologicky rozložiteľného odpadu z KO a zaviesť v systéme odpadového hospodárstva obce také opatrenia, ktoré zabránia aby sa zelený bioodpad dost",Stavebné práce
3288806,Lehota výstavby v pracovných dňoch,Obnova materskej školy - Beluša,Stavebné práce
3288812,Servisné podmienky,"Dodávka HW, SW a špeciálneho IKT vybavenia pre potreby Univerzity. Predmetom dodávky budú počítače a pracovné stanice, monitory a zobrazovacie zariadenia, notebooky, tlačiarne, skenery, sieťové a komunikačné zariadenia, servery a d",Stroje na spracovanie údajov (hardvér)
3288842,Lehota dodania,"Predmetom zákazky je nákup nasledovnej techniky pre zabezpečenie zberu a zhodnocovania BRKO v obci Stredné Plachtince: traktor, čelný nakladač, vlečka, štiepkovač, mulčovacia kosačka, v rámci projektu financovaného prostredníctvom",Traktory/ťahače
3288850,Lehota dodania,"Predmetom zákazky je nákup nasledovnej techniky pre zabezpečenie zberu a zhodnocovania biologicky rozložiteľných komunálnych odpadov v obci Čajkov: traktor, čelný nakladač, vlečka, štiepkovač, mulčovacia kosačka, v rámci projekt",Traktory/ťahače
3288903,Lehota dodania,"Predmetom zákazky je nákup nasledovnej techniky pre kompostovisko v obci Horné Semerovce: traktor, čelný nakladač, vlečka, štiepkovač, mulčovacia kosačka, v rámci projektu financovaného prostredníctvom podpory formou dotácie z pro",Traktory/ťahače
3288925,Lehota dodania,"Predmetom zákazky je nákup nasledovnej techniky: malotraktor, čelný nakladač, traktorový príves, štiepkovač a mulčovacia kosačka. Touto investíciou verejný obstarávateľ vytvorí technickú infraštruktúru pre zabezpečenie triede",Traktory/ťahače
3288935,Lehota,"Účelom projektovej dokumentácie je odviesť splaškové odpadové vody stokou
A4 A5 a A7 cez vybudované splaškové stoky do zberača A, ktorý je ukončený
v existujúcej čistiarni odpadových vôd ČOV Častkov.",Práce na úprave odpadových vôd
3288970,Lehota dodania,"Predmetom zákazky je nákup nasledovnej techniky pre zabezpečenie zberu a zhodnocovania biologicky rozložiteľných komunálnych odpadov na kompostovisku v obci Čekovce: traktor, čelný nakladač, vlečka, štiepkovač, mulčovacia kosačka",Traktory/ťahače
3288978,Lehota dodania,"Predmetom zákazky je pre jestvujúce obecné kompostovisko v obci Slatina zabezpečiť nasledovnú techniku na zber a zhodnocovanie BRKO: traktor, čelný nakladač, vlečka, štiepkovač, mulčovacia kosačka, v rámci projektu financovaného",Traktory/ťahače
3289000,Lehota dodania,"Predmetom zákazky je obstaranie strojno-technologického vybavenia: malotraktor, čelný nakladač, traktorový príves, ktorým verejný obstarávateľ zefektívni a rozšíri existujúci separovaný zber komunálnych odpadov v obci Šarovce,",Traktory/ťahače
3289028,Efektívnosť  predlženie životnosti skládky,"Mesto Trnava , má záujem uzavrieť zmluvu s prevádzkovateľom (ďalej len ""Prevádzkovateľ) na úpravu komunálneho a živnostenského odpadu (UZKO) technológiou tzv. Splittingu "" (ďalej aj ako Splitting alebo ""Linka""), čo zahrňuje činn",Likvidácia a spracovanie odpadu
3289348,2. Lehota dodania,"Zákazka rieši stavebné úpravy budovy Materskej školy a Obecného úradu v obci Plevník- Drienové pozostávajúci predovšetkým zo zateplenia objektu, čiastočnej výmeny okien, dverí, výmeny strešnej krytiny a zastrešenie OÚ sedlov",Stavebné práce
3289352,2. Lehota dodania,Predmetom zákazky sú stavebné úpravy- zvýšenie energetickej účinnosti budovy . Bližšie informácie v súťažných podkladoch.,Stavebné práce
3289373,Lehota dodania v kalendarnych dnoch,Predmetom zákazky je modernizácia výpalu vápna vybudovaním moderných súprudných regeneratívnych dvojšachtových pecí a súviasiacich technologických zariadení,Výstavba pecí
3289374,dodacia lehota,"Vybavovací systém (ďalej len VS) bude doplnený autonómnymi označovačmi cestovných lístkov.
V súlade s prijatou koncepciou Bratislavskej integrovanej dopravy (ďalej len BID), schválenou Mestským zastupiteľstvom hlavného mesta SR B",Počítačové zariadenia a spotrebný materiál
3289392,Lehota realizácie,Výstavba viacúčelového ihriska v obci Stará Halič. Bližšie informácie sú uvedené v súťažných podkladoch.,Stavebné práce na stavbe športových zariadení
3289700,Lehota dodania stravných poukážok,"1.1.Predmetom zákazky je zabezpečenie poskytovania služieb hromadného stravovania pre zamestnancov obstarávateľa, v súlade s ustanovením § 152 ods. 2 zákona c. 311/2001 Z.z., Zákonník práce v znení neskorších predpisov a zákona",Služby hromadného stravovania
3289700,Poskytnutie doplnkových funkcionalít,"1.1.Predmetom zákazky je zabezpečenie poskytovania služieb hromadného stravovania pre zamestnancov obstarávateľa, v súlade s ustanovením § 152 ods. 2 zákona c. 311/2001 Z.z., Zákonník práce v znení neskorších predpisov a zákona",Služby hromadného stravovania
3290090,Lehota realizácie prác v týždňoch,Predmetom zákazky je zvýšenie energetickej účinnosti budovy,Stavebné práce
3290104,Lehota realizácie prác v týždňoch,Rekonštrukcia obecného úradu s kultúrnym domom Šamudovce za účelom zvýšenia energetickej účinnosti.,Stavebné práce
3290118,Lehota dodania tovaru v kalendárnych dňoch,"Kúpa technologických prvkov : Plazmová pec, Popúšťacia pec, Mikroskop",Rôzne špeciálne strojové zariadenia
3290135,Lehota výstavby,Predmetom zákazky je modernizácia a rozšírenie výrobných kapacít Mäsokombinátu Melek - II. Etapa - stavebná časť. Podrobný opis predmetu zákazky je uvedený v súťažných podkladoch.,Stavebné práce na poľnohospodárskych budovách
3290150,Priemerná lehota dopĺňania konsignačného skladu,"Predmetom zákazky je 
a)uzavretie zmluvy s úspešným uchádzačom v súlade s ustanovením § 56 zákona o verejnom obstarávaní za stanovených podmienok v súťažných podkladoch, ktorej predmetom bude záväzok úspešného uchádzača",Mechanické náhradné súčiastky okrem motorov a ich častí
3290150,Lehota zriadenia konsignačného skladu,"Predmetom zákazky je 
a)uzavretie zmluvy s úspešným uchádzačom v súlade s ustanovením § 56 zákona o verejnom obstarávaní za stanovených podmienok v súťažných podkladoch, ktorej predmetom bude záväzok úspešného uchádzača",Mechanické náhradné súčiastky okrem motorov a ich častí
3290240,Lehota výstavby,"Predmetom zákazky je realizácia opatrení na odstránenie havarijného stavu fasád na pavilónoch FMFI UK, Mlynská dolina, Bratislava. Dodávateľ vypracuje realizačný projekt vrátane statického posudku a zrealizuje navrhnuté technické",Fasádne práce
3290425,Najkratší čas potrebný na nástup na odstránenie vád v okamihu jej nahlásenia vyjadrený v dňoch,Zámerom verejného obstarávateľa je v rámci IBV vybudovanie elektrického vedenia uvedené v projektovej dokumentácii a výkaze výmer.,Stavebné práce
3290547,Lehota výstavby v pracovných dňoch,Obnova obecného úradu Poruba,Stavebné práce
3290642,Lehota dodania tovaru v kalendárnych dňoch,Obstaranie inovatívnych technológií v spoločnosti Tatrea s.r.o.,Rôzne špeciálne strojové zariadenia
3290774,Minimálny garantovaný počet prehratí a zobrazení reklám,"Predmetom zákazky je v rámci plnenia Národnej stratégie na ochranu detí pred násilím na zvyšovanie informovanoti verejnosti o problematike násilia na deťoch prostredníctvom on-line kampane (ďalej len kampaň), pričom primárnymi adr",Reklamné a marketingové služby
3290813,Najnižšia lehota dodania predmetu obstarávania v kalendárych dňoch,Predmetom zákazky je výstavba hál pre vinársku výrobu,Stavebné práce
3290901,Lehota uskutočnenia stavebných prác uvedená v celých kalendárnych dňoch,"Výber zhotoviteľa diela pre projekt: Penzión Polianky, v rozsahu výkazu výmer a podľa projektovej dokumentácie.
Navrhovaný projekt predstavuje novostavbu zrubového penziónu v obci Jaklovce. Ide o dvojpodlažný zrubový objekt so sute",Stavebné práce na objektoch zariadení na krátkodobé ubytovanie
3290904,Lehota uskutočnenia stavebných prác uvedená v celých kalendárnych dňoch,"Výber zhotoviteľa diela pre projekt Rekonštrukcia areálu a objektov cintorína. 
Predmetom riešenia sú úpravy Domu smútku a úpravy spevnených plôch pre príjazd k 
Domu smútku a pre peších prístup k hrobným miestam. 
Podrobný",Stavebné práce na stavbe plôch pre cintoríny
3290953,lehota realizácie diela v kalendárnych dňoch,"Predmetom zákazky je odstránenie havárie priestorov špecializovaného pracoviska tkaninového inžinierstva a molekulárno-genetických analýz dedične podmienených ochorení na Ústave lekárskej biológie, genetiky a klinickej genetiky L",Stavebné práce na stavbe budov univerzít
3290959,Lehota realizácie diela v kalendárnych dňoch,"Predmetom zákazky je rekonštrukcia Farmaceutickej knižnice UK Bratislava, Stavebné práce, búracie práce, vertikálne a horizontálne konštrukcie priestoru rekonštrukcia ÚK, výmena podlahy, inštalácia obkladov stien a stropu, výmena",Stavebné práce na stavbe budov univerzít
3291187,Lehota dodania,Dodanie a montáž kontinuálnej linky na sušenie zrnín,Špeciálne mechanizmy pre poľnohospodárstvo alebo lesníctvo
3291200,Lehota realizácie,"Predmetom zákazky je prístavba a stavebné úpravy v objekte pekárne s pálenicou, ktorej účelom je vytvorenie a zvýšenie výroby v časti pekárne. Rozšírenie výroby v objekte jestvujúcej pekárne na prízemí o prístavbu a stavebn","Stavebné práce na stavbe komerčných budov, obchodných domov a priemyselných budov, budovách súvisiacich s dopravou"
3291366,Užitočná hmotnosť vozidla (kg),Predmetom zákazky je dodanie nákladného auta so skriňovou termoizolačnou nadstavbou. Ide o vozidlo kategórie N3.,Motorové vozidlá na prepravu tovaru
3291547,Lehota uskutočnenia stavebných prác uvedená v celých kalendárnych dňoch,"Výber zhotoviteľa pre projekt: ""Úprava Kučmanovského potoka v obci Krásna Lúka"". Projekt rieši úpravu Kučmanovského potoka v intraviláne obce Krásna Lúka od rkm 6,20 do rkm 7,37 v celkovej dĺžke 1170,0 m . Bližšia špecifikáci",Protipovodňové práce
3291549,Lehota uskutočnenia stavebných prác uvedená v celých kalendárnych dňoch,"Predmetom zákazky je stavba Skupinový vodovod Trstín, Horná Krupá, Bíňovce - 3. stavba pozostávajúca z Prípravy územia, Prívodného potrubia z HDPE PN16 DN 150 - 2 108 m, vodomernej a redukčnej šachty a Technickej rekultivácie. Po",Práca na vodovodnom domovom potrubí
3291665,Výhodnosť zmluvných podmienok predmetu zákazky,"Predmetom zákazky sú stavebné práce súvisiace so znížením energetickej náročnosti objektu mestského úradu
Trenčianske Teplice. Bližšia špecifikácia predmetu zákazky je uvedená v súťažných podkladoch pre toto verejné
obs",Práce na kompletnej alebo čiastočnej stavbe a práce inžinierskych stavieb
3291795,Lehota realizácie,Stavebné práce na vybudovaní zberného dvora v obci Drahovce. Bližšie informácie sú uvedené v súťažných podkladoch.,Stavebné práce na stavbách zariadení na spracovanie odpadu
3292030,Lehota výstavby v pracovných dňoch,Čereňany odľahčenie vodného toku,Stavebné práce
3292106,Lehota dodania tovaru v kalendárnych dňoch,Inovácia výrobných procesov prostredníctvom moderných technológií,Rôzne špeciálne strojové zariadenia
3292173,Lehota dodania (výstavby) predmetu zákazky,"Predmetom verejného obstarávania je v súlade s § 3 ods. 3 zákona č. 25/2006 Z. z. o verejnom obstarávaní a o zmene a doplnení niektorých zákonov v znení neskorších predpisov (ďalej len ""zákon o verejnom obstarávaní"" v prísluš",Stavebné práce
3292299,Lehota dodania v dňoch,"Predmetom zákazky je zabezpečiť uzatvorenie zmluvy o dielo, ktorej predmetom bude vypracovanie projektovej dokumentácie pre územné, stavebné konanie a realizačnú dokumentáciu.","Architektonické, inžinierske a plánovacie služby"
3292426,Lehota dodania v dňoch,"Predmetom zákazky je zabezpečiť uzatvorenie kúpnej zmluvy na dodanie kontajnerov, odpadových nádob.",Kontajnery na odpadový materiál
3292609,Lehota realizácie,"Projekt rieši prestavbu areálu jestvujúceho areálu, pričom sa zmení jeho funkcia. Vybuduje sa nový plot, upravia sa vjazdy a výjazdy z areálu, zbúrajú jestvujúce stavby a vybudujú nové. Súčasťou projektu je aj vybudovanie spevne",Stavebné práce na stavbách zariadení na spracovanie odpadu
3292814,denná sadzba na kľúčového odborníka,Predmetom zmluvy je výkon činnosti stavebnotechnického dozoru na projekte výstavby úseku Diaľnice D1 Hričovské Podhradie - Lietavská Lúčka.,Stavebný dozor na stavenisku
3292814,denná sadzba na nekľúčového odborníka,Predmetom zmluvy je výkon činnosti stavebnotechnického dozoru na projekte výstavby úseku Diaľnice D1 Hričovské Podhradie - Lietavská Lúčka.,Stavebný dozor na stavenisku
3292824,Lehota dodania v dňoch,"Predmetom zákazky je zabezpečiť uzatvorenie kúpnej zmluvy na dodanie kontajnerov, odpadových nádob.",Kontajnery na odpadový materiál
3292973,Ročná spotreba elektrickej energie na čistenie odpadových vôd v čistiarní odpadových vôd v kWh ...,"Predmetom zákazky je odvedenie splaškových odpadových vôd z obcí Borovce, Rakovice, Veselé, Dubovany cez vybudovanú splaškovú kanalizáciu na existujúcu ČOV Veselé. Projekt rieši aj rekonštrukciu a dostavbu ČOV Veselé a vyvolan",Stavebné práce na stavbe kanalizácie
3293014,Lehota dodania tovaru v kalendárnych dňoch,Obstaranie inovatívnych technológií v spoločnosti Projekt Interier s.r.o,Rôzne špeciálne strojové zariadenia
3293020,"Lehota výstavby predmetného diela od prevzatia staveniska po odovzdanie diela v kalendárnych dňoch, ktorú navrhne uchádzač","Predmetom riešenia projektovej dokumentácie je zníženie energetickej náročnosti Materskej školy Jelenec. Ide predovšetkým o zateplenie objektu, výmenu okien a rekonštrukčné práce.",Stavebné práce
3293192,Lehota,"Stavebné práce sa uskutočnia z dôvodu zníženia celkovej energetickej náročnosti prevádzky vykurovania, odstránenia zastaraných konštrukcií a celkovej revitalizácie budovy. Podrobný opis predmetu obstarávania sa nachádza v súťa",Tepelnoizolačné práce
3293284,Pozáručný servis za 5 rokov,"Výstavba kanalizácie v obciach Drienov, Šarišské Bohdanovce, Nová Polhora a vybudovanie novej ČOV v obci Nová Polhora - podľa realizačnej PD. Celková dĺžka navrhovanej kanalizačnej siete je 17 678,93 m. Z toho 13 534,31 m potrubie",Stavebné práce na stavbe kanalizačných vedení
3293585,Lehota,"Účelom navrhovanej obnovy je odstrániť nedostatky a poruchy stavebných konštrukcií a to najmä zlepšenie tepelno-izolačných vlastností obvodových stien a strechy ich zateplením a výmenou výplňových konštrukcií.
Odstránenie p",Stavebné práce
3293651,Súčet hodinových sadzieb v EUR s DPH nad rámec paušálnej platby za výťahy v bytových domoch a v školských zariadeniach,"Predmetom zákazky je komplexná starostlivosť, zabezpečenie funkčnosti a bezpečnej prevádzky výťahov v bytových domoch v správe spoločnosti Žilbyt s.r.o. podľa Vyhl. 508/2002 Z.z. a platných STN na vyhradené zdvíhacie zariadenia",Opravy a údržba výťahov
3293651,Súčet paušálnych platieb v EUR s DPH/mesiac za výťahy v bytových domoch a v školských zariadeniach,"Predmetom zákazky je komplexná starostlivosť, zabezpečenie funkčnosti a bezpečnej prevádzky výťahov v bytových domoch v správe spoločnosti Žilbyt s.r.o. podľa Vyhl. 508/2002 Z.z. a platných STN na vyhradené zdvíhacie zariadenia",Opravy a údržba výťahov
3293875,Lehota výstavby v pracovných dňoch,Základná škola a materská škola rekonštrukcia a modernizácia,Stavebné práce
3293967,1.2.Environmentálny faktor (hodnotenie vplyvu na životné prostredie) - spracovanie odpadu na základe hierarchie odpadového hospodárstva,"Predmetom zákazky je zabezpečenie nakladania s odpadom - zberu, prepravy, triedenia, zhodnocovania a zneškodňovania odpadu a ďalších súvisiacich činností ako súčasti odpadového hospodárstva mesta Moldava nad Bodvou, zabezpečované",Služby súvisiace s likvidáciou odpadu a odpadom
3294101,Poplatok za zmenu letenky pred vystavením.,"Predmetom tejto zákazky na poskytnutie služby je pružné, priebežné a komplexné zabezpečenie leteckých dopravných služieb - leteniek a s tým súvisiacich služieb, ostatných cestovných lístkov (autobusové, vlakové, lodné a traje",Letecké dopravné služby
3294101,Poplatok za zmenu letenky po vystavení.,"Predmetom tejto zákazky na poskytnutie služby je pružné, priebežné a komplexné zabezpečenie leteckých dopravných služieb - leteniek a s tým súvisiacich služieb, ostatných cestovných lístkov (autobusové, vlakové, lodné a traje",Letecké dopravné služby
3294101,Poplatok za zrušenie letenky pred vystavením.,"Predmetom tejto zákazky na poskytnutie služby je pružné, priebežné a komplexné zabezpečenie leteckých dopravných služieb - leteniek a s tým súvisiacich služieb, ostatných cestovných lístkov (autobusové, vlakové, lodné a traje",Letecké dopravné služby
3294101,Poplatok za zrušenie letenky po vystavení.,"Predmetom tejto zákazky na poskytnutie služby je pružné, priebežné a komplexné zabezpečenie leteckých dopravných služieb - leteniek a s tým súvisiacich služieb, ostatných cestovných lístkov (autobusové, vlakové, lodné a traje",Letecké dopravné služby
3294101,Poplatok za zabezpečenie ostatných cestovných lístkov.,"Predmetom tejto zákazky na poskytnutie služby je pružné, priebežné a komplexné zabezpečenie leteckých dopravných služieb - leteniek a s tým súvisiacich služieb, ostatných cestovných lístkov (autobusové, vlakové, lodné a traje",Letecké dopravné služby
3294101,Poplatok za zabezpečenie spiatočnej alebo jednosmernej letenky štandardnej leteckej spoločnosti.,"Predmetom tejto zákazky na poskytnutie služby je pružné, priebežné a komplexné zabezpečenie leteckých dopravných služieb - leteniek a s tým súvisiacich služieb, ostatných cestovných lístkov (autobusové, vlakové, lodné a traje",Letecké dopravné služby
3294155,3. Lehota realizácie,Vybudovanie kanalizácie pre odvedenie splaškových vôd v obce Selice a vybudovanie ČOV . V obci sa vybuduje tlaková kanalizácia a napoja sa tlakové kanalizačné prípojky s čerpacou šachtou.,Stavebné práce na stavbe kanalizácie
3294155,2. Doba nástupu na servis ČOV,Vybudovanie kanalizácie pre odvedenie splaškových vôd v obce Selice a vybudovanie ČOV . V obci sa vybuduje tlaková kanalizácia a napoja sa tlakové kanalizačné prípojky s čerpacou šachtou.,Stavebné práce na stavbe kanalizácie
3294267,Najnižšia lehota dodania predmetu obstarávania v kalendárnych dňoch,Predmetnom zákazky je výstavba pálenice. Bližšie informácie sú uvedené v súťažných podkladoch a ich prílohách.,Stavebné práce
3294353,Lehota,"Predmetom zákazky je výstavba kanalizácia v obci Somotor. Výstavba bude realizovaná v rámci týchto objektov:
SO 01 STOKOVÁ KANALIZÁCIA:
Vybudovanie gravitačnej kanalizácie z materiálu PVC DN300 v celkovej dĺžke 615.
SO 02 DOMOV",Stavebné práce
3294423,Lehota dodania,Rekonštrukcia a modernizácia trafostanice TS1,Opravy a údržba zariadení na rozvod elektrickej energie
3294565,Lehota predloženia protokolu z vykonanej odbornej prehliadky a odbornej skúšky alebo z vykonanej kontroly najmenší počet dní,"Predmetom zákazky je v zmysle platných právnych predpisov, zabezpečenie bezpečnostnotechnickej služby v zmysle § 22 zákona NR SR č. 124/2006 Z. z. o bezpečnosti a ochrane zdravia pri práci a o zmene a doplnení niektorých zákonov v",Správa zariadení (objektov)
3294566,Výhodnosť zmluvných podmienok predmetu zákazky,"Predmetom zákazky je realizácia objekzu SO 08 - Areálové parkovisko, chodníky a spevnené plochy. Podrobnosti o predmete zákazky sú uvedené v sútažných podkladoch pre toto verejné obstarávanie.",Stavebné práce na stavbe parkovísk
3294779,Pozáručný servis za 5 rokov,"Intenzifikácia ČOV v Rožňave - podľa realizačnej PD. Stavba rieši intenzifikáciu ČOV v Rožňave. Navrhovaná technológia čistiarne odpadových vôd je navrhnutá tak, aby zabezpečila vyčistenie odpadových vôd v jednotlivých ukaz",Stavebné práce na čističkách odpadových vôd
3294822,Lehota dodania tovaru v kalendárnych dňoch,Podpora zhodnocovania biologicky rozložiteľného komunálneho odpadu v meste Kráľovský Chlmec,Traktory/ťahače
3294824,denná sadzba na kľúčového odborníka,"Predmetom zákazky je výkon činnosti stavebnotechnického dozoru pre projekt výstavby úseku D1 Diaľničný privádzač Lietavská Lúčka - Žilina, II. etapa.
Účelom a cieľom stavby je postupne dobudovať základný diaľničný ťah,",Stavebný dozor na stavenisku
3294824,denná sadzba na nekľúčového odborníka,"Predmetom zákazky je výkon činnosti stavebnotechnického dozoru pre projekt výstavby úseku D1 Diaľničný privádzač Lietavská Lúčka - Žilina, II. etapa.
Účelom a cieľom stavby je postupne dobudovať základný diaľničný ťah,",Stavebný dozor na stavenisku
3294870,Lehota dodania,"Zateplenie objektu pozostáva z :

prevedenia kontaktného zatepľovacieho systému na obvodových stenách

zateplenia strešného plášťa

zateplenia podláh

výmeny vonkajších drevených a kovových okien za plastové s izolačn",Stavebné práce na stavbe budov
3294964,Najnizsia lehota dodania predmetu obstaravania v kalendarych dnoch,"Predmetnom zákazky je Dostavby vinárskej prevádzky Šintavan, s.r.o.",Stavebné práce
3295108,Technické kritérium  ročná spotreba elektrickej energie na čistenie v kWh za rok.,"Dodávka technológie na zabezpečenie čistenia, zberu a zhodnotenia odpadov obsiahnutých v komoditných programoch jednotlivých sektorov fondu odpadových olejov. Predmetom obstarania je dodanie technologického celku podľa opisu predmetu z",Rôzne špeciálne strojové zariadenia
3295108,Technické kritérium  lehota servisných prác pre zabezpečeniu malých opráv v hodinách.,"Dodávka technológie na zabezpečenie čistenia, zberu a zhodnotenia odpadov obsiahnutých v komoditných programoch jednotlivých sektorov fondu odpadových olejov. Predmetom obstarania je dodanie technologického celku podľa opisu predmetu z",Rôzne špeciálne strojové zariadenia
3295108,Technické kritérium  ročná spotreba čistiacej látky (chemikálie) vyjadrená v litroch za rok,"Dodávka technológie na zabezpečenie čistenia, zberu a zhodnotenia odpadov obsiahnutých v komoditných programoch jednotlivých sektorov fondu odpadových olejov. Predmetom obstarania je dodanie technologického celku podľa opisu predmetu z",Rôzne špeciálne strojové zariadenia
3295141,Lehota dodania v kalendárnych dňoch,"Projekt stavby bude riesit vystavbu noveho kravina pre ustajnenie 90 ks hovadzieho dobytka (krav vratane teliatok po oteleni, mladeho dobytka a 2 plemennych bykov), vystavbu vnutrofaremneho hnojiska na mastalny hnoj so skladovacou kapacitou 900",Stavebné práce
3295150,Lehota dodania,"Kočovný včelý voz - 5 ks, Traktor - 1 ks",Traktory/ťahače
3295178,Skrátenie lehoty dodania,"SO 01 Dielne, SO 02 Sklad",Stavebné práce
3295178,Sankcia nad rámec zmluvných pokút,"SO 01 Dielne, SO 02 Sklad",Stavebné práce
3295479,Výhodnosť zmluvných podmienok predmetu zákazky,Predmetom zákazky sú stavebné práce súvisiace so znížením energetickej náročnosti objektu mestského úradu Trenčianske Teplice. Bližšia špecifikácia predmetu zákazky je uvedená v súťažných podkladoch pre toto verejné obsta,Práce na kompletnej alebo čiastočnej stavbe a práce inžinierskych stavieb
3295664,Mediálna hodnota pri Out Of Home,"Predmetom tejto dohody je záväzok poskytovateľa pre objednávateľa zabezpečiť a dodať, služby, práce, vykonať dielo,
činnosti a plnenia špecifikované v Prílohe dohody Špecifikácia služieb (Printy s celoslovenskou pôsobnosťou,",Reklamné a marketingové služby
3295664,Garantovaný počet impresií pri online,"Predmetom tejto dohody je záväzok poskytovateľa pre objednávateľa zabezpečiť a dodať, služby, práce, vykonať dielo,
činnosti a plnenia špecifikované v Prílohe dohody Špecifikácia služieb (Printy s celoslovenskou pôsobnosťou,",Reklamné a marketingové služby
3295664,Mediálna hodnota pri printoch s celoslovenskou pôsobnosťou,"Predmetom tejto dohody je záväzok poskytovateľa pre objednávateľa zabezpečiť a dodať, služby, práce, vykonať dielo,
činnosti a plnenia špecifikované v Prílohe dohody Špecifikácia služieb (Printy s celoslovenskou pôsobnosťou,",Reklamné a marketingové služby
3295669,Lehota realizácie,V zmysle súťažných podkladov.,Traktory/ťahače
3295679,Lehota,Cieľom projektu je zefektívnenie existujúceho separovaného zberu komunálneho odpadu zavedením separácie biologicky rozložiteľného komunálneho odpadu v obci Šarišské Dravce. Objekt zberného dvora bude slúžiť na sústredenie zber,Stavebné práce
3295685,Lehota zhotovenia diela,"Predmetom zákazky je výstavba kanalizácie. Miesto zariadenia staveniska je určené na parcele č. 58/1 v katastrálnom území obce Povoda.
Územie, na ktorom sa bude realizovať výstavba je rovinatého charakteru s minimálnými výškov",Stavebné práce na stavbe kanalizácie
3295802,Lehota realizácie,Predmetom zákazky sú stavebné práce - výstavba objektu pre spracovanie ovocia spolu s obstaraním technológie do spracovateľskej prevádzky a výstavba objektu na uskladnenie spracovaného ovocia. Bližšie informácie ohľadom predmetu z,Stavebné práce na stavbe budov
3295814,Účinnosť čistenia,"Predmetom zákazky je odkanalizovanie aglomerácie Kendice, Petrovany - časť Petrovany a vybudovanie ČOV v zmysle projektovej dokumentácie a výkazu výmer. Bližšie informácie sú uvedené v súťažných podkladoch.",Stavebné práce na stavbe kanalizácie
3295814,Spotreba chemikálii,"Predmetom zákazky je odkanalizovanie aglomerácie Kendice, Petrovany - časť Petrovany a vybudovanie ČOV v zmysle projektovej dokumentácie a výkazu výmer. Bližšie informácie sú uvedené v súťažných podkladoch.",Stavebné práce na stavbe kanalizácie
3295814,Spotreba elektrickej energie,"Predmetom zákazky je odkanalizovanie aglomerácie Kendice, Petrovany - časť Petrovany a vybudovanie ČOV v zmysle projektovej dokumentácie a výkazu výmer. Bližšie informácie sú uvedené v súťažných podkladoch.",Stavebné práce na stavbe kanalizácie
3295937,Lehota výstavby v pracovných dňoch,Výmena okien so zateplením ZŠ,Stavebné práce
3295980,Lehota výstavby v pracovných dňoch,Výmena okien so zateplením základnej školy - Beluša,Stavebné práce
3296072,Lehota výstavby v pracovných dňoch,Revitalizácia telocvične T 18 Chynorany,Stavebné práce
3296102,Výhodnost zmluvných podmienok predmetu zákazky,Predmetom zákazky je výstavba novej modulovej materskej škôlky vrátane prístupových plôch a nového detského ihriska pre potreby modulovej materskej škôlky. Podrobnosti o predmete zákazky sú uvedené v sútažných podkladoch pre to,Kompletovanie a montáž prefabrikovaných konštrukcií
3296164,Lehota realizácie,Predmetom zákazky sú stavebné práce - rekonštrukcia objektu na spracovanie vína vrátane technologického vybavenia pre spracovanie. Bližšie informácie ohľadom predmetu zákazky sú uvedené v súťažných podkladoch.,Stavebné práce na stavbe budov
3296294,Výhodnost zmluvných podmienok predmetu zákazky,"V areáli materskej školy sa navrhuje dostavba materskej školy, a to severozápadne od existujúceho objektu materskej školy. Prístavba materskej školy Nová Dedinka bude realizovaná formou modulováho systému. Hlavný vstup do objektu do",Stavebné práce na stavbe budov materských škôl
3296406,Výhodnosť zmluvných podmienok predmetu zákazky,Predmetom zákazky sú stavebné práce súvisiace so znížením energetickej náročnosti obecného úradu a knižnice. Bližšia špecifikácia predmetu zákazky je uvedená v súťažných podkladoch pre toto verejné obstarávanie.,Stavebné práce
3296487,Lehota,"Účelom navrhovanej obnovy je odstrániť nedostatky a poruchy stavebných konštrukcií a to najmä zlepšenie tepelno-izolačných vlastností obvodových stien a strechy ich zateplením a výmenou výplňových konštrukcií.
Odstránenie p",Stavebné práce
3296488,Lehota,"Účelom navrhovanej obnovy je odstrániť nedostatky a poruchy stavebných konštrukcií a to najmä zlepšenie tepelno-izolačných vlastností obvodových stien a strechy ich zateplením a výmenou výplňových konštrukcií.
Odstránenie p",Stavebné práce
3296545,Doba realizácie predmetu zákazky v pracovných dňoch,"Zateplenie obvodového plášťa, výmena výplní otvorov, rekonštrukcia vykurovania; predmet zákazky je podrobne
špecifikovaný v súťažných podkladoch.",Stavebné práce
3296561,Doba realizácie predmetu zákazky v pracovných dňoch,"Zateplenie obvodového plášťa, výmena výplní otvorov, rekonštrukcia vykurovania; predmet zákazky je podrobne špecifikovaný v súťažných podkladoch.",Stavebné práce
3296584,"Maximálna odmena tlmočníka posunkovej reči nepočujúcich za tlmočenie v styku s týmito osobami za každú, aj začatú hodinu tlmočenia vyjadrená v EUR bez DPH","Predmetom zákazky je priebežné odplatné poskytovanie prekladateľských a tlmočníckych služieb, t.j. zabezpečenie reprodukcie písomných a hovorených informácií z východiskového jazyka do cieľového jazyka v písomnej a ústnej fo",Prekladateľské služby
3296584,Maximálna prirážka za nadčasovú hodinu tlmočenia (všetky typy tlmočenia) vyjadrená v %,"Predmetom zákazky je priebežné odplatné poskytovanie prekladateľských a tlmočníckych služieb, t.j. zabezpečenie reprodukcie písomných a hovorených informácií z východiskového jazyka do cieľového jazyka v písomnej a ústnej fo",Prekladateľské služby
3296584,"Maximálna výška príplatku v prípade tlmočenia (všetky typy tlmočenia)v čase medzi 18:00 hod. až 6:00 hod., v sobotu, nedeľu, štátny sviatok a deň pracovného pokoja vyjadrená v%","Predmetom zákazky je priebežné odplatné poskytovanie prekladateľských a tlmočníckych služieb, t.j. zabezpečenie reprodukcie písomných a hovorených informácií z východiskového jazyka do cieľového jazyka v písomnej a ústnej fo",Prekladateľské služby
3296584,Maximálna výška príplatku v prípade dodania prekladu do 24 hodín od doručenia požiadavky objednávateľa na vyhotovenie prekladu vyjadrená v %,"Predmetom zákazky je priebežné odplatné poskytovanie prekladateľských a tlmočníckych služieb, t.j. zabezpečenie reprodukcie písomných a hovorených informácií z východiskového jazyka do cieľového jazyka v písomnej a ústnej fo",Prekladateľské služby
3296624,Zľava k základnej cene ako množstevná zľava na 1000 litrov v EUR bez DPH,"Predmetom zákazky je dodanie pohonných hmôt pre potreby DPB, a.s., a to dodanie motorovej nafty STN EN 590 triedy A až F pre vozidlá MHD s podmienkou dodania motorovej nafty zimnej s parametrami MTF max. -30 °C, vrátane dopravy. Podrobná",Motorová nafta
3296646,Najnizsia lehota dodania predmetu obstaravania v kalendarnych dňoch,Predmetom zákazky je dodávka technológie na spracovanie mlieka. Bližšia špecifikácia predmetu zákazky je uvedená v súťažných podkladoch a ich prílohách.,Mliekarenské zariadenia
3296662,1.2.Lehota výstavby (lehota plnenia predmetu zákazky) vyjadrená v celých kalendárnych dňoch odo dňa odovzdania staveniska,"Predmetom zákazky je zateplenie objektu Obecného úradu a súvisiace práce, čím sa podstatne vylepšia prevádzkové a technicko - ekonomické parametre objektu. Objekt je dvojpodlažný s nevyužívaným podkrovím, nepodpivničený so sed",Stavebné práce na stavbe budov
3296668,Najnižšia lehota dodania predmetu obstarávania v kalendárnych dňoch,Predmetom zákazky je modernizácia objektov pre spracovanie mlieka. Bližšia špecifikácia predmetu zákazky je uvedená v súťažných podkladoch a ich prílohách.,Stavebné práce
3296682,2. Poskytnutá zľava z aktuálneho cenníka na technologické licencie a softvérové produkty Oracle (Oracle Technology Global Price List) potvrdeného výrobcom (Oracle) v %,"Predmetom zákazky je zabezpečenie štandardnej a rozšírenej technickej podpory technológií Oracle. Verejný
obstarávateľ požaduje poskytovanie služieb v nasledovnom rozsahu:
a) zabezpečenie štandardnej technickej podpory prevádzko",Softvérové podporné služby
3296682,3. Poskytnutá zľava z aktuálneho cenníka na hardwarové produkty Oracle (Oracle Engineered System Price List) potvrdeného výrobcom (Oracle) v %,"Predmetom zákazky je zabezpečenie štandardnej a rozšírenej technickej podpory technológií Oracle. Verejný
obstarávateľ požaduje poskytovanie služieb v nasledovnom rozsahu:
a) zabezpečenie štandardnej technickej podpory prevádzko",Softvérové podporné služby
3296682,4. Poskytnutá zľava z aktuálneho cenníka na služby štandardnej a rozšírenej technickej podpory Oracle (Oracle Premier Support a Oracle Advanced customer Services) potvrdeného výrobcom Oracle v %,"Predmetom zákazky je zabezpečenie štandardnej a rozšírenej technickej podpory technológií Oracle. Verejný
obstarávateľ požaduje poskytovanie služieb v nasledovnom rozsahu:
a) zabezpečenie štandardnej technickej podpory prevádzko",Softvérové podporné služby
3296817,Lehota realizácie,Rekonštrukcia miestnych komunikácii v obci Nimnica. Bližšie informácie sú uvedené v súťažných podkladoch.,"Stavebné práce, práce spodnej a vrchnej stavby diaľnic, ciest"
3296820,Lehota realizácie,Projekt rieši modernizáciu objektu Kultúrneho domu v obci Nimnica so zvýšením energetickej účinnosti budovy a s využitím obnoviteľných zdrojov energie. Bližšie informácie sú uvedené v súťažných podkladoch.,Stavebné práce na stavbe budov určených pre umenie a kultúru
3297047,koeficient Kpl pre plyn,"Výsledkom verejného obstarávania má byť zabezpečenie nákupu energií (elektrina a plyn) poskytovateľom, ktorý zabezpečí dodávku energií podľa konkrétnych potrieb obstarávateľa, ako aj kompletné služby spojené s bezpečnou, st",Elektrická energia
3297047,koeficient Kel pre elektrinu,"Výsledkom verejného obstarávania má byť zabezpečenie nákupu energií (elektrina a plyn) poskytovateľom, ktorý zabezpečí dodávku energií podľa konkrétnych potrieb obstarávateľa, ako aj kompletné služby spojené s bezpečnou, st",Elektrická energia
3297081,"Poplatok za stornovanie letenky po jej vystavení (pre jeden ks letenky), v EUR bez DPH","Predmetom zákazky je zabezpečenie leteniek a služieb s nimi súvisiacich, na pravidelných a nepravidelných (charterových) leteckých linkách u pravidelných, ako aj u tzv. nízkonákladových prepravcov, pre potreby zamestnancov verejnéh",Letecké dopravné služby
3297081,"Poplatok za zmenu letenky pred jej vystavením (pre jeden ks letenky), v EUR bez DPH","Predmetom zákazky je zabezpečenie leteniek a služieb s nimi súvisiacich, na pravidelných a nepravidelných (charterových) leteckých linkách u pravidelných, ako aj u tzv. nízkonákladových prepravcov, pre potreby zamestnancov verejnéh",Letecké dopravné služby
3297081,"Poplatok za zmenu letenky pred jej vystavením (pre jeden ks letenky), v EUR bez DPH,","Predmetom zákazky je zabezpečenie leteniek a služieb s nimi súvisiacich, na pravidelných a nepravidelných (charterových) leteckých linkách u pravidelných, ako aj u tzv. nízkonákladových prepravcov, pre potreby zamestnancov verejnéh",Letecké dopravné služby
3297086,Najvyššia priemerná prepočítaná zľava u vybraných prevádzkovateľov webových stránok,"Predmetom zákazky je výber dodávateľa na nákup mediálneho priestoru v online médiách v SR za účelom prezentácie Operačného programu Životné prostredie a Operačného programu Kvalita životného prostredia.
Podrobné vymedzenie p",Reklamné a marketingové služby
3297232,Lehota realizácie zákazky,Ide o rozšírenie kapacity ČOV z pôvodne povoleného čistenia len zvážaných žumpových OV v množstve 50 m3/týždeň - I. etapa. na 1200 EO (obec Hontianske Nemce) + denný zvoz žumpových odpadových vôd o kapacite 24 m3/deň (obec H,Stavebné práce
3297380,Lehota realizácie,Dielom resp. predmetom zákazky sú stavebné úpravy objektu spracovania mlieka a výroby mliečnych produktov. Bližšie informácie ohľadom predmetu zákazky sú uvedené v súťažných podkladoch.,Stavebné práce na stavbe budov
3297431,Lehota realizácie,Dielom resp. predmetom zákazky sú stavebné práce/ modernizácia existujúceho objektu SO 01 - SKLAD POTRAVÍN č. 3 spolu s obstaraním technológie - odkôskovacieho zariadenia jadrového a kôstkového ovocia. Predmetom zákazky sú taktie,Stavebné práce na stavbe budov
3297583,Výhodnosť zmluvných podmienok,"Predmetom zákazky je servis a zabezpečenie plynulého chodu klimatizačných a vzduchotechnických zariadení, umiestnených v jednotlivých budovách verejného obstrávateľa.",Opravy a údržba chladiacich zostáv
3297611,Výhodnost zmluvných podmienok predmetu zákazky,"Predmetom zákazky je cyklotrasa Šúrsky okruh, úsek Šúrsky kanál - Vajnorská ulica. Podrobnosti o predmete zákazky sú uvedené v sútažných podkladoch pre toto verejné obstarávanie.",Stavebné práce na stavbe cyklistických trás
3297717,Lehota dodania v kalendárnych dňoch od doručenia objednávky,V zmysle súťažných podkladov.,Kontajnery a nádoby na odpad a odpadky
3297951,Lehota realizácie,Rekonštrukcia požiarnej zbrojnice v obci Slopná. Bližšie informácie sú uvedené v súťažných podkladoch.,Stavebné práce na stavbe budov
3297972,Lehota kompletného zhotovenia od odovzdania staveniska ( uvádza sa počet kalendárnych dní),"Modernizácia, obnova a zníženie energetickej náročnosti a nákladov na prevádzku verejnej budovy občianskej vybavenosti obce Kuzmice. Bližšie opísané v časti súťažných podkladov B.1 Opis predmetu zákazky a v prílohe súťažný",Stavebné práce
3298040,Kvalita výstupov,Predmetom zákazky je vytvorenie a tlač farebnej obrazovej knižnej publikácie v rámci projektu SK-INFO-UA Inovatívne informačné produkty cezhraničnej spolupráce. Publikácia bude vyhotovená s vysokou kvalitou fotografií a grafického,Tlačiarenské a príbuzné služby
3298052,Lehota,"Pri súčasnom využití poznatkov, technológií a materiálov je najvhodnejším a zároveň aj najúčinnejším spôsobom, ktorý
nateraz najkomplexnejšie rieši odstránenie zistených porúch obvodového plášťa, je jeho dodatočné ce",Stavebné práce
3298066,Lehota realizácie,"Dielom resp. predmetom zákazky sú stavebné práce: úprava priestorov sýpky na pálenicu spolu s prípojkami - plynoinštalácia, ústredné kúrenie, vodovod (SO 01 Budova pálenice), Prefabrikovaná vodoizolovaná žumpa (SO 02), Prekládk",Stavebné práce na stavbe budov
3298356,Lehota dodania tovaru v kalendárnych dňoch,Zabezpečenie vhodného technologického vybavenia k projektu Podpora zhodnocovania biologicky rozložiteľného komunálneho odpadu v obci Ladce,Prepravné zariadenia a pomocné výrobky na prepravu
3298360,Lehota dodania tovaru v kalendárnych dňoch,"Požadované technologické vybavenie: 


traktor, 
zhrňovacia radlica,
nakladač,
drvič,
náves,
bagrovacie zariadenie,
rameno mulčovacie,
kontajner.",Prepravné zariadenia a pomocné výrobky na prepravu
3298433,Lehota výstavby v pracovných dňoch,Stavebné úpravy materskej školy,Stavebné práce
3298441,Lehota realizácie,Dielom resp. predmetom zákazky sú stavebné práce na stavebných objektoch: KRAVÍN I a KRAVÍN II spolu s riešením technológie hradenia napájania. Bližšie informácie ohľadom predmetu zákazky sú uvedené v súťažných podkladoch.,Stavebné práce na kravínoch
3298509,Lehota realizácie,Stavebné práce na znížení energetickej náročnosti obecného úradu v obci Podhorie. Bližšie informácie sú uvedené v súťažných podkladoch.,Stavebné práce na stavbe budov
3298518,Lehota dodania,"Technologické vybavenie pre separovaný zber v obci Slovenské Pravno, konkrétne Traktor s prívesom a príslušenstvom. Bližšie informácie sú uvedené v súťažných podkladoch.",Traktory/ťahače
3298520,Lehota dodania,"Technologické vybavenie pre separovaný zber v obci Stankovany, konkrétne Traktor s prívesom a príslušenstvom.
Bližšie informácie sú uvedené v súťažných podkladoch.",Traktory/ťahače
3298550,Lehota realizácie,Relaxačno-športový areál v obci Streženice. Bližšie informácie sú uvedené v súťažných podkladoch.,Stavebné práce na stavbe športových zariadení
3298560,Lehota realizácie,"Projekt zateplenia budovy kultúrneho domu rieši nedostatky súčasného stavu budovy v oblasti energetickej, hygienickej a estetickej. Výplne okenných aj dverných otvorov sú nevyhovujúce, zdroj vykurovania je v havarijnom stave a objekt v",Stavebné práce na stavbe budov určených pre umenie a kultúru
3298570,Lehota realizácie,"V súčasnosti cez obec pretekajú viaceré toky. V rámci protipovodňového opatrenia je riešený hlavný tok Lysický potok, ktorého dno je v súčasnosti riešené z voľne uložených (nanesených) kameňov a brehy sú prevažne z trávna",Protipovodňové práce
3298571,Lehota realizácie,"Projekt rieši vybudovanie detského ihriska, spevnenej plochy, rekonštrukciu komunikácie, úpravu povrchového rigola, priepustu a výsadby zelene. Bližšie informácie sú uvedené v súťažných podkladoch.",Stavebné práce na stavbe športových zariadení
3298727,Lehota,"1. Výmena výplňových konštrukcií
2. Zateplenie obalových konštrukcií
3. Zateplenie stropných konštrukcií
4. Úprava bleskozvodu v časti fasády
Požiadavky na predmet zákazky:
Uchádzač ako súčasť ponuky predloží verejn",Stavebné práce
3298744,Lehota výstavby v pracovných dňoch,Zateplenie objektu materskej školy v Tužine,Stavebné práce
3298755,počet naprojektovaných úsekov,"Vypracovanie kompletnej projektovej dokumentácie spracovanej v dvoch stupňoch DÚR a DSP(DRS) cyklotrasy EuroVelo 11 pre úseky v katastroch obcí : Veľký Šariš, Šarišské Michaľany, Ostrovany, Sabinov, Pečovská Nová Ves. Cyklotrasa","Architektonické, inžinierske a plánovacie služby"
3299009,Lehota výstavby v pracovných dňoch,Predmetom zákazky je vybudovanie nových stôk splaškovej kanalizácie z pripojených nehnuteľností .,Stavebné práce
3299114,Lehota realizácie,Predmetom zákazky je rekonštrukcia materskej škôlky v obci Družstevná pri Hornáde za účelom zvýšenia jej energetickej efektívnosti. Bližšie informácie ohľadom predmetu zákazky sú uvedené v súťažných podkladoch.,Stavebné práce na stavbe budov materských škôl
3299123,Lehota realizácie,Rekonštrukcia miestnej komunikácie Záriečie - KLECENEC. Bližšie informácie sú uvedené v súťažných podkladoch.,"Stavebné práce, práce spodnej a vrchnej stavby diaľnic, ciest"
3299125,Lehota realizácie,"Predmetom zákazky je rekonštrukcia objektu obecného úradu v obci Trstené pri Hornáde za účelom zvýšenia jeho
energetickej efektívnosti. Bližšie informácie ohľadom predmetu zákazky sú uvedené v súťažných podkladoch.",Stavebné práce na stavbe budov
3299251,Lehota výstavby,"Predmetom zákazky je prístavba materskej školy, ktorá pozostáva z objektu SO 001 Vlastný objekt - Prístavba objektu s kanalizačnou prípojkou.
Prístavba je riešená konštrukčne ako samostatný objekt. Jedná sa o modulovú stavbu
(",Stavebné práce
3299383,Lehota realizácie,Multifunkčné ihrisko v obci Pleš. Bližšie informácie sú uvedené v súťažných podkladoch.,Stavebné práce na stavbe športových zariadení
3299385,Lehota realizácie,Rekonštrukcia mosta ponad Papradnianku v obci Stupné. Bližšie informácie sú uvedené v súťažných podkladoch.,Stavebné práce na cestných mostoch
3299388,Lehota realizácie,Rekonštrukcia miestnych komunikácii v obci Sádočné. Bližšie informácie sú uvedené v súťažných podkladoch.,"Stavebné práce, práce spodnej a vrchnej stavby diaľnic, ciest"
3299492,Lehota výstavby v pracovných dňoch,Prestavba a prístavba penziónu LEA.,Stavebné práce
3299529,Lehota realizácie,Predmetom zákazky sú stavebné práce - rekonštrukcia objektu pre spracovanie mlieka na rodinnej farme Myslina spolu s obstaraním technológie do spracovateľskej prevádzky mlieka na výrobu mliečnych produktov. Bližšie informácie ohľa,Stavebné práce na stavbe budov
3299658,Lehota výstavby v pracovných dňoch,"Stavebné úpravy ZŠ a MŠ, Červená Voda 30",Stavebné práce
3299702,Lehota realizácie,Relaxačno športový areál v obci Pribiš. Bližšie informácie sú uvedené v súťažných podkladoch.,Stavebné práce na stavbe športových zariadení
3299710,Lehota realizácie,Rekonštrukcia miestnych komunikácii v obci Podskalie. Bližšie informácie sú uvedené v súťažných podkladoch.,"Stavebné práce, práce spodnej a vrchnej stavby diaľnic, ciest"
3299734,Lehota výstavby v dňoch,"Vybudovanie prevádzkovo samostatných priestorov zverinca pre tzv. konvenčný chov so zvýšenou starostlivosťou o imunodeficientné zvieratá v rámci centrálneho zverinca, ktorý je súčasťou Pavilónu lekárskych vied SAV v Bratislave.",Stavebné práce na stavbe budov súvisiacich so vzdelávaním a výskumom
3299735,Lehota realizácie,Stavebné úpravy Domu kultúry v obci Galovany. Bližšie informácie sú uvedené v súťažných podkladoch.,"Stavebné práce na stavbe budov pre voľný čas, šport, kultúru, ubytovanie a reštauračné stravovanie"
3299789,Lehota realizácie,Stavebné práce na rozšírení kanalizácie Galovany. Bližšie informácie sú uvedené v súťažných podkladoch.,Stavebné práce na stavbe kanalizácie
3299794,Lehota realizácie,"Zámerom je čiastočná rekonštrukcia objektu kultúrneho domu, ktorá je spojená s objektom obecného úradu a ďalšej prístavby. Súčasťou rekonštrukcie je vybudovanie vykurovania v celom objekte, vykurovací systém s kotlom na tuhé",Stavebné práce na stavbe budov určených pre umenie a kultúru
3299796,Lehota realizácie,Projekt rieši prestavbu samostatne stojacej zbrojnice Dobrovoľného hasičského zboru obce Záskalie. Bližšie informácie sú uvedené v súťažných podkladoch.,Stavebné práce na stavbe budov
3299801,Lehota výstavby,"V rámci zákazky budú vymenené vykurovacie telesá, plynové kotle a ostatné poškodené rozvody a armatúry ústredného kúrenia a zdravotechnickej inštalácie. Budú vykonané ďalšie bežné stavebné práce súvisiace s úpravami poš",Inštalovanie ústredného kúrenia
3299831,Lehota,"Obec Rožkovany má vybudovanú gravitačnú splaškovú kanalizáciu zaústenú pod obcou do čistiarne odpadových vôd pre 1 400 EO (ekvivalentný obyvateľ). Dažďové odpadové vody sú odvádzané rigolmi a priekopami do potokov.
Odveden",Stavebné práce na kanalizačných odtokoch na splaškové vody
3299893,Lehota realizácie,Prestvaba a prístavba domu smútku v obci Horňany. Bližšie informácie sú uvedené v súťažných podkladoch,Stavebné práce na stavbe budov
3299899,Lehota realizácie,Relaxačno športový areál v obci Ivachnová. Bližšie informácie sú uvedené v súťažných podkladoch.,Stavebné práce na stavbe športových zariadení
3299906,Lehota realizácie,"Stavebné práce na čiastkovej kanalizácií ""Ivachnová-Kanalizácia-II.etapa - stoka AB."" Bližšie informácie sú uvedené v súťažných podkladoch.",Stavebné práce na stavbe kanalizácie
3299910,Lehota realizácie,"Stavebné úpravy, zateplenie objektu a výmena výplní vonkajších otvorov. Bližšie informácie sú uvedené v súťažných podkladoch.",Stavebné práce na stavbe budov súvisiacich so vzdelávaním a výskumom
3300038,b) lehota poskytnutia služieb (uviesť časový interval v dňoch),"Predmetom zákazky je výsadba ovocného sadu orechov v DP Včelince, v zmysle špecifikácie v súťažných podkladoch.
Celková potreba jednotlivých odrôd na založenie sadu v ks podľa výsadbového plánu je:
časť Milotai 10 (37.814ks",Služby súvisiace s poľnohospodárskou výrobou
3300055,Lehota realizácie,Predmetom zákazky je rekonštrukcia verejných budov v obci Bátorove Kosihy s cieľom zníženia energetickej náročnosti budovy.,Tepelnoizolačné práce
3300190,Lehota realizácie,Stavebné práce na náučnom chodníku v obci Vrchteplá. Bližšie informácie sú uvedené v súťažných podkladoch.,Stavebné práce na stavbe chodníkov
3300191,Lehota realizácie,"Hlavným účelom stavby je zníženie energetickej náročnosti objektu, čo sa dosiahne jeho zateplením, výmenou energeticky náročných zariadení - zastaralých vykurovacích telies a osvetlenia za moderné úsporné zariadenia s využit","Stavebné práce na stavbe budov pre voľný čas, šport, kultúru, ubytovanie a reštauračné stravovanie"
3300192,Lehota realizácie,Prístavba a prestavba domu smútku v obci Lodno. Bližšie informácie sú uvedené v súťažných podkladoch.,Stavebné práce na stavbe budov
3300330,2. lehota dodania,Vybudovanie oddychových zón. Rekonštrukcia miestnych komunikácii v obci. Bližšie informácie sú uvedené v súťažných podkladoch.,Stavebné práce
3300407,Lehota realizácie zákazky,"Predmetom zákazky je zateplenie obvodových múrov, zateplenie sokla, zateplenie stropu nad prízemím, zateplenie podlahy pod prízemím v časti s podpivničením, výmena pôvodných okien za nové plastové, výmena vchodových dverí za no",Stavebné práce
3300407,Úspora energie,"Predmetom zákazky je zateplenie obvodových múrov, zateplenie sokla, zateplenie stropu nad prízemím, zateplenie podlahy pod prízemím v časti s podpivničením, výmena pôvodných okien za nové plastové, výmena vchodových dverí za no",Stavebné práce
3300492,Kritérium č. 2 Lehota výstavby predmetného diela od prevzatia staveniska po odovzdanie diela v kalendárnych dní,"Predmetom zákazky je nové dispozičné riešenie Domu smútku, ktoré sa zmení prístavbou prístrešku pred Domom smútku a prístavbou skladu. Celý objekt bude zastrešený sedlovou strechou vo dvoch výškových úrovniach. Ďalej predmet",Stavebné práce
3300511,Lehota realizácie,Rekonštrukcia miestnych komunikácii v obci Lednica. Bližšie informácie sú uvedené v súťažných podkladoch.,"Stavebné práce, práce spodnej a vrchnej stavby diaľnic, ciest"
3300516,Lehota realizácie,"Predmetom projektu je prestavba priestranstva v centre obce Lednica na parcelnom čísle 777 a to za účelom vytvorenia priestoru, ktorý bude slúžiť na podporu predaja miestnych produktov. Bližšie informácie sú uvedené v súťažných",Stavebné práce na stavbe budov
3300519,Lehota realizácie,"Priekopa sa nachádza v katastri obce Lednica. Zabezpečuje odtok vody z miestnej komunikácie. Základná orientácia je možná podľa prehľadnej situácie. Projekt rieši rekonštrukciu priekopy výlučne na pozemku, ktorý patrí obci. Bli",Stavebné práce na odvodňovacích kanáloch
3300523,2. lehota dodania,"Obsahom stavebných úprav je:
Výmena strešnej konštrukcie a krytiny,
Zateplenie budovy,
Výmena okien a dverí /prízemie a suterén/,
Stavebné úpravy v interiéri /vytvorenie priestorov pre potreby OcÚ kancelária starostu, knižnica",Stavebné práce na stavbe budov
3300525,Lehota realizácie,"Predmetom projektu je prestavba, jestvujúceho objektu obecného domu, ktorý sa nachádza v obci Lednica na p.č. 777, a to za účelom vytvorenia objektu, ktorý sa bude využívať na stretnutia rôznych záujmových skupín v obci Lednica. O","Stavebné práce na stavbe budov pre voľný čas, šport, kultúru, ubytovanie a reštauračné stravovanie"
3300531,2. lehota dodania,Vybudovanie multifunkčného ihriska v obci Chmeľovec.,Stavebné práce
3300578,Lehota uskutočnenia stavebných prác (v mesiacoch),"Predmetom projektu je rekonštrukcia penziónu Vila Mery, v rámci ktorej sa budú realizovať nasledovné stavebné práce:
1. Rekonštrukcia hlavnej budovy Vila Mery - V rámci stavebných úprav bude vybudovaná zimná záhrada, zrekonštruo",Stavebné práce na stavbe budov
3300579,Lehota nástupu na práce od objednávky v hodinách,"Kosenie, vyhrabávanie, odvoz, likvidácia zelene na sídliskach Rozkvet, SNP, Hliny, Zakvášov v meste Považská Bystrica.",Údržba trávnikov
3300606,2. lehota dodania,Výstavba multifunkčného športového ihriska a detského ihriska. Bližšie informácie v súťažných podkladoch.,Stavebné práce na stavbe budov
3300656,lehota výstavby,2.2Predmetom zákazky je výmenu všetkých výplní otvorov v obvodových stenách. Výmena výplní otvorov pozostáva z demontáže starých drevených a hliníkových výplní a následnej montáži nových plastových okien a hliníkových,Stavebné práce na objektoch stredných škôl
3300862,Lehota zhotovenia diela,Predmetom zákazky je zníženie energetickej náročnosti kultúrneho domu v obci Lipovec. Budova kultúrneho domu je dvojpodlažná budova. Obvodový plášť je murovaný z plných tehál hr. 450 mm. Tepelnú izoláciu treba previesť zo stra,Stavebné práce na stavbe budov určených pre umenie a kultúru
3300881,Lehota realizácie,Účelom stavby je vybudovanie vodovodu k rodinným domov v obci Medzibrodie nad Oravou v lokalite Klin z dôvodu zásobovania plánovaných rodinných domov pitnou vodou. Vodovod bude napojený na jestvujúci vodovodný rad. Bližšie informác,Práca na vodovodnom domovom potrubí
3300926,Lehota realizácie,Relaxačno-sportový areál - Medzibrodie nad Oravou. Bližšie informácie sú uvedené v súťažných podkladoch.,Stavebné práce na stavbe športových zariadení
3300933,Lehota realizácie,"Stavba je navrhovaná za účelom dočasného umiestnenia a uskutočnenia dôstojnej rozlúčky zosnulých občanov obce. Jedná sa o jednopodlažný objekt, nepodpivničený so stanovou strechou a vikiermi. Lokalita výstavby sa nachádza v ext",Stavebné práce na stavbe plôch pre cintoríny
3300946,Lehota dodania,"Dodávka poľnohospodárskej techniky pre spoločnosť AGROSLUŽBY Svidník, s.r.o.. Bližšie informácie sú
uvedené v súťažných podkladoch.",Poľnohospodárske traktory/ťahače ovládané chodcami
3300948,Lehota nástupu na záručný servis,"Nákup zariadení a strojov pre poľnohospodárskej výroby pre spoločnosť AGISS, s.r.o.. Bližšie informácie sú uvedené v súťažných podkladoch.",Poľnohospodárske stroje
3301046,Lehota výstavby,"Predmetom zákazky je rekonštrukcia a modernizácia penziónu Welya so sídlom v Štúrove, ktorý je v
súčasnosti v prevádzke.","Stavebné práce na stavbe budov pre voľný čas, šport, kultúru, ubytovanie a reštauračné stravovanie"
3301210,Lehota výstavby v kalendárnych dňoch,V zmysle projektovej dokumentácie (ďalej len PD) zrealizovať zákazku: Sanácia miest s nezákonne umiestneným odpadom v obci Sokoľany,Práce pri vyčisťovaní stavenísk
3301296,Lehota realizácie,V zmysle súťažných podkladov.,Stavebné práce na stavbe budov
3301345,Lehota realizácie,Stavebné práce na úprave verejného priestranstva v obci Horňany. Bližšie informácie sú uvedené v súťažných podkladoch.,Stavebné práce na stavbe chodníkov
3301368,Kvalita kreatívneho návrhu - Úroveň spracovania analýzy trhu,"Predmetom zákazky je poskytovanie komplexných mediálnych služieb v rozsahu: mediálne plánovanie, nákup médií a dohľad nad mediálnym trhom na obdobie 2 rokov, s možnosťou opcie na predĺženie platnosti rámcovej dohody o 1 rok.

R",Reklamné a marketingové služby
3301368,Kvalita kreatívneho návrhu - Meranie úspešnosti,"Predmetom zákazky je poskytovanie komplexných mediálnych služieb v rozsahu: mediálne plánovanie, nákup médií a dohľad nad mediálnym trhom na obdobie 2 rokov, s možnosťou opcie na predĺženie platnosti rámcovej dohody o 1 rok.

R",Reklamné a marketingové služby
3301368,Kvalita kreatívneho návrhu - Mediaplán,"Predmetom zákazky je poskytovanie komplexných mediálnych služieb v rozsahu: mediálne plánovanie, nákup médií a dohľad nad mediálnym trhom na obdobie 2 rokov, s možnosťou opcie na predĺženie platnosti rámcovej dohody o 1 rok.

R",Reklamné a marketingové služby
3301368,Kvalita kreatívneho návrhu - Naplnenie cieľov mediálnej kampane a koncepcia komunikačného mixu,"Predmetom zákazky je poskytovanie komplexných mediálnych služieb v rozsahu: mediálne plánovanie, nákup médií a dohľad nad mediálnym trhom na obdobie 2 rokov, s možnosťou opcie na predĺženie platnosti rámcovej dohody o 1 rok.

R",Reklamné a marketingové služby
3301415,Lehota realizácie,Rekonštrukcia domu smútku v obci Motešice. Bližšie infomácie sú uvedené v súťažných podkladoch.,Stavebné práce na stavbe budov
3301424,Lehota realizácie,Rekonštrukcia a modernizácia domu smútku a jeho okolia v obci Lysica. Bližšie informácie sú uvedené v súťažných podkladoch.,Stavebné práce na stavbe budov
3301427,Lehota realizácie,Rekonštrukcia miestnych komunikácií a mostov v k.ú. obce Radôstka. Bližšie informácie sú uvedené v súťažných podkladoch.,Stavebné práce na mostoch
3301430,Lehota realizácie,Rekonštrukcia interiéru obecného domu - časť pre kultúru v obci Radôstka. Bližšie informácie sú uvedené v súťažných podkladoch.,"Stavebné práce na stavbe budov pre voľný čas, šport, kultúru, ubytovanie a reštauračné stravovanie"
3301621,Výhodnost zmluvných podmienok predmetu zákazky,"V areáli Základnej školy Most pri Bratislave sa navrhuje novostavba objektu materskej školy, a to severovýchodne od existujúceho objektu základnej školy. Navrhovaná budova materskej školy je riešená s jedným nadzemným podlažím, b",Práce na kompletnej alebo čiastočnej stavbe a práce inžinierskych stavieb
3301690,Pohotovosť,"Komplexný výkon zimnej údržby komunikácií III. a IV. triedy, ako i priľahlých chodníkov a parkovísk, schodov a prechodov a to pohotovosť, pluhovanie, chemický a inertný posyp, ručné a strojné odpratávanie snehu a ľadu v katastr",Odpratávanie snehu
3301690,Strojné výkony na chodníkoch,"Komplexný výkon zimnej údržby komunikácií III. a IV. triedy, ako i priľahlých chodníkov a parkovísk, schodov a prechodov a to pohotovosť, pluhovanie, chemický a inertný posyp, ručné a strojné odpratávanie snehu a ľadu v katastr",Odpratávanie snehu
3301690,Posypový materiál,"Komplexný výkon zimnej údržby komunikácií III. a IV. triedy, ako i priľahlých chodníkov a parkovísk, schodov a prechodov a to pohotovosť, pluhovanie, chemický a inertný posyp, ručné a strojné odpratávanie snehu a ľadu v katastr",Odpratávanie snehu
3301690,Výkony na komunikáciách a ich nasadenie,"Komplexný výkon zimnej údržby komunikácií III. a IV. triedy, ako i priľahlých chodníkov a parkovísk, schodov a prechodov a to pohotovosť, pluhovanie, chemický a inertný posyp, ručné a strojné odpratávanie snehu a ľadu v katastr",Odpratávanie snehu
3301690,"Ručné výkony na chodníkoch, schodoch a prechodoch","Komplexný výkon zimnej údržby komunikácií III. a IV. triedy, ako i priľahlých chodníkov a parkovísk, schodov a prechodov a to pohotovosť, pluhovanie, chemický a inertný posyp, ručné a strojné odpratávanie snehu a ľadu v katastr",Odpratávanie snehu
3301702,Kvalita kreatívneho návrhu - Strategické nastavenie riešenia,"Predmetom obstarávania je zabezpečenie služieb public relations na každodennej báze na obdobie 2 rokov, s možnosťou opcie na 1 rok, ktorých cieľom je komunikačná podpora obchodných aktivít verejného obstarávateľa, budovanie imid",Reklamné a marketingové služby
3301702,Kvalita kreatívneho návrhu - Kreativita a inovatívnosť riešení,"Predmetom obstarávania je zabezpečenie služieb public relations na každodennej báze na obdobie 2 rokov, s možnosťou opcie na 1 rok, ktorých cieľom je komunikačná podpora obchodných aktivít verejného obstarávateľa, budovanie imid",Reklamné a marketingové služby
3301702,Kvalita kreatívneho návrhu - Celkový návrh riešenia,"Predmetom obstarávania je zabezpečenie služieb public relations na každodennej báze na obdobie 2 rokov, s možnosťou opcie na 1 rok, ktorých cieľom je komunikačná podpora obchodných aktivít verejného obstarávateľa, budovanie imid",Reklamné a marketingové služby
3301702,Kvalita kreatívneho návrhu - Relevantnosť riešenia pre SPP,"Predmetom obstarávania je zabezpečenie služieb public relations na každodennej báze na obdobie 2 rokov, s možnosťou opcie na 1 rok, ktorých cieľom je komunikačná podpora obchodných aktivít verejného obstarávateľa, budovanie imid",Reklamné a marketingové služby
3301702,Kvalita kreatívneho návrhu - Videoprezentácia,"Predmetom obstarávania je zabezpečenie služieb public relations na každodennej báze na obdobie 2 rokov, s možnosťou opcie na 1 rok, ktorých cieľom je komunikačná podpora obchodných aktivít verejného obstarávateľa, budovanie imid",Reklamné a marketingové služby
3301842,Lehota dodania,Predmetom zákazky je obstaranie pekárenskej technológie.,"Zariadenia na spracovanie potravín, nápojov a tabaku"
3301849,Termin poslednej možnej objednávky stravy,"Zabezpečenie služieb spojených s dodávkou stravy - čerstvého vareného jedla- kompletný obed (polievka, hlavné jedlo, nealkoholický napoj) pre dôchodcov (príprava a dovoz) na miesto určenia podľa bodu II.1.2. tohto oznámenia počas",Služby hromadného stravovania
3301888,Lehota realizácie,Relaxačno športový areál v obci Malá Hradná. Bližšie informácie sú uvedené v súťažných podkladoch.,Stavebné práce na stavbe športových zariadení
3301893,Lehota realizácie,Rekonštrukcia domov smútku - katolíckeho aj evanjelického v obci Malá Hradná. Bližišie informácie sú uvedené v súťažných podkladoch,Stavebné práce na stavbe budov
3301995,Lehota kompletného zhotovenia od odovzdania staveniska ( uvádza sa počet kalendárnych dní),V zmysle projektovej dokumentácie (ďalej len PD) zrealizovať zákazku : Predĺženie ulice Pri studničke,Stavebné práce
3302278,Neaukčné: maximálny obežný priemer dmin 500 mm- dmax 700 mm,"CNC sústruh s vysokou presnosťou trieskového obrábania na pravidelné opracovávanie obrobkov s priemerom minimálne 500 mm, so spoľahlivým a efektívnym riadiacim systémom a minimálne 6-ti nástrojovou nožovou hlavou.",CNC sústruhy
3302278,"Neaukčné: maximálna dĺžka sústruženia, lmin 1000 mm - lmax 1200 mm","CNC sústruh s vysokou presnosťou trieskového obrábania na pravidelné opracovávanie obrobkov s priemerom minimálne 500 mm, so spoľahlivým a efektívnym riadiacim systémom a minimálne 6-ti nástrojovou nožovou hlavou.",CNC sústruhy
3302647,Vzdialenosť prevádzky uchádzača od sídla organizácie,"Zabezpečenie servisu a opravy osobných motorových vozidiel. Zabezpečenie pravidelných a nepravidelných servisných úkonov na služobných osobných motorových vozidlách, ako aj bežné opravy pri poistných udalostiach.
Ďalšie podrob",Opravy a údržbárske služby pre motorové vozidlá a súvisiace vybavenie
3302820,Lehota výstavby,Projekt je zameraný na modernizáciu hlavnej výrobnej haly spoločnosti B.M. Kávoviny opatreniami na základe energetického auditu a to zateplením obvodového plášťa budovy kontaktným zatepľovacím systémom a modernizáciou pôvodnýc,Práce na kompletnej alebo čiastočnej stavbe a práce inžinierskych stavieb
3302843,Lehota dodania stravných poukážok,"Predmetom zákazky je zabezpečenie stravovania pre zamestnancov verejného obstarávateľa a zamestnancov
pristupujúcich organizácií formou stravných poukážok s ochrannými prvkami. Podrobné vymedzenie predmetu zákazky je uvedené v s",Služby hromadného stravovania
3302860,Reakčná doba pri nahlásení vzniknutej poruchy v celých minútach,"Predmetom zákazky je zabezpečenie všeobecnej údržby v meste Prešov, ktoré pozostáva z údržby a prevádzky mestských fontán, z údržby a realizácie vlajkovej a slávnostnej výzdoby mesta, z údržby a prevádzky mestských hodín,",Opravárske a údržbárske služby
3302898,lehota realizácie predmetu zákazky,"Predmetom zákazky je odstránenie havarijného stavu a úpravy interiérov Auly a súvisiacich priestorov Farmaceutickej fakulty UK, úprava interiéru s akustickými stropmi, výmena zariadenia interiéru, rekonštrukcia ÚK, výmena podlahy,",Rôzne vybavenie a zariadenie interiérov
3303335,Lehoty výstaby,"Jedná sa rekonštrukciu a modernizáciu stavebného objektu za účelom zvýšenia energetickej efektívnosti - Ma - Pe s.r.o., nachádzajúceho sa v katastri obce Partizánska Ľupča. Ide o dvojpodlažnú nepodpivničenú budovu s východom n",Stavebné práce na objektoch priemyselnych jednotiek
3303387,Lehota dodania tovaru v kalendárnych dňoch,Predmetom obstarávania je nákup 5-osého CNC vertikálneho obrábacieho centra s vyšším výkonom a kompletným príslušenstvom vrátane zoraďovacieho prístroja na nástroje a nevyhnutného CAD a CAM softvéru.,Obrábacie centrá (strediská)
3303476,lehota výstavby v dňoch,"Stavba - kde sa budú rekonštrukčné práce vykonávať - sa nachádza v intraviláne mesta Krompachy, v areáli nemocnice, v katastrálnom území Krompachy. Prístup k stavbe je zabezpečený jestvujúcimi vnútroareálovými spevnenými plo",Stavebné práce
3303480,lehota zhotovenia diela,"Predmetom zákazky je rekonštrukcia nevyužívanej hospodáreskej budovy na nízkokapacitné príležitostné ubytovanie s enotékou. Po rekonštrukcii objekt bude trojpodlažný, čiastočne podpivničený s klenbovou pivnicou, prízemím a ob",Stavebné práce na objektoch zariadení na krátkodobé ubytovanie
3303598,Technické riešenie komplexného sxstému VPN GP SR,"Virtuálna privátna dátová komunikačná sieť
Vybudovanie virtuálnej privátnej dátovej komunikačnej siete (ďalej len ""VPN"") na prepojenie dátových centier a pracovísk v pôsobnosti Generálnej prokuratúry SR (ďalej len ""GP SR"" ale",Telekomunikačné služby
3303732,lehota uvedenia ponúknutého zariadenia do skúšobnej prevádzky v dňoch,"Predmetom dodávky bude zariadenie určené pre rovnanie veľkých kovových materiálov rôznych profilov, tvarov a zvarencov.",Hydraulické lisy
3303779,Lehota výstavby,"Výstavba objektu na prezentáciu kultúrnych aktivít a regionálnych produktov, vonkajšieho sedenia s pódiom ako časť stavebných objektov SO 03 Turisticko-informačné centrum, SO 15 Spevnené plochy a SO 16 Terénne úpravy a zeleň, v r",Stavebné práce
3303807,Lehota uskutočnenia stavebných prác uvedená v celých kalendárnych dňoch,"Výber zhotoviteľa diela: 
Stavebného objektu: Prístavba a prestavba viacúčelového priestoru MOŠTENICA-KYSLÁ, Moštenica -Kyslá 159, č.parc. 583-1, 583-23 a Stavebného objektu: modernizácia stravovacieho zariadenia chata Slovenka -","Stavebné práce na stavbe budov pre voľný čas, šport, kultúru, ubytovanie a reštauračné stravovanie"
3303980,Lehota dodania v kalendárnych dňoch,Predmetom zákazky je realizácia protipovodňovej úpravy potoka Lukavica a jeho prítokov,Protipovodňové práce
3304060,Uskladnenie pneumatík  uskladnenie sád pneumatík zimných/letných 1 sada = 4 ks,"Oprava a servis služobných motorových vozidiel, servisné prehliadky, údržba, diagnostika, mechanické, karosárske a lakovnícke práce, opravy motorových vozidiel vrátane súvisiacich služieb pneuservisné práce. Odtiahnutie a uskladn",Oprava a údržba osobných motorových vozidiel
3304060,Opravy defektov 1 ks,"Oprava a servis služobných motorových vozidiel, servisné prehliadky, údržba, diagnostika, mechanické, karosárske a lakovnícke práce, opravy motorových vozidiel vrátane súvisiacich služieb pneuservisné práce. Odtiahnutie a uskladn",Oprava a údržba osobných motorových vozidiel
3304060,Realizácia STK a EK,"Oprava a servis služobných motorových vozidiel, servisné prehliadky, údržba, diagnostika, mechanické, karosárske a lakovnícke práce, opravy motorových vozidiel vrátane súvisiacich služieb pneuservisné práce. Odtiahnutie a uskladn",Oprava a údržba osobných motorových vozidiel
3304060,Motorový olej pre naftové motory za 1L na priamy nákup s min. parametrom 10W40,"Oprava a servis služobných motorových vozidiel, servisné prehliadky, údržba, diagnostika, mechanické, karosárske a lakovnícke práce, opravy motorových vozidiel vrátane súvisiacich služieb pneuservisné práce. Odtiahnutie a uskladn",Oprava a údržba osobných motorových vozidiel
3304060,Motorový olej pre benzínové motory za 1L na priamy nákup s min. parametrom 10W40,"Oprava a servis služobných motorových vozidiel, servisné prehliadky, údržba, diagnostika, mechanické, karosárske a lakovnícke práce, opravy motorových vozidiel vrátane súvisiacich služieb pneuservisné práce. Odtiahnutie a uskladn",Oprava a údržba osobných motorových vozidiel
3304060,Prezúvanie pneumatík (súčasťou  je aj vyvažovanie pneumatík) hliníkových diskov nad 17  1 ks,"Oprava a servis služobných motorových vozidiel, servisné prehliadky, údržba, diagnostika, mechanické, karosárske a lakovnícke práce, opravy motorových vozidiel vrátane súvisiacich služieb pneuservisné práce. Odtiahnutie a uskladn",Oprava a údržba osobných motorových vozidiel
3304060,Prezúvanie pneumatík (súčasťou  je aj vyvažovanie pneumatík) plechových diskov do 17  1  ks,"Oprava a servis služobných motorových vozidiel, servisné prehliadky, údržba, diagnostika, mechanické, karosárske a lakovnícke práce, opravy motorových vozidiel vrátane súvisiacich služieb pneuservisné práce. Odtiahnutie a uskladn",Oprava a údržba osobných motorových vozidiel
3304060,Klampiarske a lakovnícke práce - 1 Nhod.,"Oprava a servis služobných motorových vozidiel, servisné prehliadky, údržba, diagnostika, mechanické, karosárske a lakovnícke práce, opravy motorových vozidiel vrátane súvisiacich služieb pneuservisné práce. Odtiahnutie a uskladn",Oprava a údržba osobných motorových vozidiel
3304060,"Odtiahnutie vozidla do 3,5t za 1 km mimo BA (vrátane naloženia/zloženia)","Oprava a servis služobných motorových vozidiel, servisné prehliadky, údržba, diagnostika, mechanické, karosárske a lakovnícke práce, opravy motorových vozidiel vrátane súvisiacich služieb pneuservisné práce. Odtiahnutie a uskladn",Oprava a údržba osobných motorových vozidiel
3304060,Servisné práce - 1 Nhod.,"Oprava a servis služobných motorových vozidiel, servisné prehliadky, údržba, diagnostika, mechanické, karosárske a lakovnícke práce, opravy motorových vozidiel vrátane súvisiacich služieb pneuservisné práce. Odtiahnutie a uskladn",Oprava a údržba osobných motorových vozidiel
3304139,lehota zhotovenia diela,"Zatepľovaná budova sa nachádza v Dlhej nad Oravou okres Dolný Kubín. Požiadavkou verejného obstarávateľa je na budove vykonať také stavebné úpravy, aby sa vytvorila stavba energeticky čo najviac úsporná, pretože existujúci stav",Stavebné práce na kancelárskych budovách
3304323,Garantovaný menovitý tepelný výkon a účinnosť vo výkonovej prevádzke pri obsahu vody v palive W 35,"Dosiahnutie úspory a efektívneho využívania energie v spoločnosti KBR sanita, s.r.o.",Stavebné práce na stavbe budov
3304323,Lehota výstavby v dňoch,"Dosiahnutie úspory a efektívneho využívania energie v spoločnosti KBR sanita, s.r.o.",Stavebné práce na stavbe budov
3304345,Pomer trvalého výkonu na ťažnom háku k hmotnosti HDV pri výkone vlakového kúrenia 700 kVA pri trakčnom systéme 25 kW/50 Hz,"Modernizácia 4 ks jednosystémových hnacích dráhových vozidiel radu 163 (ďalej len ""HDV"") s možnosťou uplatnenia si opcie na ďalších 7 ks jednosystémových HDV radu 163 s napájacím systémom 3 kV DC na dvojsystémové HDV. 
HDV mu",Úprava lokomotív
3304525,Lehota dodania,Podrobný opis predmetu zákazky je uvedený v zverejnených súťažných podkladoch.,Stavebné práce
3304673,Lehota dodania,Predmetom zákazky je dodanie a inštalácia zostáv technológií na kalibráciu optických meradiel.,Testovacie a meracie stroje a prístroje
3304673,Pozáručný servis a technická pomoc,Predmetom zákazky je dodanie a inštalácia zostáv technológií na kalibráciu optických meradiel.,Testovacie a meracie stroje a prístroje
3304699,doba realizácie projektu  v kalendárnych dňoch,Predmetom zákazky je obstaranie a montáž vnútorného vybavenia montovaného objektu mnohouholníkového tvaru s ihlanovou strechou vytvorenou otvorením dáždnika.,Obslužné pulty
3304713,Čas nástupu na odstránenie poruchy od oznámenia poruchy (v hod.),"Dodávka a inštalácia kamerového systému, WIFI hotspotu, ozvučenia areálu a výmena rozvodných skríň v areáli autokempingu.",Elektrické zariadenia a prístroje
3304713,Lehota dodania tovaru a uvedenie do činnosti (v dňoch),"Dodávka a inštalácia kamerového systému, WIFI hotspotu, ozvučenia areálu a výmena rozvodných skríň v areáli autokempingu.",Elektrické zariadenia a prístroje
3304716,Dodacia lehota od účinosti zmluvy (v dňoch),Predmet zákazky pozostáva z dodania nábytku do nových priestorov s novým zameraním podávaných jedál pizzerie v pôvodných priestoroch terasy a časť dodania nábytku na modernizáciu spoločenských priestorov.,Zariadenie interiéru
3304728,Čas nástupu na odstránenie poruchy od oznámenia poruchy (v hod.),"Predmetom zákazky je dodávka kamerového systému CCTV, spoločnej TV antény STA a hotelového kartového systému.",Elektrické zariadenia a prístroje
3304728,Lehota dodania tovaru a uvedenia do činnosti (v dňoch),"Predmetom zákazky je dodávka kamerového systému CCTV, spoločnej TV antény STA a hotelového kartového systému.",Elektrické zariadenia a prístroje
3304805,Čas potrebný na realizáciu predmetu zákazky (v dňoch),"Obstaranie prvkov detského ihriska ako sú šmýkľavky, hojdačky, lavičky a pod. a cvičebných zariadení pre dospelých. Montáž vyššieuvedených prvkov,terénna príprava miesta a ukotvenia.",Stavebné práce na objektoch viacúčelových športových zariadení
3304808,doba realizácie projektu  v kalendárnych dňoch,Predmetom zákazky je obstaranie a montáž stavebných konštrukcií montovaného objektu mnohouholníkového tvaru s ihlanovou strechou vytvorenou otvorením dáždnika.,Práce na stavenisku
3304830,doba realizácie projektu  v kalendárnych dňoch,"Predmetom zákazky sú stavebné práce súvisiace s Inováciou Apartmánov Terchová, stavba sa nachádza v Terchovej. Podrobná špecifikácia predmetu zákazky je definovaná v súťažných podkladoch, v časti opis predmetu zákazky, v tech","Stavebné práce na stavbe budov pre voľný čas, šport, kultúru, ubytovanie a reštauračné stravovanie"
3305111,Lehorta výstavby,"Ide o rekonštrukciu a dodatočné zateplenie budovy. Týmito krokmi obstarávateľ sleduje: 
- Zvýšenie teploty v samotnej hale
- Zníženie spotreby energie na vykurovanie
- Zatekanie cez strešné panely
- Zvýšenie tepelnej stability",Stavebné práce na stavbe priemyselných budov
3305115,Lehota výstavby,"Predmetom zákazky sú stavebné práce, ktorými sa zrealizuje rekonštrukcia výrobnej haly, scieľom zabezpečiť zníženie spotreby energie vo výrobnej hale spoločnosti Slovkarton s.r.o. so zreteľom na šetrenie životného prostredia a",Stavebné práce na stavbe priemyselných budov
3305161,Dodacia lehota od účinosti zmluvy (v dňoch),"Predmet zákazky pozostáva z dodania vybavenia stanu na spoločenské, kultúrne a teambuildingové využitie počas celého roka. Cateringové vybavenie bude využité pre akcie v párty stane alebo pre spoločenské udalosti väčšieho chara",Zariadenia reštaurácií
3305168,Lehota dodávky,"Vybudovanie Wifi pokrytia pre prevádzku hotela Štefánik (zabezpečiť pokrytie všetkých priestorov hotela Wifi signálom) 
Interaktívny hotelový systém z dopojením a výmenou TVP na izbách a spoločenských priestoroch hotela (26ks TV",Informačné systémy
3305174,Lehota dodania tovaru vrátane montáže (v dňoch),"Predmetom zákazky je vnútorné vybavenie izieb s predsienkami v ubytovacej časti hotela bez akýchkoľvek stavebných zásahov podľa projektovej dokumentácie.

Ide o dva veľkostné typy izieb:
typ A plocha 16,2 m2
typ B plocha 18,6 m2",Zariadenie interiéru
3305255,Pracovný pojazd stola pre os x.,5-osí CNC obrábací stroj.,Priemyselné mechanizmy
3305255,Pracovný pojazd stola pre os y.,5-osí CNC obrábací stroj.,Priemyselné mechanizmy
3305255,Pracovný pojazd stola pre os z.,5-osí CNC obrábací stroj.,Priemyselné mechanizmy
3305255,Otáčky pracovného vretena.,5-osí CNC obrábací stroj.,Priemyselné mechanizmy
3305255,Zaťaženie sklopne-otočného stola,5-osí CNC obrábací stroj.,Priemyselné mechanizmy
3305255,Priemer sklopne otočného stola.,5-osí CNC obrábací stroj.,Priemyselné mechanizmy
3305255,Maximálny príkon zariadenia.,5-osí CNC obrábací stroj.,Priemyselné mechanizmy
3305277,Lehota výstavby (lehota plnenia predmetu zákazky) vyjadrená v celých kalendárnych dňoch odo dňa odovzdania staveniska,Predmetom zákazky je modernizácia Chaty pod Skalným mestom,Rekreačné zariadenia
3305367,Lehota výstavby,"Návrh rieši stavebné úpravy a nadstavbu kultúrneho domu vo Veľkých Dvoranoch na pozemku parcela číslo 23, ktorý sa nachádza v centre obce. Architektonické riešenie stavebných úprav a nadstavby kultúrneho domu je navrhnuté tak, a",Stavebné práce
3305394,Kritérium č.2 : Mimoriadne upratovanie a čistenie po stavebných prácach v eur / hod.,"Upratovacie a čistiace služby poskytované denne, týždenne, mesačne a ročne podľa požiadaviek verejného obstarávateľa v nasledovných sídlach prokuratúr:
- Krajská prokuratúra Trenčín, Legionárska 7158/5, 91250 Trenčín
- Ok",Čistiace a sanitárne služby
3305412,Lehota výstavby,Rekonštrukcia objektov za účelom zlepšenia ich energetickej hospodárnosti.,Stavebné práce na stavbe priemyselných budov
3305629,Lehota výstavby a realizácie predmetu zákazky,"Spádové územie má rozlohu cca. 30 ha. Povrch územia je prevažne zatrávnený, časť je poľnohospodársky obrábaná. Vody z atmosférických zrážok sú sústredené do strže a do jestvujúcich poľných ciest, ktoré sú vedené v mal",Inžinierske práce a stavebné práce
3306169,denná sadzba na kľúčového odborníka,"Lokalita na výstavbu zeleného mosta bola vybraná na základe modelovania pohybu zveri. Zelený most je situovaný v km 13,765 diaľnice D2 v úseku štátna hranica SR/ČR Bratislava v blízkosti obce Moravský Svätý Ján. 
Účelom výsta",Stavebný dozor na stavenisku
3306169,denná sadzba na nekľúčového odborníka č.1,"Lokalita na výstavbu zeleného mosta bola vybraná na základe modelovania pohybu zveri. Zelený most je situovaný v km 13,765 diaľnice D2 v úseku štátna hranica SR/ČR Bratislava v blízkosti obce Moravský Svätý Ján. 
Účelom výsta",Stavebný dozor na stavenisku
3306169,denná sadzba na nekľúčového odborníka č.2,"Lokalita na výstavbu zeleného mosta bola vybraná na základe modelovania pohybu zveri. Zelený most je situovaný v km 13,765 diaľnice D2 v úseku štátna hranica SR/ČR Bratislava v blízkosti obce Moravský Svätý Ján. 
Účelom výsta",Stavebný dozor na stavenisku
3306267,Lehota dodania tovaru v kalendárnych dňoch,"Predmetom obstarávania je nákup inovatívnej technológie vo výrobnom programe spoločnosti PLASTEX, spol. sr.o.

Podrobný opis predmetu je uvedený v súťažných podkladoch.",Rôzne špeciálne strojové zariadenia
3306384,Lehota realizácie,"V súčasnom období slúži objekt ako nástrojárska dielňa. Projekt rieši zateplenie objektu a výmenu otvorových konštrukcií s tým, že ich rozsah sa zmenší, vzniknuté plochy obvodového plášťa sa domurujú.. Súčasťou zateplen",Stavebné práce na stavbe priemyselných budov
3306576,Funkčné charakteristiky,Predmetom zákazky je poskytovanie povinného zmluvného poistenia zodpovednosti za škodu spôsobenú prevádzkou motorového vozidla a služby s tým spojené. Povinné zmluvné poistenie zodpovednosti za škodu spôsobenú prevádzkou motorov,Poisťovacie služby
3306589,Výška nájomného za m/rok v € s DPH,"Predmetom zákazky je poskytovanie stravovacích služieb formou prenájmu jedálne, bufetu a prislúchajúcich
skladových a manipulačných priestorov v jedálenskom bloku Univerzity Mateja Bela v Banskej Bystrici, na
Ružovej ulici, 974 11",Služby podnikových a školských jedální a iné bufetové služby s obmedzenou klientelou
3306603,Celkový súčet poskytnutých zliav z celkovej výšky poistného za Zoznam lietadiel v súbore v prípade nezaradenia letúna alebo vrtuľníka v poistnom období do Zoznamu lietadiel v súbore,"Predmetom zákazky je povinné zmluvné poistenie zodpovednosti za škodu spôsobenú prevádzkou letúnov a vrtuľníkov vo vlastníctve Slovenskej republiky v správe Ministerstva vnútra Slovenskej republiky, vrátane poskytovania súvisiacic",Poistenie zodpovednosti za škodu spôsobenú prevádzkou lietadla
3306603,Celková výška poistného za povinné zmluvné poistenie zodpovednosti za škodu spôsobené prevádzkou letúnov a vrtuľníkov v správe Ministerstva vnútra Slovenskej republiky,"Predmetom zákazky je povinné zmluvné poistenie zodpovednosti za škodu spôsobenú prevádzkou letúnov a vrtuľníkov vo vlastníctve Slovenskej republiky v správe Ministerstva vnútra Slovenskej republiky, vrátane poskytovania súvisiacic",Poistenie zodpovednosti za škodu spôsobenú prevádzkou lietadla
3306861,Rýchlosť dodávky a uvedenia do činnosti v dňoch,"Vysekávací stroj na etikety 1
Príslušenstvo k vysekávaciemu stroju na etikety 1 - sekacie valce, výseky
Vysekávací stroj na etikety 2
Príslušenstvo k vysekávaciemu stroju na etikety 2 - sekacie valce, výseky
UV tlačiareň 1
UV",Stroje na výrobu štítkov
3306943,"Hmotnosť samopalu v kg bez obalu a príslušenstva (max. 3,5 kg)","Predmetom zákazky je dodávka samopalov kalibru 9 mm Luger Tactical určených pre príslušníkov Policajného zboru pre špeciálne použitie vrátane súvisiacich služieb spojených s dopravou na miesto dodania, vrátane obalu tovaru a zák",Automatické zbrane
3307213,Lehota výstavby,"Projekt rieši rekonštrukciu Suchého potoka z dôvodu odvedenia prietokov z havarijného prepadu a riadeného odtoku z poldra za účelom protipovodňovej ochrany v obci Cífer. 
Pri povodniach dochádza k preliatiu vody z koryta a v časti u",Stavebné práce
3307242,Lehota výstavby,"Predmetom zákazky sú stavebné práce na realizácia diela Úprava potoka Teplička I. a III. etapa a to v rozsahu podľa projektovej dokumentácie stavieb: Úprava potoka Teplička I. etapa a ,Úprava potoka Teplička III. etapa v rozsahu a v",Regulácia riek a protipovodňové práce
3307411,Čas nástupu na odstránenie poruchy od oznámenia poruchy (v hod.),Predmetom zákazky je dodávka formátovacej píly na delenie veľkoplošných materiálov a CNC obrábacieho centra na výrobu nábytku.,Obrábacie centrá (strediská)
3307411,Lehota dodania tovaru a uvedenia do činnosti (v dňoch),Predmetom zákazky je dodávka formátovacej píly na delenie veľkoplošných materiálov a CNC obrábacieho centra na výrobu nábytku.,Obrábacie centrá (strediská)
3307500,Rýchlosť dodávky  a uvedenia do činnosti,CNC segmentová hydraulická ohýbačka plechu s príslušenstvom. Podrobné vymedzenie predmetu zákazky tvorí časť B.1 Opis predmetu zákazky súťažných podkladov.,Číslicovo riadené kovoobrábacie stroje
3307507,"Počet čerpacích staníc, ktoré budú akceptovať úhradu nakúpených pohonných hmôt na platobné karty vydané uchádzačom","Bezhotovostný nákup pohonných hmôt na platobné karty pre Univerzitu Komenského v Bratislave, Rektorát a centrálne financované súčasti UK v sieti čerpacích staníc, ktoré umožňujú úhradu nakúpených pohonných hmôt na platobn",Automobilový benzín
3307597,Lehota uskutočnenia stavebných prác uvedená v celých kalendárnych dňoch,"Výber zhotoviteľa pre projekt: ""Ochrana pred povodňami v obci Dlhé nad Cirochou"". Projekt rieši úpravy potokov Hodkovec a Hradiský potok. Navrhované úseky opravy týchto potokov predstavujú jeden stavebný objekt: 
SO 01 - Úprava cen",Protipovodňové práce
3307682,Lehota výstavby v dňoch,"Realizáciou navrhovaných stavebných činností sa technicky vylepší začatá rekonštrukcia a esteticky zjednotí nehomogénny charakter objektov prístavby. Prvá fáza rekonštrukcie riešila zmeny otvorov, úpravy interiérovej technolog",Stavebné práce
3307970,Hodinová sadzba za opravy,"Predmetom zákazky je poskytnutie služby a to vykonávanie servisnej činnosti (údržby a technických prehliadok) a opráv technologickej časti tunela Bôrik, podjazdu Lučivná a IS diaľnice stavby : Diaľnica D1 Važec-Mengusovce- Jánovc",Údržba dopravných návestí
3307976,Odmena za dosiahnute stanoveného cieľa (success fee),"Predmet zákazky zahŕňa komplexné finančné, právne a technické poradenstvo a poradenstvo v procese verejného obstarávania pri príprave, obstarávaní a implementácii PPP projektu novej univerzitnej nemocnice v Bratislave (ďalej len P",Finančné poradenstvo
3307976,Celková predpokladaná odmena za poskytnuté služby,"Predmet zákazky zahŕňa komplexné finančné, právne a technické poradenstvo a poradenstvo v procese verejného obstarávania pri príprave, obstarávaní a implementácii PPP projektu novej univerzitnej nemocnice v Bratislave (ďalej len P",Finančné poradenstvo
3308363,dodacia lehota od účinnosti zmluvy do protokolárneho odovzdania stroja do skúšobnej prevádzky v mieste inštalácie v dňoch,"Meracie zariadenie je určené pre meranie a vyhodnocovanie produkovaných emisií z teplovodných plynových kotlov, ale aj teplovodných kotlov na drevnú biomasu. Skúšobné zariadenie je určené na meranie výkonu a účinnosti teplovodný",Analyzátory dymu
3308599,lehota zhotovenia diela,"Budova školy je konštrukčne riešená ako montovaná stavba zo železobetónových konštrukcii založená na základových pätkách. Obvodový plášť tejto budovy tvoria pórobetónové panely, ktoré sú povrchovo upravené tak, že sú",Budovy školiacich zariadení
3308609,Lehota vydania právoplatného stavebného povolenia  - počet dní (od 15.1.2014 do 28.2.2015),"Predmetom zákazky je výber najvhodnejšieho uchádzača, ktorý uzavrie s obcou zmluvu o budúcej kúpnej zmluve, predmetom ktorej bude kúpa novostavby 8 bytových jednotiek v obci Pohranice postavených na pozemku určenom obcou. Na predmetn",Stavebné práce
3308953,Rýchlosť dodávky a uvedenia do činnosti v dňoch,Logický celok 1: Linka na odkôrnenie guľatiny,Zariadenia na opracovanie dreva
3309110,"Ročná spotreba elektrickej energie na čistenie odpadových vôd v čistiarní odpadových vôd v kWh pri priemernom prietoku, priemernom zaťažení pri nátoku a priemernom emisnom zaťažení vrátane kalového hospodárstva","Predmetom zákazky je dobudovanie kanalizácie a ČOV Sereď. Projekt rieši dobudovanie kanalizácie v meste Sereď a v obci Dolná Streda. V rámci dobudovania kanalizácie mesta Sereď a obce Dolná Streda sú riešené nasledovné aktivity:",Stavebné práce na stavbe kanalizácie
3309149,Lehota dodania,"Predmetom obstarávania je dodávka zariadení pre potreby výskumu: Dynamická vedecko- výskumná platforma - technologické vybavenie: IKT technológie, komponenty a súvisiace prevádzkové súbory nevyhnutné pre zabezpečenie prevádzkový",Informačné systémy a servery
3309149,Technická špecifikácia,"Predmetom obstarávania je dodávka zariadení pre potreby výskumu: Dynamická vedecko- výskumná platforma - technologické vybavenie: IKT technológie, komponenty a súvisiace prevádzkové súbory nevyhnutné pre zabezpečenie prevádzkový",Informačné systémy a servery
3309358,Lehota výstavby,"Projekt rieši opravu upravenej časti Hanušovského a Medzianskeho potoka v intraviláne mesta Hanušovce nad Topľou.
Stavba je členená na objekty:
SO 01 Hanušovský potok
SO 02 Medziansky potok",Stavebné práce
3309553,Počet dní realizácie stavebných prác odo dňa prevzatia staveniska v kalendárnych dňoch,"Predmetom zákazky je vybudovanie protipovodňových opatrení, ktoré sú riešené v dvoch lokalitách v obci Drietoma, okres Trenčín. Jedná sa o prevencie pred prívalovými a dažďovými vodami. Projekt je členený na stavebné objekty:",Stavebné práce
3309649,"Doba, za ktorú bude zrealizované prepojenie pracovísk NTS SR navzájom prostredníctvom virtuálnej privátnej siete (VPN) a pripojenie do siete internet (ďalej len doba implementácie dátového prepojenia), uvedená v týždňoch","Predmetom obstarávania je dátové prepojenie pracovísk NTS SR navzájom prostredníctvom VPN, ktorá je budovaná na technológii MPLS (Multi-Protocol Label Switching), pre všetky pracoviská verejného obstarávateľa uvedené v Prílohách",Internetové služby
3309649,"Súčet ponúkaných rýchlostí primárneho prípojného bodu (ďalej len súčet ponúkaných prenosových rýchlostí), garantovaná počas 24 mesiacov","Predmetom obstarávania je dátové prepojenie pracovísk NTS SR navzájom prostredníctvom VPN, ktorá je budovaná na technológii MPLS (Multi-Protocol Label Switching), pre všetky pracoviská verejného obstarávateľa uvedené v Prílohách",Internetové služby
3309649,Celkový/sumárny počet použitej technológie optických prepojení primárneho okruhu (ďalej len počet ponúknutých optických okruhov),"Predmetom obstarávania je dátové prepojenie pracovísk NTS SR navzájom prostredníctvom VPN, ktorá je budovaná na technológii MPLS (Multi-Protocol Label Switching), pre všetky pracoviská verejného obstarávateľa uvedené v Prílohách",Internetové služby
3309744,Lehota uskutočnenia stavebných prác uvedená v celých kalendárnych dňoch,"Predmetom zákazky je rozšírenie stokovej siete v obci Smižany v dĺžke 2 122,55 m (bez domových prípojok). Zákazka bude rozdelená na tieto stavebné objekty (SO): SO 03.1 Kanalizácia splašková, 2. časť. Podrobný popis prác je uve",Stavebné práce na stavbe kanalizácie
3309752,Lehota dodania (v mesiacoch),"Jedná sa o dodanie tovaru: CNC drôtová rezačka, 1ks. Zariadenie bude slúžiť na výrobu nástrojov, matríc, kovových
súčiastok. Technológia sa tiež používa na dorobenie a zahladenie kovových častí vyrobených alebo opracovávan",Kovoobrábacie stroje
3309753,Skúsenosti audítorského tímu / všeobecná audítorská prax navrhovaných členov audítorského tímu.,"Predmetom zákazky je audit riadnej individuálnej účtovnej závierky Národnej banky Slovenska podľa § 38 a § 39 Zákona č. 566/1992 Zb. o Národnej banke Slovenska v znení neskorších predpisov a Čl. 27 ods. 27.1 Protokolu 
o Štatú",Zákonom predpísané audítorské služby
3309753,"Kvalifikácia audítorského tímu / počet certifikátov, ktoré boli udelené navrhovaným členom audítorského tímu.","Predmetom zákazky je audit riadnej individuálnej účtovnej závierky Národnej banky Slovenska podľa § 38 a § 39 Zákona č. 566/1992 Zb. o Národnej banke Slovenska v znení neskorších predpisov a Čl. 27 ods. 27.1 Protokolu 
o Štatú",Zákonom predpísané audítorské služby
3309753,Skúsenosti audítorského tímu / účasť navrhovaných členov audítorského tímu na audite bánk so sídlom v krajinách Európskej únie (EÚ) / Európskeho združenia voľného obchodu (EZVO) za posledných 5 rokov (od roku 2010 vrátane).,"Predmetom zákazky je audit riadnej individuálnej účtovnej závierky Národnej banky Slovenska podľa § 38 a § 39 Zákona č. 566/1992 Zb. o Národnej banke Slovenska v znení neskorších predpisov a Čl. 27 ods. 27.1 Protokolu 
o Štatú",Zákonom predpísané audítorské služby
3310024,Lehota dodania,Predmetom zákazky je dodávka a inštalácia 5-osového vertikálneho CNC obrábacieho centra s príslušenstvom. Podrobnejšie informácie sú uvedené v súťažných podkladoch.,Kovoobrábacie centrá
3310188,"Lehota dodania, uvedená v dňoch (uviesť celé číslo)",Dodanie originálnych náhradných dielov pre motorové vozidlá továrenskej značky Nissan. Zákazka je rozdelená na časti. Viď miesto dodania. Uchádzač má právo predložiť ponuku na jednu alebo viac častí,"Náhradné diely pre vozidlá na prepravu tovaru, pre dodávky a osobné automobily"
3310309,Lehota výstavby (lehota plnenia predmetu zákazky) vyjadrená v celých kalendárnych dňoch odo dňa odovzdania staveniska,Predmetom zákazky je realizácia projektu výstavby kanalizácie v obci Zlatná na Ostrove.,Inštalácia a pokládka kanalizačných potrubí
3310512,Lehota dodávky v hodinách,"Predmetom zákazky je dodanie bravčového, hovädzieho, hydinového mäsa a mäsových výrobkov.",Mäso
3310759,Dodacia lehota od účinosti zmluvy (v dňoch),"Predmetom zákazky je dodávka plniacej linky na kečup a horčicu s etiketovacím zariadením a skupinovým balením, jej inštalácia, uvedenie do prevádzky, skúšobná prevádzka a zaškolenie obsluhy.",Zariadenia na priemyselnú prípravu alebo výrobu potravín alebo nápojov
3310759,Čas nástupu na odstránenie poruchy od oznámenia poruchy (v hod.),"Predmetom zákazky je dodávka plniacej linky na kečup a horčicu s etiketovacím zariadením a skupinovým balením, jej inštalácia, uvedenie do prevádzky, skúšobná prevádzka a zaškolenie obsluhy.",Zariadenia na priemyselnú prípravu alebo výrobu potravín alebo nápojov
3311074,Lehota dodania tovaru v kalendárnych dňoch,"Predmetom zákazky je nákup robotizovaného zariadenia na zakladanie sušeného ovocia, jadrovín a orechov do košíkov.

Podrobný opis uvedený v súťažných podkladoch.",Rôzne strojové zariadenia na všeobecné a osobitné účely
3311140,Lehota výstavby,"Projekt rieši rekonštrukciu Suchého potoka z dôvodu odvedenia prietokov z havarijného prepadu a riadeného odtoku z poldra za účelom protipovodňovej ochrany v obci Cífer. 
Pri povodniach dochádza k preliatiu vody z koryta a v časti u",Stavebné práce
3311228,Poplatok za odrieknutie vozňa prepravcom v lehote kratšej než 24 hodín pred plánovanou nakládkou,"Uzatvorenie písomnej dohody o prepravných podmienkach na vykonávanie vnútroštátnej železničnej prepravy materiálu
a techniky v nákladných vlakoch verejnej prepravy alebo samostatnými ucelenými vojenskými vlakmi po tratiach v
spr",Služby železničnej dopravy
3311228,"Poplatok za pristavenie HKV za účelom vykurovania, dodania energie, teplej vody a pod. (za 15 min.)","Uzatvorenie písomnej dohody o prepravných podmienkach na vykonávanie vnútroštátnej železničnej prepravy materiálu
a techniky v nákladných vlakoch verejnej prepravy alebo samostatnými ucelenými vojenskými vlakmi po tratiach v
spr",Služby železničnej dopravy
3311228,Poplatok za nepristavenie vozňa dopravcom k nakládke v dohodnutom čase,"Uzatvorenie písomnej dohody o prepravných podmienkach na vykonávanie vnútroštátnej železničnej prepravy materiálu
a techniky v nákladných vlakoch verejnej prepravy alebo samostatnými ucelenými vojenskými vlakmi po tratiach v
spr",Služby železničnej dopravy
3311228,Poplatok za mimoriadne pristavenie HKV a obsluhujúceho personálu za účelom posunu pri nakládke/vykládke (ak ho nie je možné vykonať vlakovým HKV alebo staničnou zálohou),"Uzatvorenie písomnej dohody o prepravných podmienkach na vykonávanie vnútroštátnej železničnej prepravy materiálu
a techniky v nákladných vlakoch verejnej prepravy alebo samostatnými ucelenými vojenskými vlakmi po tratiach v
spr",Služby železničnej dopravy
3311228,Poplatok za prepravu uceleného vlaku na časti prepravnej cesty,"Uzatvorenie písomnej dohody o prepravných podmienkach na vykonávanie vnútroštátnej železničnej prepravy materiálu
a techniky v nákladných vlakoch verejnej prepravy alebo samostatnými ucelenými vojenskými vlakmi po tratiach v
spr",Služby železničnej dopravy
3311228,Dovozné za hnacie koľajové vozidlo prepravcu,"Uzatvorenie písomnej dohody o prepravných podmienkach na vykonávanie vnútroštátnej železničnej prepravy materiálu
a techniky v nákladných vlakoch verejnej prepravy alebo samostatnými ucelenými vojenskými vlakmi po tratiach v
spr",Služby železničnej dopravy
3311228,Zvýšenie dovozného za prepravu nebezpečných látok a predmetov triedy 1 podľa RID priradených k podtriede 1.1,"Uzatvorenie písomnej dohody o prepravných podmienkach na vykonávanie vnútroštátnej železničnej prepravy materiálu
a techniky v nákladných vlakoch verejnej prepravy alebo samostatnými ucelenými vojenskými vlakmi po tratiach v
spr",Služby železničnej dopravy
3311228,Percentuálna prirážka dovozného za prepravu zásielok s PNM vo vlakoch verejnej prepravy (%),"Uzatvorenie písomnej dohody o prepravných podmienkach na vykonávanie vnútroštátnej železničnej prepravy materiálu
a techniky v nákladných vlakoch verejnej prepravy alebo samostatnými ucelenými vojenskými vlakmi po tratiach v
spr",Služby železničnej dopravy
3311228,Percentuálna prirážka dovozného za prepravu zásielok s PNM v ucelených vojenských vlakoch (%),"Uzatvorenie písomnej dohody o prepravných podmienkach na vykonávanie vnútroštátnej železničnej prepravy materiálu
a techniky v nákladných vlakoch verejnej prepravy alebo samostatnými ucelenými vojenskými vlakmi po tratiach v
spr",Služby železničnej dopravy
3311228,Dovozné za prepravu uceleného vojenského vlaku,"Uzatvorenie písomnej dohody o prepravných podmienkach na vykonávanie vnútroštátnej železničnej prepravy materiálu
a techniky v nákladných vlakoch verejnej prepravy alebo samostatnými ucelenými vojenskými vlakmi po tratiach v
spr",Služby železničnej dopravy
3311228,Dovozné za vozeň na prepravu osôb,"Uzatvorenie písomnej dohody o prepravných podmienkach na vykonávanie vnútroštátnej železničnej prepravy materiálu
a techniky v nákladných vlakoch verejnej prepravy alebo samostatnými ucelenými vojenskými vlakmi po tratiach v
spr",Služby železničnej dopravy
3311301,lehota výstavby v pracovných dňoch od účinnosti zmluvy,Predmetom zákazky je modernizácia a rekonštrukcia verejného osvetlenia v obci Vinodol. Predmetom je rekonštrukcia jestvujúcej sústavy verejného osvetlenia v obci Vinodol. Cieľom rekonštrukcie ne zlepšenie kvality sústavy verejného o,Inštalovanie vonkajších osvetľovacích zariadení
3311385,technické riešenie dodávky predmetu zákazky,"Predmetom zákazky je obstaranie multimediálneho laboratória, dátového úložiska a sieťovej infraštruktúry na podporu individualizovanej adaptívnej e-learningovej výučby.",Mutimediálne zariadenia
3311417,Pozáručný servis,"Predmetom zákazky sú stavebné práce v rozsahu: Rekonštrukcia a modernizácia existujúceho energetického zariadenia a výmena parných rozvodov, Energetický monitoring a riadenie.",Práce na stavenisku
3311417,Technické vyhotovenie a funkčné charakteristiky,"Predmetom zákazky sú stavebné práce v rozsahu: Rekonštrukcia a modernizácia existujúceho energetického zariadenia a výmena parných rozvodov, Energetický monitoring a riadenie.",Práce na stavenisku
3311531,Lehota dodania v kalendárnych dňoch,Protipovodňová úprava miestneho potoka Myslavka v intraviláne obce Valaliky,Protipovodňové práce
3311708,Lehota dodania,"Predmetom zákazky je realizácia stavebných prác spojených s vybudovaním areálu termálneho kúpaliska a využiť existujúci termálny vrt, najmä na letnú rekreáciu a predĺženú rekreáciu najmä pre obyvateľov obce a jej záujmové",Rekreačné zariadenia
3311778,denná sadzba na kľúčového odborníka,"Predmetom zákazky je výkon činnosti Stavebnotechnického dozoru pre projekt D1 Prešov západ Prešov juh, pričom Zmluva na uskutočnenie stavebných prác na stavbu D1 Prešov západ Prešov juh bude uzavretá s použitím FIDIC Zmluvných",Stavebný dozor na stavenisku
3311778,denná sadzba na nekľúčového odborníka,"Predmetom zákazky je výkon činnosti Stavebnotechnického dozoru pre projekt D1 Prešov západ Prešov juh, pričom Zmluva na uskutočnenie stavebných prác na stavbu D1 Prešov západ Prešov juh bude uzavretá s použitím FIDIC Zmluvných",Stavebný dozor na stavenisku
3311782,Lehota vybavenia reklamácie stravovacích poukážok určená v hodinách.,"Poskytovanie stravovania formou reštauračných služieb, bufetových služieb a pod. na základe akceptovaných stravovacích poukážok uchádzača v požadovanej nominálnej hodnote s využitím v zariadeniach nachádzajúcich sa v blízkost","Hotelové, reštauračné a maloobchodné služby"
3311782,Lehota dodania stravovacích poukážok určená v hodinách.,"Poskytovanie stravovania formou reštauračných služieb, bufetových služieb a pod. na základe akceptovaných stravovacích poukážok uchádzača v požadovanej nominálnej hodnote s využitím v zariadeniach nachádzajúcich sa v blízkost","Hotelové, reštauračné a maloobchodné služby"
3311789,Lehota realizácie,"Zateplenie obvodového plášťa kultúrneho domu, strešného plášťa a výmena nevyhovujúcich výplní otvorov. Výmena nášľapných vrstiev strešných konštrukcii, klampiarskych prvkov, výmena odtokového systému odvodu dažďových",Stavebné práce na objektoch polyfunkčných budov
3311844,"Lehota dodania, uvedená v dňoch (uviesť celé číslo)","Dodanie originálnych náhradnych dielov pre motorové vozidlá továrenskej značky Peugeot. Zákazka je rozdelená na časti.
Viď miesto dodania. Uchádzač má právo predložiť ponuku na jednu alebo viac častí","Náhradné diely pre vozidlá na prepravu tovaru, pre dodávky a osobné automobily"
3311866,Kvalifikačné predpoklady,"Predmetom obstarávania je poskytovanie odborných poradenských služieb v oblasti právnych služieb v rámci nesporovej a sporovej agendy podľa požiadaviek a v záujme verejného obstarávateľa, minimálne v štandardoch určených podľa",Právne poradenstvo a zastupovanie
3311964,2. Počet druhov chleba vyrábaných trojstupňovým kvasením.,"Dodávka pečiva a pekárenských výrobkov s určením pre zariadenia hromadného stravovania verejného obstarávateľa a jeho organizačných subjektov (ďalej len kupujúci), v predpokladaných objemoch a v sortimente v zmysle špecifikácie","Pekársky tovar, čerstvé pečivo a cukrárske výrobky"
3311964,3. Šírka ponúkaného sortimentu.,"Dodávka pečiva a pekárenských výrobkov s určením pre zariadenia hromadného stravovania verejného obstarávateľa a jeho organizačných subjektov (ďalej len kupujúci), v predpokladaných objemoch a v sortimente v zmysle špecifikácie","Pekársky tovar, čerstvé pečivo a cukrárske výrobky"
3312059,lehota výstavby,"Predmetom zákazky je zriadenie viacúčelového ihriska rozmerov 16,0 x 31,0 m s umelým trávnatým povrchom a mantinelmi s ochrannými sieťami.",Výkopové zemné práce a presun zemín
3312059,technické riešenie mantineloveho systému,"Predmetom zákazky je zriadenie viacúčelového ihriska rozmerov 16,0 x 31,0 m s umelým trávnatým povrchom a mantinelmi s ochrannými sieťami.",Výkopové zemné práce a presun zemín
3312067,Reakčný čas v hodinách,"Predmetom zákazky sú opravy vozoviek na cestách I. triedy v správe SSC (veľkoplošné aj lokálne), výmenou degradovaných vrstiev krytu vozovky technológiou hutnených asfaltových zmesí s cieľom zlepšenia prevádzkovej spôsobilosti",Práce na údržbe ciest
3312078,Minimálna zľava vyjadrená/určená v percentách ( % ),Predmetom zákazky je nákup kancelárskych potrieb uvedený v Skupine A Výberový cenník a v Skupine B Aktuálny ponukový cenník kancelárskych potrieb uchádzača/predávajúceho v tejto časti súťažných podkladov podľa aktuálnych po,Kancelárske potreby
3312233,Doba realizácie projektu v kalendárnych dňoch,"Predmetom zákazky je výstavba nového viacúčelového športoviska v Demänovskej Doline. Športovisko s povrchovou úpravou z betónu, po obvode s mantinelmi bude v zimných mesiacoch využívané ako klzisko s použitím chladiacej jednotky",Stavebné práce
3312276,Konkrétne navrhnuté menu (množstvo jedla pre 1 osobu),"Zabezpečenie cateringových služieb na celodennú konferenciu a následnú afterparty dňa 6. 11. 2014 pre približne 130 ľudí. Cateringové služby budú zahŕňať: drobné sladké a slané občerstvenie počas 5 prestávok, teplý obed fo","Hotelové, reštauračné a maloobchodné služby"
3312276,Skúsenosť s podobným typom akcie (referencie),"Zabezpečenie cateringových služieb na celodennú konferenciu a následnú afterparty dňa 6. 11. 2014 pre približne 130 ľudí. Cateringové služby budú zahŕňať: drobné sladké a slané občerstvenie počas 5 prestávok, teplý obed fo","Hotelové, reštauračné a maloobchodné služby"
3312387,Lehota dodania tovaru v kalendárnych dňoch,"Predmetom obstarávania je nákup technológie pre spoločnosť METALTRIM, s.r.o.

Podrobný opis technológie je uvedený v súťažných podkladoch.",Rôzne strojové zariadenia na všeobecné a osobitné účely
3312508,Lehota dodania SW do produkčnej prevádzky,"Predmetom zákazky je dodávka, inštalácia a implementácia softvérového nástroja pre neobmedzený počet užívateľov v prostredí verejného obstarávateľa na výkon správy a evidencie verejného obstarávania. Úspešný uchádzač po","Služby informačných technológií: konzultácie, vývoj softvéru, internet a podpora"
3312854,2. Hodinová sadzba za opravy ISD,"Predmetom zákazky je poskytnutie služby, a to vykonávanie servisnej činnosti (údržby a technických prehliadok), opráv technologickej časti a výkon odborných prehliadok a odborných skúšok tunela Branisko a informačného systému di",Údržba dopravných návestí
3312854,3. Hodinová sadzba za opravy tunel Branisko,"Predmetom zákazky je poskytnutie služby, a to vykonávanie servisnej činnosti (údržby a technických prehliadok), opráv technologickej časti a výkon odborných prehliadok a odborných skúšok tunela Branisko a informačného systému di",Údržba dopravných návestí
3312854,4. Výkon odborných prehliadok a odborných skúšok,"Predmetom zákazky je poskytnutie služby, a to vykonávanie servisnej činnosti (údržby a technických prehliadok), opráv technologickej časti a výkon odborných prehliadok a odborných skúšok tunela Branisko a informačného systému di",Údržba dopravných návestí
3313110,Lehota dodania,Predmetom obstarávania je dodávka mobilných dátových zdrojov a služieb podpory s vysokým predpokladom častých servisných zásahov pre účely výskumu. Jedná sa o mobilné dátové zdroje generujúce citlivé údaje. Sada bude slúži,Počítačové zariadenia a spotrebný materiál
3313110,Technická špecifikácia,Predmetom obstarávania je dodávka mobilných dátových zdrojov a služieb podpory s vysokým predpokladom častých servisných zásahov pre účely výskumu. Jedná sa o mobilné dátové zdroje generujúce citlivé údaje. Sada bude slúži,Počítačové zariadenia a spotrebný materiál
3313854,Lehota výstavby,"Predmetom zákazky je vybudovanie cyklistického a pešieho chodníka od vjazdu do obce Ľubotice. Celková dĺžka bude 1330,70 m v šírke celej trasy je 3 m. Od začiatku úpravy po jej koniec bude medzi peším chodníkom a cyklistickým zel",Stavebné práce
3314207,Hodinová sadzba za opravy v EUR bez DPH,"Predmetom zákazky je vybudovanie kamerového systému na obidvoch odpočívadlách Zeleneč na diaľnici D1 v zmysle projektovej dokumentácie ""Vybavenie obidvoch odpočívadiel Zeleneč na diaľnici D1 kamerovým monitorovacím systémom"" a vy",Dohľadový systém uzavretého okruhu
3314239,Doba realizácie diela v dňoch,Predmetom zákazky je regulácia Bzinského potoka v úseku od bytových domov až po administratívnu budovu RD Bziny. Regulácia je realizovaná pomocou prefabrikovaného betónového oporného múru na pravej strane toku a betónového U žľ,Regulácia riek a protipovodňové práce
3314279,Doba realizácie diela v dňoch,"Predmetom verejného obstarávania je realizácia dvoch stavebných objektov na stavbe: Oravská Polhora - prívod vody z Hlasnej rieky. Jedná sa o dva stavebné objekty: SO 01 Odberný objekt, SO 03 VDJ 1x250 m3. Technické riešenie a položk",Práce súvisiace so stavbou potrubných vedení na rozvod vody
3314317,Lehota výstavby zákazky vyjadrená v celých kalendárnych dňoch odo dňa odovzdania staveniska,"Predmetom zákazky je rekonštrukcia verejného osvetlenia v meste Vrbové podľa projektovej dokumentácie, tzn. v prvom rade výmena jestv. svietidiel VO, ich nosných častí (výložníky, stožiare) a samotných svietidel za led technológi",Inštalovanie vonkajších osvetľovacích zariadení
3314433,Dostupnosť servissu,Úžitkové motorové vozidlo N1 dodávkové s chladiarenskou nadstavbou s dieslovým motorom,Dodávkové automobily skriňové
3314433,Technické kritériá,Úžitkové motorové vozidlo N1 dodávkové s chladiarenskou nadstavbou s dieslovým motorom,Dodávkové automobily skriňové
3314454,Lehota uskutočnenia stavebných prác uvedená v celých kalendárnych dňoch,"Výber zhotoviteľa pre projekt: ""Protipovodňová ochrana intravilánu obce Dolný Hričov"". 
SO 01 SO1 Dolný Hričov - Lehotský potok,Protipovodňová ochrana intrav. obce
SO 02 SO2 Dolný Hričov - Peklina,Protipovodňová ochrana intrav.",Protipovodňové práce
3314637,Lehota dodania tovaru v kalendárnych dňoch,"1. Sušiareň cestivín 1 ks
2. Umývačka prepraviek 1 ks
3. Univerzálna balička 1 ks",Priemyselné mechanizmy
3314657,Doba realizácie diela v dňoch,"Predmetom zákazky je úprava potoka Pucov za účelom zlepšenia odtokových pomerov v intraviláne obce tak, aby
nedochádzalo k vybrežovaniu počas povodní. Ďalej je to odstránenie havarijného stavu na komunikácii.",Regulácia riek a protipovodňové práce
3314671,Ekonomicky navýhodnejšia ponuka s akcentom na ekológiu,"POZOR: Verejné obstarávanie sa uskutočňuje prostredníctvom systému EVO, ktorý prevádzkuje ÚVO. Z uvedeného dôvodu verejný obstarávateľ neposkytuje záujemcom súťažné podklady v písomnej forme. Záujemcovia po zaregistrovaní s",Služby súvisiace s likvidáciou odpadu a odpadom
3314671,Najvyššia hodnota za zhodnotenie TAP,"POZOR: Verejné obstarávanie sa uskutočňuje prostredníctvom systému EVO, ktorý prevádzkuje ÚVO. Z uvedeného dôvodu verejný obstarávateľ neposkytuje záujemcom súťažné podklady v písomnej forme. Záujemcovia po zaregistrovaní s",Služby súvisiace s likvidáciou odpadu a odpadom
3315549,Dostupnosť servisu v km  (počet kilometrov),"Poľnohospodárske stroje a závlahový systém.
1. TRAKTOR ( 240 koní ) 
2. MEDZIRIADKOVÝ KYPRIČ
3. POSTREKOVAČ
4. KULTIVATOR
5. PODMIETAČ
6. MULČOVAČ
7. TRAKTOR (87 koní)
8. ZÁVLAHOVÝ SYSTÉM (vrátane zemných prác)",Poľnohospodárske stroje
3315549,Čas nástupu na servis  opravu  (počet hodín),"Poľnohospodárske stroje a závlahový systém.
1. TRAKTOR ( 240 koní ) 
2. MEDZIRIADKOVÝ KYPRIČ
3. POSTREKOVAČ
4. KULTIVATOR
5. PODMIETAČ
6. MULČOVAČ
7. TRAKTOR (87 koní)
8. ZÁVLAHOVÝ SYSTÉM (vrátane zemných prác)",Poľnohospodárske stroje
3315689,Doba výstavby,"Predmetom obstarávania sú práce vrchnej časti stavby na ulici Kostolná, ktorá predstavuje dopravne menej významnú komunikáciu cestnej siete obce Hozelec . Vzhľadom k umiestneniu Ul. Kostolnej v obci bude rekonštruovaný úsek zabezpe",Obnova povrchu vozoviek
3315693,Lehota dodávky,Projekt modernizácie informačných technológií v spoločnosti OKROS s.r.o. zabezpečí pre firmu komplexný a moderný informačný systém ako základ pre ďalší rozvoj firmy. Obstaraním potrebného HW a SW a zavedením účinného využ,Informačné systémy a servery
3315879,Lehota výstavby,Predmetom zákazky je rekonštrukcia budovy kultúrneho domu a obecného úradu za účelom riešenia energetickej úspory prevádzky uvedeného objektu. Podrobný opis predmetu zákazky je uvedený v projektovej dokumentácii a v súťažných,Stavebné práce na stavbe budov určených pre umenie a kultúru
3315879,Technická pomoc,Predmetom zákazky je rekonštrukcia budovy kultúrneho domu a obecného úradu za účelom riešenia energetickej úspory prevádzky uvedeného objektu. Podrobný opis predmetu zákazky je uvedený v projektovej dokumentácii a v súťažných,Stavebné práce na stavbe budov určených pre umenie a kultúru
3315990,Lehota výstavby vyjadrená v celých kalendárnych  dňoch odo dňa odovzdania staveniska zhotoviteľovi,"Predmetom zákazky je statické zabezpečenie, architektonicko - stavebné úpravy a pamiatková obnova vybraných prvkov v krídle E od krídla B za úroveň kaplnky, v krídle D od krídla B po schodiskový priestor krídla D kaštieľa vráta",Budovy mimoriadneho historického alebo architektonického významu
3316229,lehota realizácie diela určená v celých mesiacoch od nadobudnutia účinnosti zmluvy,Predmetom zákazky je Vypracovanie kompetenčného modelu pracovníkov a pracovných pozícií IZS v rámci národného projektu Národný program vzdelávania pre IZS vo väzbe na podporu človeka v tiesni a úlohy v oblasti bezpečnostného sy,Poradenské služby pre riadenie ľudských zdrojov
3316325,SPLNENIE TECHNICKÝCH KRITÉRIÍ,"HPLC systém s kvartérnou pumpou s degasérom, automatickým dávkovačom, kolónovým termostatom, s DAD detektorom (detektor s diódovým poľom) a fluorescenčným detektorom vrátane softvéru a počítača s tlačiarňou.",Stroje a prístroje s individuálnymi funkciami
3316428,Nástup na záručný a pozáručný servis a technickú podporu vyjadrený    v hodinách od momentu nahlásenia poruchy predávajúcemu,"Verejný obstarávateľ má záujem o dodanie poľnohospodárskych strojov a to: 1ks Traktor, 1ks Nožový osečkovač letorastov, 1 ks Jednostranný ometač kmienkov, 1ks Odsávač listia, 1ks Nožová výkyvná sekcia bočná

Technická šp",Poľnohospodárske stroje
3316428,Lehota  dodania tovaru v kalendárnych dňoch odo dňa doručenia záväznej objednávky objednávateľom,"Verejný obstarávateľ má záujem o dodanie poľnohospodárskych strojov a to: 1ks Traktor, 1ks Nožový osečkovač letorastov, 1 ks Jednostranný ometač kmienkov, 1ks Odsávač listia, 1ks Nožová výkyvná sekcia bočná

Technická šp",Poľnohospodárske stroje
3316437,Lehota dodania,"Nákup techniky na pestovanie zeleniny
Fekálna cisterna
Hĺbkový kyprič
Kolesový traktor
Kompaktor na predsejbovú prípravu pôdy
Medziriadkový kultivátor s kvapalným prihnojovaním
Sklopný mulčovač
Pluh
Radličkový kyprič
",Poľnohospodárske traktory/ťahače ovládané chodcami
3316437,Čas nástupu na servis,"Nákup techniky na pestovanie zeleniny
Fekálna cisterna
Hĺbkový kyprič
Kolesový traktor
Kompaktor na predsejbovú prípravu pôdy
Medziriadkový kultivátor s kvapalným prihnojovaním
Sklopný mulčovač
Pluh
Radličkový kyprič
",Poľnohospodárske traktory/ťahače ovládané chodcami
3316519,termín ukončenia,"Existujúci poľnohospodársky objekt/ hala je obdĺžnikového pôdorysu. Objekt je jednopodlažný bez podpivničenia, prestrešený sedlovou strechou s plechovou krytinou. Obvodný plášť je s VSŽ plechov, výplne otvorov ( okná, dvere a",Stavebné práce na poľnohospodárskych budovách
3316665,Čas nástupu na odstránenie poruchy od oznámenia poruchy,Predmetom zákazky je dodávka CNC frézovacieho a vŕtacieho centra so simultánnym pohybom 3 os.,Obrábacie centrá (strediská)
3316665,Dodacia lehota od účinnosti zmluvy,Predmetom zákazky je dodávka CNC frézovacieho a vŕtacieho centra so simultánnym pohybom 3 os.,Obrábacie centrá (strediská)
3316719,lehota realizácie diela v dňoch,Vybudovanie sociálnych zariadení pre vonkajšie ihriská FTVŠ UK v Bratislave,Stavebné práce na stavbe budov univerzít
3316721,lehota realizácie diela v dňoch,"Predmetom zákazky je odstránenie havarijného stavu budovy pedagogickej fakulty UK v Bratislave na Šoltésovej 4 havarijný stav rozvodov vody, havarijný stav rozvodov kúrenia a kompletná rekonštrukcia miestnosti č. 58",Stavebné práce na stavbe budov univerzít
3316726,Celková doba dodania,"Predmetom zákazky je rekonštrukcia obvodového plášťa a vykurovacieho systému materskej školy, ktorá pozostáva z rekonštrukcie a zateplenia strechy objektu, zateplenia obvodového plášťa, výmeny výplní stavebných otvorov, výmen",Stavebné práce na stavbe budov materských škôl
3316740,Lehota kompletného zhotovenie diela [počet dní],"Objekt ZŠ v obci Tarnov bol postavený v r. 1930, ako jednopodlažná budova z klasických tehál. V r. 2009 bol na jestvujúcom objekte vymenené všetky pôvodné drevené vonkajšie výplne otvorov (okná a dvere) za plastové s izolačným",Stavebné práce na objektoch základných škôl
3316742,Lehota kompletného zhotovenie diela [počet dní],"Realizáciou tejto zákazky sa rieši zateplenie a stavebné úpravy budovy, strecha, oprava podláh a ústredného vykurovania v budove. Stavba MŠ bola postavená v r. 1983 - 84. V priebehu používania došlo k postupnému opotrebeniu konštr",Stavebné práce na stavbe budov materských škôl
3316992,"Ročná spotreba elektrickej energie na čistenie odpadových vôd v čistiarní odpadových vôd v kWh pri priemernom prietoku, priemernom zaťažení pri nátoku a priemernom emisnom zaťažení vrátane kalového hospodárstva","Predmetom zákazky je dobudovanie kanalizácie a intenzifikáciu ČOV v aglomerácií Zlaté Moravce, ktorá pozostáva z mesta Zlaté Moravce, mestských častí Chyzerovce a Prílepy, z obcí Žitavany, Martin nad Žitavou a Topoľčianky, v k",Stavebné práce na stavbe kanalizácie
3317178,SPLNENIE TECHNICKÝCH KRITÉRIÍ,"Systém na stanovenie množstva templátu nukleovej kyseliny metódou PCR v reálnom čase vrátane softvéru, počítača a UPS /záložný zdroj/, inštalácie a zaškolenia.",Stroje a prístroje s individuálnymi funkciami
3317813,Lehota realizácie v kalendárnych dňoch,"V rámci rekonštrukcie sa budú realizovať nasledovné práce: 
SO 01.01 Zateplenie obvodových stien. Kontaktné zateplenie obvodových stien celého objektu,
SO 01.02 Výmena výplní otvorov. Výmena existujúcich drevených konštrukcií",Stavebné práce na kancelárskych budovách
3317859,lehota začatia s odstraňovaním skrytých reklamovaných vád zákazky v dňoch,Jedná sa o revitalizáciu stavby materskej škôlky v obci Chrenovec Brusno č. 367. Objekt sa nachádza v zástavbe rodinných domov. Majiteľom objektu je obec. V súčasnosti sa nad časťou tohoto objektu realizuje nadstavba 11 bytových je,Stavebné práce
3318059,Nástup na záručný a pozáručný servis a technickú podporu vyjadrený    v hodinách od momentu nahlásenia poruchy predávajúcemu,"Verejný obstarávateľ má záujem o dodanie poľnohospodárskych strojov a to: Kolesový traktor 1x, Mulčovač 1ks, Rosič nesený 1 ks, Jednostranná okopávačka 1 ks, Kultivátor 1ks",Poľnohospodárske stroje
3318059,Lehota  dodania tovaru v kalendárnych dňoch odo dňa doručenia záväznej objednávky objednávateľom,"Verejný obstarávateľ má záujem o dodanie poľnohospodárskych strojov a to: Kolesový traktor 1x, Mulčovač 1ks, Rosič nesený 1 ks, Jednostranná okopávačka 1 ks, Kultivátor 1ks",Poľnohospodárske stroje
3318064,Nástup na záručný a pozáručný servis a technickú podporu vyjadrený    v hodinách od momentu nahlásenia poruchy predávajúcemu,"Verejný obstarávateľ má záujem o dodanie poľnohospodárskych strojov a to: Mlynkoodrzňovač 1ks, Rmutové čerpadlo 1ks, Pneumatický lis 1ks",Poľnohospodárske stroje
3318064,Lehota  dodania tovaru v kalendárnych dňoch    odo dňa doručenia záväznej objednávky objednávateľom,"Verejný obstarávateľ má záujem o dodanie poľnohospodárskych strojov a to: Mlynkoodrzňovač 1ks, Rmutové čerpadlo 1ks, Pneumatický lis 1ks",Poľnohospodárske stroje
3318279,Lehota výstavby,"Projekt rieši rozšírenie výstavby splaškovej kanalizácie v obci Lendak a dobudovanie ČOV, ktorá je po stavebnej časti pripravená na osadenie technologických zariadení.
Rozšírenie výstavby splaškovej kanalizácie rieši odkanaliz",Stavebné práce na stavbe kanalizácie
3318335,Vzdialenosť servisu do 35 km,"Traktor, Ťahaný postrekovač, Hĺbkový kyprič, Cambridge valce, Cisterna, Mulčovač",Poľnohospodárske traktory/ťahače ovládané chodcami
3318335,Odkup použitého strojného zariadenia,"Traktor, Ťahaný postrekovač, Hĺbkový kyprič, Cambridge valce, Cisterna, Mulčovač",Poľnohospodárske traktory/ťahače ovládané chodcami
3318525,Lehota dodania tovaru,"Predmetom projektu je dodávka a montáž výrobnej a baliacej linky na syr s modrou plesňou.
Minimálna technická špecifikácia celej linky:
Hlavným účelom výrobnej linky bude výroba syru s modrou plesňou - 2,2 kg bochník o priemere","Zariadenia na spracovanie potravín, nápojov a tabaku a ich súvisiace časti"
3318631,nástup na reklamácie - odstránenie nedostatkov - v dňoch,"Jedná sa o rozšírenie existujúcich skladových plôch toho času v podobe otvorených prístreškov, rozšírenie sa uskutoční formou prístavby k existujúcim prístreškom. Samotná realizácia pozostáva zo zemných prác, zakladania, i",Stavebné práce
3318755,Lehota výstavby,"Predmetom zákazky je odstránenie havarijného stavu základnej školy. 
Základné údaje o objekte : Samostatne stojaci objekt je 3-podlažný, nepodpivničený, zastrešený plochou strechou
s vonkajšími dažďovými odpadmi. Objekt je m",Stavebné práce na objektoch základných škôl
3318755,"Technické vyhotovenie, estetické a funkčné vlastnosti plastovej steny","Predmetom zákazky je odstránenie havarijného stavu základnej školy. 
Základné údaje o objekte : Samostatne stojaci objekt je 3-podlažný, nepodpivničený, zastrešený plochou strechou
s vonkajšími dažďovými odpadmi. Objekt je m",Stavebné práce na objektoch základných škôl
3318764,Lehota výstavby,"Predmetom zákazky sú stavebné práce súvisiace so zateplením obvodového plášťa objektov verejného obstarávateľa prostredníctvom izolačných systémov, vnútorným zateplením strešnej konštrukcie, výmenou otvorových konštrukci",Tepelnoizolačné práce
3319036,Lehota zhotovenia diela (zhotovenie celého diela) v týždňoch,"Predmetom zákazky je zhotovenie a realizácia stavby objektu ŠPORTOVÁ HALA PIEŠŤANY, miesto stavby: Piešťany, p.č. 5810, 5826/9, na základe projektovej dokumentácie vypracovanej Generálnym projektantom OSA atelier s.r.o., Poprad. , Ď",Stavebné práce
3319268,"3.3 pozáručný servis, doba nástupu ( hod.) na odstránenie poruchy od term. nahlásenia poruchy","výstavba voľne stojacej novostavby podnikateľského inkubátora (kancelárská budova). Plánovaná stavba má prízemie a jedno poschodie, bez pivnice.",Stavebné práce
3319268,2.2 lehota dodania predmetu obstarávania v mesiacoch,"výstavba voľne stojacej novostavby podnikateľského inkubátora (kancelárská budova). Plánovaná stavba má prízemie a jedno poschodie, bez pivnice.",Stavebné práce
3319281,hodinová spotreba elektrickej energie celej sústavy - hodinová spotreba elektrickej energie celej sústavy pri plnom svetelnom výkone v kW,"Cieľom predmetu zákazky je Rekonštrukcia a modernizácia verejného osvetlenia v obci Čechynce
Podrobné vymedzenie predmetu zákazky tvorí samostatnú kapitolu B1. Opis predmetu zákazky súťažných 
podkladov",Inštalovanie vonkajších osvetľovacích zariadení
3319281,lehota výstavby v mesiacoch,"Cieľom predmetu zákazky je Rekonštrukcia a modernizácia verejného osvetlenia v obci Čechynce
Podrobné vymedzenie predmetu zákazky tvorí samostatnú kapitolu B1. Opis predmetu zákazky súťažných 
podkladov",Inštalovanie vonkajších osvetľovacích zariadení
3319390,Lehota výstavby,Predmetom zákazky je rekonštrukcia budovy kultúrneho domu a obecného úradu za účelom riešenia energetickej úspory prevádzky uvedeného objektu. Podrobný opis predmetu zákazky je uvedený v projektovej dokumentácii a v súťažných,"Stavebné práce na stavbe budov pre voľný čas, šport, kultúru, ubytovanie a reštauračné stravovanie"
3319390,Technická pomoc,Predmetom zákazky je rekonštrukcia budovy kultúrneho domu a obecného úradu za účelom riešenia energetickej úspory prevádzky uvedeného objektu. Podrobný opis predmetu zákazky je uvedený v projektovej dokumentácii a v súťažných,"Stavebné práce na stavbe budov pre voľný čas, šport, kultúru, ubytovanie a reštauračné stravovanie"
3319488,denná sadzba na kľúčového odborníka,"Predmetom zákazky je výkon činnosti Stavebnotechnického dozoru na projekte výstavby úseku D3 Čadca, Bukov - Svrčinovec. Predmetná stavba je realizovaná v zmysle zmluvných podmienok FIDIC Zmluvné podmienky "" pre technologické a stroj",Stavebný dozor na stavenisku
3319488,denná sadzba na nekľúčového odborníka,"Predmetom zákazky je výkon činnosti Stavebnotechnického dozoru na projekte výstavby úseku D3 Čadca, Bukov - Svrčinovec. Predmetná stavba je realizovaná v zmysle zmluvných podmienok FIDIC Zmluvné podmienky "" pre technologické a stroj",Stavebný dozor na stavenisku
3319604,Lehota výstavby,"Predmetom zákazky sú stavebné práce na výstavbe kanalizácie a ČOV v objekte ÚVZ Herľany. Podrobná špecifikácia je uvedená v projektovej dokumentácii a výkaze výmer, ktoré sú súčasťou súťažných podkladov.",Stavebné práce
3319733,Čas nástupu na odstránenie poruchy od oznámenia poruchy (v hod.),"Predmetom zákazky je dodávka a vybudovanie siete IP kamier s prenosovou sústavou signálu a obslužným pracoviskom s príslušným hardvérovým a softvérovým vybavením, ktoré zabezpečia kontinuálne monitorovanie a záznam z exponovan",Bezpečnostné kamery
3319734,Čas nástupu na odstránenie poruchy od oznámenia poruchy (v hod.),"Predmetom zákazky je dodávka a vybudovanie siete IP kamier s prenosovou sústavou signálu a obslužným pracoviskom s príslušným hardvérovým a softvérovým vybavením, ktoré zabezpečia kontinuálne monitorovanie a záznam z exponovan",Bezpečnostné kamery
3319737,Čas nástupu na odstránenie poruchy od oznámenia poruchy (v hod.),"Predmetom zákazky je dodávka a vybudovanie siete IP kamier s prenosovou sústavou signálu a obslužným pracoviskom s príslušným hardvérovým a softvérovým vybavením, ktoré zabezpečia kontinuálne monitorovanie a záznam z exponovan",Bezpečnostné kamery
3319741,Čas nástupu na odstránenie poruchy od oznámenia poruchy (v hod.),"Predmetom zákazky je dodávka a vybudovanie siete IP kamier s prenosovou sústavou signálu a obslužným pracoviskom s príslušným hardvérovým a softvérovým vybavením, ktoré zabezpečia kontinuálne monitorovanie a záznam z exponovan",Bezpečnostné kamery
3319776,Technická pomoc,Predmetom zákazky je rekonštrukcia budovy kultúrneho domu. Podrobný opis predmetu zákazky je uvedený v súťažných podkladoch.,Stavebné práce na stavbe budov určených pre umenie a kultúru
3319776,Lehota výstavby,Predmetom zákazky je rekonštrukcia budovy kultúrneho domu. Podrobný opis predmetu zákazky je uvedený v súťažných podkladoch.,Stavebné práce na stavbe budov určených pre umenie a kultúru
3319786,Lehota realizácie v dňoch,"V rámci plánovaného zámeru podpory rozvoja športu v obci Nevidzany je navrhované
viacúčelové ihrisko s hracou plochou 33,0 x 18,0 m. Ihrisko bude ohraničené oplotením
pozostávajúcim z obvodových mantinelov a ochrannej siete napn",Stavebné práce na stavbe športových zariadení
3319787,"Kritérium č. 2 Doba dodania predmetu obstarávania (realizácie diela) v kalendárnych dňoch, ktorú navrhne uchádzač","Predmetom verejného obstarávania je realizácia stavebných prác na diele: Rozšírenie kanalizácie v obci Palárikovo. Súčasťou riešenia sú stavebné objekty: SO-01 Kanalizačné stoky, SO-02 Kanalizačné prípojky - verejná časť,",Stavebné práce na stavbe kanalizácie
3319928,Dodacia lehota,"Predmetom zákazky je nákup strojov do ovocného sadu :
Vyvážač kontajnerov 1 ks
Kontajner na ovocie 1 ks
Mulčovač s hydraulickým výsuvom 1 ks
Vyžínač príkmenného pásu 1 ks
vyžínač príkmenného pásu s mulčovačom",Poľnohospodárske stroje
3319930,Lehota dodania,"Predmetom zákazky je obstaranie novej inovatívnej granulačnej linky s nízkou spotrebou energie a vysokou efektivitou práce a vysokozdvižného vozíka s čelným nakladačom , ktorý bude slúžiť na obsluhu granulačnej linky - dovoz mate",Priemyselné mechanizmy
3319967,Lehota výstavby (celé kalendárne dni odo dňa odovzdania staveniska zhotoviteľovi),Projekt stavby rieši výstavbu primárneho skladu ovocia priamo v novovysadenom sade.,Stavebné práce
3320089,Lehota výstavby (celé kalendárne dni odo dňa odovzdania staveniska zhotoviteľovi),"Výstavba výrobnej haly , v ktorej bude umiestnená granulačná linka",Práce na kompletnej alebo čiastočnej stavbe a práce inžinierskych stavieb
3320267,Lehota zhotovenia diela,"Predmetom zákazky je Ubytovanie v súkromí Šišov - obnova kaštieľa s prístavbou hospodárskej budovy a vybudovanie ubytovacieho zariadenia v obci Šišov.
Podrobnejší opis predmetu zákazky je uvedený v súťažných podkladoch.",Stavebné práce na objektoch historických pamiatok alebo pamätníkov
3320409,Reakčná doba na odstránenie závady v hodinách,"Zvýšenie kapacity a výkonnosti diskových úložísk pre ÚVN SNP Ružomberok-FN, integrácia existujúcich diskových polí HP EVA 4400 a EVA 6400 do novonavrhnutej infraštruktúry., migrácia existujúcich dát, služby dohľadu a podpory",Archivačné a čítacie zariadenia
3320866,Lehota výstavby v pracovných dňoch,Spoločenský dom Predajná - Rekonštrukcia vykurovania,Stavebné práce
3321068,Lehota výstavby (celé kalendárne dni odo dňa odovzdania staveniska zhotoviteľovi),Zákazka sa týka výstavby ovocného sadu Chmelisko a skladu paletizovaného ovocia v k.ú.Pružiná,Stavebné práce
3321172,Lehota na začatie poskytnutia služby/tovarov od termínu predloženej objednávky (vyjadrená v počte dní),"Zlepšenie stability lesných porastov s ohľadom na zachovanie produkčných aj verejnoprospešných funkcií lesov , ich biodiverzity , uplatnením preventívnych opatrení.
Povinné súčasti dodania predmetu zákazky a podrobné špecifiká",Služby súvisiace s lesníctvom
3321212,Skrátenie lehoty dodania,Stavebné a rekonštrukčné práce - Konferenčné a kongresové centrum rekonštrukcia národnej kultúrnej pamiatky,Stavebné práce
3321212,Sankcia nad rámec zmluvných pokút,Stavebné a rekonštrukčné práce - Konferenčné a kongresové centrum rekonštrukcia národnej kultúrnej pamiatky,Stavebné práce
3321482,Lehota dodania v kalendárnych dňoch,"Predmetom stavebných prác je zrealizovanie novostavby wellness a reštaurácie, ako obslužných objektov celého areálu, a to v zmysle zastavovacieho plánu a situácie, ktorá je súčasťou projektovej dokumentácie, a to na v súťažnýc",Stavebné práce
3321523,Poplatok za poskytnutie predmetu zákazky za letenku,"Predmetom zákazky je zabezpečenie leteniek a iných cestovných dokladov (napr. autobusových, lodných a vlakových cestovných lístkov) súvisiacich s prepravou osôb do zahraničia pri zahraničných pracovných cestách verejného obstar",Služby cestovných kancelárií a podobné služby
3321523,Poplatok za poskytnutie predmetu zákazky za cestovný lístok na autobus,"Predmetom zákazky je zabezpečenie leteniek a iných cestovných dokladov (napr. autobusových, lodných a vlakových cestovných lístkov) súvisiacich s prepravou osôb do zahraničia pri zahraničných pracovných cestách verejného obstar",Služby cestovných kancelárií a podobné služby
3321523,Poplatok za poskytnutie predmetu zákazky za cestovný lístok na vlak,"Predmetom zákazky je zabezpečenie leteniek a iných cestovných dokladov (napr. autobusových, lodných a vlakových cestovných lístkov) súvisiacich s prepravou osôb do zahraničia pri zahraničných pracovných cestách verejného obstar",Služby cestovných kancelárií a podobné služby
3321523,Poplatok za stornovanie rezervácie cestovného dokladu nad rámec poplatku určeného dopravnou spoločnosťou,"Predmetom zákazky je zabezpečenie leteniek a iných cestovných dokladov (napr. autobusových, lodných a vlakových cestovných lístkov) súvisiacich s prepravou osôb do zahraničia pri zahraničných pracovných cestách verejného obstar",Služby cestovných kancelárií a podobné služby
3321523,Vybavenie víz - Bratislava,"Predmetom zákazky je zabezpečenie leteniek a iných cestovných dokladov (napr. autobusových, lodných a vlakových cestovných lístkov) súvisiacich s prepravou osôb do zahraničia pri zahraničných pracovných cestách verejného obstar",Služby cestovných kancelárií a podobné služby
3321523,Vybavenie víz - Viedeň,"Predmetom zákazky je zabezpečenie leteniek a iných cestovných dokladov (napr. autobusových, lodných a vlakových cestovných lístkov) súvisiacich s prepravou osôb do zahraničia pri zahraničných pracovných cestách verejného obstar",Služby cestovných kancelárií a podobné služby
3321549,Doba realizacie,Predmetom zakazky je vybudovanie digitalneho kameroveho systemu a distribucnej siete vratane vypracovania projektovej dokumentacie navrhu riesenia bezpecnostneho kameroveho systemu. Blizsia specifikacia predmetu zakazky je uvedena v sutaznych po,Bezpečnostné kamery
3321791,pokrytie monitorovaných lokalít nad rámec minimálneho požadovaného počtu,Bezpečnostný kamerový systém v obci - inštalácia a prevádzka,Bezpečnostné kamery
3321795,pokrytie monitorovaných lokalít nad rámec minimálneho požadovaného počtu,Bezpečnostný kamerový systém v obci - inštalácia a prevádzka,Bezpečnostné kamery
3321969,Lehota výstavby,"Predmetom zákazky je vybudovanie:
- Celoobecnej kanalizácie časť gravitačného kanalizačného potrubia odpadových vôd v obci Chtelnica na Partizánskej ul. do jestvujúcej kanalizácie a gravitačné kanalizačné potrubie v ul. Nad Hum",Stavebné práce na stavbe kanalizácie
3322009,2. lehota dodania,"Predmetom zákazky je zavedenie kamerového systému a modernizácia a rekonštrukcia verejného osvetlenia v obci.
Bližšie špecifikované v súťažných podkladoch.",Bezpečnostné kamery
3322010,2. lehota dodania,"Predmetom zákazky je zavedenie kamerového systému a modernizácia a rekonštrukcia verejného osvetlenia v obci.
Bližšie špecifikované v súťažných podkladoch.",Bezpečnostné kamery
3322011,2. lehota dodania,"Predmetom zákazky je zavedenie kamerového systému a modernizácia a rekonštrukcia verejného osvetlenia v obci.
Bližšie špecifikované v súťažných podkladoch.",Bezpečnostné kamery
3322012,2. lehota dodania,"Predmetom zákazky je zavedenie kamerového systému a modernizácia a rekonštrukcia verejného osvetlenia v obci.
Bližšie špecifikované v súťažných podkladoch.",Bezpečnostné kamery
3322013,Dodacia lehota,"-kolesový traktor
-zberový voz ovocia so zberovou plošinou
-vyžínač príkmenného pásu
- vyžínač príkmenného pásu s mulčovačom
-mulčovač
-mulčovač s hydraulickým výsuvom
-rozmetadlo hnojív
-pluh
-ovocinársky malotr",Samonakladacie alebo vykladacie prívesy a návesy pre poľnohospodárstvo
3322014,2. lehota dodania,"Predmetom zákazky je zavedenie kamerového systému a modernizácia a rekonštrukcia verejného osvetlenia v obci.
Bližšie špecifikované v súťažných podkladoch.",Bezpečnostné kamery
3322016,2. lehota dodania,"Predmetom zákazky je zavedenie kamerového systému a modernizácia a rekonštrukcia verejného osvetlenia v obci.
Bližšie špecifikované v súťažných podkladoch.",Bezpečnostné kamery
3322072,2. lehota dodania,Predmetom zákazky je zavedenie kamerového systému a modernizácia a rekonštrukcia verejného osvetlenia v obci. Bližšie špecifikované v súťažných podkladoch.,Inštalovanie vonkajších osvetľovacích zariadení
3322129,Najnižšia lehota dodania predmetu obstarávania v kalendárych dňoch,"Projekt rieši inštaláciu kamier a vybudovanie časti osvetlenia, vybudovanie optickej prenosovej siete acentrálneho dispečingu spotrebným hardvérovým asoftvérovým vybavením.",Iné elektroinštalačné práce
3322133,Lehota výstavby v pracovných dňoch,"Projektová dokumentácia rieši zateplenie objektu Obecného úradu a Materskej školy Brestov - obvodového plášťa, strešného plášťa+ výmenu strešnej krytiny, klampiarskych výrobkov, stopu suterénu, výmenu výplňových otvorovýc",Stavebné práce
3322267,pokrytie monitorovaných lokalít nad rámec minimálneho požadovaného počtu,Vybudovanie kamerového systému v obci Nižná Boca,Bezpečnostné kamery
3322293,Lehota realizácie,"Verejný obstarávateľ od uchádzačov požaduje vypracovanie realizačnej projektovej dokumentácie riešenia
integrovaného bezpečnostného kamerového systému, vypracovanie bezpečnostného projektu a bezpečnostnej smernice, inžiniersku",Inštalovanie zariadení na monitorovanie dopravy
3322295,Lehota realizácie,"Verejný obstarávateľ od uchádzačov požaduje vypracovanie realizačnej projektovej dokumentácie riešenia
integrovaného bezpečnostného kamerového systému, vypracovanie bezpečnostného projektu a bezpečnostnej smernice, inžiniersku",Inštalovanie zariadení na monitorovanie dopravy
3322296,Lehota realizácie,"Verejný obstarávateľ od uchádzačov požaduje vypracovanie realizačnej projektovej dokumentácie riešenia integrovaného bezpečnostného kamerového systému, vypracovanie bezpečnostného projektu a bezpečnostnej smernice, inžiniersku",Inštalovanie zariadení na monitorovanie dopravy
3322297,Lehota Realizácie,"Verejný obstarávateľ od uchádzačov požaduje vypracovanie realizačnej projektovej dokumentácie riešenia
integrovaného bezpečnostného kamerového systému, vypracovanie bezpečnostného projektu a bezpečnostnej smernice, inžiniersku",Inštalovanie zariadení na monitorovanie dopravy
3322298,Lehota Realizácie,"Verejný obstarávateľ od uchádzačov požaduje vypracovanie realizačnej projektovej dokumentácie riešenia
integrovaného bezpečnostného kamerového systému, vypracovanie bezpečnostného projektu a bezpečnostnej smernice, inžiniersku",Inštalovanie zariadení na monitorovanie dopravy
3322299,Lehota realizácie,"Verejný obstarávateľ od uchádzačov požaduje vypracovanie realizačnej projektovej dokumentácie riešenia
integrovaného bezpečnostného kamerového systému, vypracovanie bezpečnostného projektu a bezpečnostnej smernice, inžiniersku",Inštalovanie zariadení na monitorovanie dopravy
3322300,Lehota realizácie,"Verejný obstarávateľ od uchádzačov požaduje vypracovanie realizačnej projektovej dokumentácie riešenia
integrovaného bezpečnostného kamerového systému, vypracovanie bezpečnostného projektu a bezpečnostnej smernice, inžiniersku",Inštalovanie zariadení na monitorovanie dopravy
3322301,Lehota realizácie,"Verejný obstarávateľ od uchádzačov požaduje vypracovanie realizačnej projektovej dokumentácie riešenia
integrovaného bezpečnostného kamerového systému, vypracovanie bezpečnostného projektu a bezpečnostnej smernice, inžiniersku",Inštalovanie zariadení na monitorovanie dopravy
3322343,2. lehota dodania,"Predmetom zákazky je zavedenie kamerového systému a modernizácia a rekonštrukcia verejného osvetlenia v obci.
Bližšie špecifikované v súťažných podkladoch.",Stavebné práce
3322346,2. lehota dodania,"Predmetom zákazky je zavedenie kamerového systému a modernizácia a rekonštrukcia verejného osvetlenia v obci.
Bližšie špecifikované v súťažných podkladoch.",Stavebné práce
3322384,Technická pomoc,Predmetom zákazky je výstavba viacúčelového športového ihriska v obci Kapišová. Podrobný opis predmetu zákazky je uvedený v súťažných podkladoch.,Stavebné práce súvisiace so stavbami na športoviskách
3322384,Najkratší termín dodávky predmetu zákazky v kalendárnych dňoch,Predmetom zákazky je výstavba viacúčelového športového ihriska v obci Kapišová. Podrobný opis predmetu zákazky je uvedený v súťažných podkladoch.,Stavebné práce súvisiace so stavbami na športoviskách
3322475,pokrytie monitorovaných lokalít nad rámec minimálneho požadovaného počtu,Bezpečnostný kamerový systém v obci - inštalácia a prevádzka,Bezpečnostné kamery
3322603,Lehota realizácie,Rekonštrukcia miestnych komunikácii v obci Kostolec. Bližšie informácie sú uvedené v súťažných podkladoch.,"Stavebné práce, práce spodnej a vrchnej stavby diaľnic, ciest"
3322628,Lehota realizácie,Rekonštrukcia miestnych komunikácii v obci Dolná Breznica. Bližšie informácie sú uvedené v súťažných podkladoch.,"Stavebné práce, práce spodnej a vrchnej stavby diaľnic, ciest"
3322758,"2. Percentuálna výška zľavy z cenníka kompletného ostatného sortimentu ponúkanej profilovej rady okien, balkónových dverí a vchodových dverí","Dodávka PVC profilov a príslušenstva pre výrobu okien a dverí vo farebnom prevedení biela, polodekor a dekor. Súčasťou predmetu zákazky je aj zaškolenie pracovníkov výroby do profilového systému úspešného uchádzača. Úspešn",Profily
3322778,"Obsaditeľnosť nízkopodlažného elektrobusu, ktorou sa rozumie súčet miest pre sediacich cestujúcich, miest pre stojacich cestujúcich a miesta pre vodiča","Predmetom zákazky je dodávka nových nízkopodlažných elektrobusov pre potreby Dopravného podniku mesta Košice, akciová spoločnosť.
Popis požadovaných minimálnych vlastností predmetu zákazky je vzhľadom na značný textový rozsa",Elektrické autobusy
3322784,Doba realizácie,Predmetom zákazky je vybudovanie digitálneho kamerového systému a distribučnej siete vrátane vypracovania projektovej dokumentácie návrhu riešenia bezpečnostného kamerového systému. Bližšia špecifikácia predmetu zákazky je uved,Bezpečnostné kamery
3322795,pokrytie monitorovaných lokalít nad rámec minimálneho požadovaného počtu,Bezpečnostný kamerový systém v obci - inštalácia a prevádzka,Bezpečnostné kamery
3322799,pokrytie monitorovaných lokalít nad rámec minimálneho požadovaného počtu,Bezpečnostný kamerový systém v obci - inštalácia a prevádzka,Bezpečnostné kamery
3322850,2.Lehota splnenia zákazky pre Rekonštrukciu a inovácia náučnej lokality Expozícia tatranskej prírody v týždňoch.,Na základe dôkladnej viacročnej prípravy od roku 1987 vtedajšia Správa TANAP-u realizovala výstavbu náučnej lokality - Expozícia tatranskej prírody - ETP (botanická záhrada) v osade Tatranská Lomnica. Stavba bola realizovaná v sú,"Rekreačné, kultúrne a športové služby"
3322850,"3.Kvalita nosnej drevnej suroviny   trieda akosti smrekovcových žrdí  a výrezov podľa STN, pôvod surového dreva pochádzajúceho od certifikovaného obhospodarovateľa lesa.",Na základe dôkladnej viacročnej prípravy od roku 1987 vtedajšia Správa TANAP-u realizovala výstavbu náučnej lokality - Expozícia tatranskej prírody - ETP (botanická záhrada) v osade Tatranská Lomnica. Stavba bola realizovaná v sú,"Rekreačné, kultúrne a športové služby"
3322850,"4.Kvalita a trvácnosť materiálov na tabuľky a panely  prezentačné tabuľky a panely budú vystavené vplyvu prírodných podmienok, kde je významná ich životnosť v závislosti od použitých materiálov a technológií.",Na základe dôkladnej viacročnej prípravy od roku 1987 vtedajšia Správa TANAP-u realizovala výstavbu náučnej lokality - Expozícia tatranskej prírody - ETP (botanická záhrada) v osade Tatranská Lomnica. Stavba bola realizovaná v sú,"Rekreačné, kultúrne a športové služby"
3322883,"2 Lehota výstavby predmetného diela od účinnosti zmluvy o dielo po odovzdanie diela v kalendárnych dňoch, ktorú navrhne uchádzač","Predmetom obnovy je nová šikmá strecha, nový prístrešok , oprava výplní otvorov, oprava fasády, elektroinštalácia, bleskozvod, nová podlaha.",Opravy betónom
3322912,Skrátenie lehoty dodania,Dobudovanie novej prístavby relaxačného centra k jestvujúcemu objektu konferenčného centra.,Stavebné práce
3322912,Sankcia nad rámec zmluvných pokút,Dobudovanie novej prístavby relaxačného centra k jestvujúcemu objektu konferenčného centra.,Stavebné práce
3322996,Lehota realizácie,"Verejný obstarávateľ od uchádzačov požaduje vypracovanie realizačnej projektovej dokumentácie riešenia
integrovaného bezpečnostného kamerového systému, vypracovanie bezpečnostného projektu a bezpečnostnej smernice, inžiniersku",Inštalovanie zariadení na monitorovanie dopravy
3323199,doba realizácie,Obstaranie kamerového systému na zvýšenie bezpečnosti v obci Orechová. Bližšie informácie budú uvedené v súťažných podkladoch.,Bezpečnostné kamery
3323199,počet lokalít,Obstaranie kamerového systému na zvýšenie bezpečnosti v obci Orechová. Bližšie informácie budú uvedené v súťažných podkladoch.,Bezpečnostné kamery
3323201,doba realizácie,Obstaranie kamerového systému na zvýšenie bezpečnosti v obci v obci Ľuboreč,Bezpečnostné kamery
3323201,počet lokalít,Obstaranie kamerového systému na zvýšenie bezpečnosti v obci v obci Ľuboreč,Bezpečnostné kamery
3323204,pokrytie monitorovaných lokalít nad rámec minimálneho požadovaného počtu,Bezpečnostný kamerový systém v obci - inštalácia a prevádzka,Bezpečnostné kamery
3323206,doba realizácie,Vybudovanie kamerového systému v obci Zadiel,Bezpečnostné kamery
3323206,počet lokalít,Vybudovanie kamerového systému v obci Zadiel,Bezpečnostné kamery
3323208,doba realizácie,Vybudovanie kamerového systému v obci Nižný Mirošov,Bezpečnostné kamery
3323208,počet lokalít,Vybudovanie kamerového systému v obci Nižný Mirošov,Bezpečnostné kamery
3323210,doba realizácie,Vybudovanie kamerového systému v obci Nižná Kamenica,Bezpečnostné kamery
3323210,počet lokalít,Vybudovanie kamerového systému v obci Nižná Kamenica,Bezpečnostné kamery
3323213,pokrytie monitorovaných lokalít nad rámec minimálneho požadovaného počtu,Bezpečnostný kamerový systém v obci Vyšná Boca,Bezpečnostné kamery
3323214,doba realizácie,Obec Bačkovík,Bezpečnostné kamery
3323214,počet lokalít,Obec Bačkovík,Bezpečnostné kamery
3323215,doba realizácie,Vybudovanie kamerového systému v obci Belža,Bezpečnostné kamery
3323215,počet lokalít,Vybudovanie kamerového systému v obci Belža,Bezpečnostné kamery
3323310,Lehota výstavby,"Objekt haly bude mať dve podlažia. V 1. NP je vstupná hala prístupná od juhu. Severnú časť pôdorysu tvorí prevádzkové zázemie, juho-východne hygienické zázemie športovcov (maximálne 100 osôb). Recepcia (prijímací 
pult) s k",Stavebné práce
3323310,Technická pomoc,"Objekt haly bude mať dve podlažia. V 1. NP je vstupná hala prístupná od juhu. Severnú časť pôdorysu tvorí prevádzkové zázemie, juho-východne hygienické zázemie športovcov (maximálne 100 osôb). Recepcia (prijímací 
pult) s k",Stavebné práce
3323344,"Kritérium č. 2 Lehota výstavby predmetného diela od prevzatia staveniska po odovzdanie diela v kalendárnych dňoch, ktorú navrhne uchádzač","Predmetom zákazky je rekonštrukcia miestnej komunikácie. Existujúca asfaltová komunikácia slúži ako príjazdová cesta k historickej pamiatke evanjelickému kostolu (tzv. Baďanská rotunda), ktorá sa ďalej napája na existujúcu štrk",Stavebné práce na výstavbe ciest
3323355,2. lehota dodania,"Predmetom zákazky je zavedenie kamerového systému a modernizácia a rekonštrukcia verejného osvetlenia v obci.
Bližšie špecifikované v súťažných podkladoch.",Stavebné práce
3323573,Lehota výstavby v pracovných dňoch,"Predmetom zákazky je rekonštrukcia miestnych komunikácií v obci Veľký Lipník. Ide o rekonštrukciu, opravu spevnených plôch, rekonštrukciu miestnej komunikácie s doplnením odvodňovacieho systému a rekonštrukciu chodníkov s doplne",Stavebné práce
3323739,Lehota realizácie v dňoch,Predmetom zákazky je výber zhotoviteľa na uskutočnenie stavebných prác pri rekonštrukcií strechy a sociálnych zariadení na kultúrnom dome v obci Lutiše. Podrobný opis predmetu zákazky je uvedený v časti B.1 Opis predmetu zákazky,Stavebné práce na stavbe budov určených pre umenie a kultúru
3323752,Lehota realizácie v dňoch,Predmetom zákazky je výber zhotoviteľa na uskutočnenie stavebných prác pri rekonštrukcií kultúrneho domu. Podrobný opis predmetu zákazky je uvedený v časti B.1 Opis predmetu zákazky.,Stavebné práce na stavbe budov určených pre umenie a kultúru
3323829,Lehota dodania,Obstaranie techniky do vinohradu,Traktory/ťahače
3323942,Lehota výstavby,"Predmetom zákazky je oprava cesty, a chodníkov v obci Mlynčeky",Stavebné práce
3324000,Lehota uskutočnenia stavebných prác uvedená v celých kalendárnych dňoch,"Výber zhotoviteľa diela pre projekt Výmena okien. Projekt stavby rieši výmenu okien na budove:
Maďarská škola - výmena výplní okien (SO-01 - SO - 01 HLAVNÝ OBJEKT CELKOM)
Materská škola Nový Diel - výmena výplní okien (SO-01",Montáž okien
3324005,Lehota výstavby,Predmetom zákazky je vybudovanie kamerového systému v obci Mlynčeky.,Stavebné práce
3324013,Lehota výstavby,Predmetom zákazky je vybudovanie kamerového systému v obci Záborské,Stavebné práce
3324027,Lehota výstavby v pracovných dňoch,Predmetom zákazky je rekonštrukcia kotolne na Obecnom úrade v obci Prašník.,Stavebné práce
3324220,Lehota na začatie poskytnutia služby/tovarov od termínu predloženej objednávky (vyjadrená v počte dní),"Predmetom zákazky je obnova lesných porastov spočívajúcich v uhadzovaní haluziny, zalesňovaní, ochrane lesných kultúr a dodávke lapačov.
Povinné súčasti dodania predmetu zákazky a podrobné špecifikácie sú uvedené v súťaž",Služby súvisiace s lesníctvom
3324226,Lehota na začatie poskytnutia služby/tovarov od termínu predloženej objednávky (vyjadrená v počte dní),"Predmetom zákazky je zabezpečiť obnovu lesa v porastoch postihnutých kalamitou, čo najrýchlejšie ich prinavrátiť do prirodzeného stavu, zabrzdiť a stlmiť početnosť biotických škodlivých činiteľov, zachovať a skvalitniť ostat",Služby súvisiace s lesníctvom
3324232,Čas nástupu na odstránenie poruchy od oznámenia poruchy (v hod.),"Predmetom zákazky je zvárací a klipsovací stroj. Predmet zákazky pozostáva z dodania a inštalácie technologického zariadenia do potravinárskeho sektora, ktorý bude slúžiť na zváranie bariérovej fólie polyamid / polyetylén do č",Zariadenia na spracovanie potravín
3324232,Lehota dodania tovaru a uvedenia do činnosti (v dňoch),"Predmetom zákazky je zvárací a klipsovací stroj. Predmet zákazky pozostáva z dodania a inštalácie technologického zariadenia do potravinárskeho sektora, ktorý bude slúžiť na zváranie bariérovej fólie polyamid / polyetylén do č",Zariadenia na spracovanie potravín
3324367,lehota zhotovenia diela,"Ochrana konštrukcie obvodovych stien a zároveň riešenie ich nedostatočného tepelného odporu je zateplenie fasád
kontaktnym zatepľovacím systémom na báze izolantu z polystyrénovych dosiek EPS 70F. Pri navrhovaní dodatočného
zate",Stavebné práce na stavbe budov určených pre umenie a kultúru
3324383,Lehota zhotovenia diela,Predmetom zákazky je rekonštrukcia miestnej komunikácie v obci Vajkovce a s tým aj zvýšenie významu v regionálnom meradle. V katastrálnom území Vajkovce z dôvodu nevyhovujúcich šírkových pomerov na miestnej cestnej komunikácii j,Stavebné práce na výstavbe ciest
3324389,Lehota realizácie,"Verejný obstarávateľ od uchádzačov požaduje vypracovanie realizačnej projektovej dokumentácie riešenia
integrovaného bezpečnostného kamerového systému, vypracovanie bezpečnostného projektu a bezpečnostnej smernice, inžiniersku",Inštalovanie zariadení na monitorovanie dopravy
3324393,Lehota uskutočnenia stavebných prác uvedená v celých kalendárnych dňoch,"Výber zhotoviteľa diela pre projekt Zateplenie KD Kojšov a využitie OZE pre dosiahnutie úspor energií. 
Projekt rieši zateplenie budovy kultúrneho domu tak, aby budova spĺňala požiadavky na energetickú hospodárnosť budovy podľa z",Stavebné práce na stavbe budov určených pre umenie a kultúru
3324395,Lehota uskutočnenia stavebných prác uvedená v celých kalendárnych dňoch,"Výber zhotoviteľa diela pre projekt Zateplenie KD Kojšov a využitie OZE pre dosiahnutie úspor energií. 
Projekt stavby rieši stavebné objekty:
SO 01.1 Stavebná časť
SO 02.01 NN prípojka
SO 02.02 OEZ
SO 01.6 Bleskozvod a uzemneni",Stavebné práce na stavbe budov určených pre umenie a kultúru
3324397,Lehota uskutočnenia stavebných prác uvedená v celých kalendárnych dňoch,"Výber zhotoviteľa diela pre projekt Zateplenie KD Kojšov a využitie OZE pre dosiahnutie úspor energií. 
Projekt rieši zateplenie budovy kultúrneho domu tak, aby budova spĺňala požiadavky na energetickú hospodárnosť budovy podľa z",Stavebné práce na stavbe budov určených pre umenie a kultúru
3324425,pokrytie monitorovaných lokalít nad rámec minimálneho požadovaného počtu,Bezpečnostný kamerový systém v obci Kecerovský Lipovec,Stavebné práce
3324581,lehota dodania predmetu zákazky určená v celých kalendárnych dňoch,"Nákup mikroskopu minimálne s 1000-násobným zväčšením na analýzu štruktúry tlače a zaznamenávanie vysoko
kontrastných obrázkov s čo najmenšou expozíciou excitačného svetla s PC a so softvérom na meranie rozmerov sledovaných","Mikroskopy so širokým zorným poľom, stereomikroskopy alebo mikroskopy pracujúce s rozloženým svetlom"
3324758,Lehota výstavby,"Predmetom zákazky sú stavebné úpravy dispozičných zmien blokov A a B, a stavebné úpravy v bloku C pre umiestnenie odbornej učebne CNC strojov so šatňami a hygienou. V bloku C je navrhnuté nové umiestnenie priestorov vrátnice-inform",Stavebné práce na objektoch stredných škôl
3324772,Inštalácia prístroja kvalifikovaným personálom u verejného obstarávateľa,"Automatizované izolačné a pipetovacie laboratórne zariadenie, ktoré umožňuje flexibilné použitie jednotlivých funkčných modulov samostatne alebo v kombinácii do plne integrovaného systému podľa aktuálnych požiadaviek laboratór",Stroje a prístroje s individuálnymi funkciami
3324772,Odborné zaškolenie personálu u verejného obstarávateľa,"Automatizované izolačné a pipetovacie laboratórne zariadenie, ktoré umožňuje flexibilné použitie jednotlivých funkčných modulov samostatne alebo v kombinácii do plne integrovaného systému podľa aktuálnych požiadaviek laboratór",Stroje a prístroje s individuálnymi funkciami
3324772,"V prípade potreby zabezpečenie školenia v školiacom stredisku alebo na pracovisku, kde je rovnaký prístroj inštalovaný a rutinne sa používa","Automatizované izolačné a pipetovacie laboratórne zariadenie, ktoré umožňuje flexibilné použitie jednotlivých funkčných modulov samostatne alebo v kombinácii do plne integrovaného systému podľa aktuálnych požiadaviek laboratór",Stroje a prístroje s individuálnymi funkciami
3324772,Dodávka inštalačných kitov a spotrebného materiálu pre prvotnú inštaláciu prístroja,"Automatizované izolačné a pipetovacie laboratórne zariadenie, ktoré umožňuje flexibilné použitie jednotlivých funkčných modulov samostatne alebo v kombinácii do plne integrovaného systému podľa aktuálnych požiadaviek laboratór",Stroje a prístroje s individuálnymi funkciami
3324772,Technická a aplikačná podpora po dobu najmenej štyroch rokov od uskutočnenia dodávky,"Automatizované izolačné a pipetovacie laboratórne zariadenie, ktoré umožňuje flexibilné použitie jednotlivých funkčných modulov samostatne alebo v kombinácii do plne integrovaného systému podľa aktuálnych požiadaviek laboratór",Stroje a prístroje s individuálnymi funkciami
3324772,Uzavretý systém pre spracovanie 1 - 96 vzoriek,"Automatizované izolačné a pipetovacie laboratórne zariadenie, ktoré umožňuje flexibilné použitie jednotlivých funkčných modulov samostatne alebo v kombinácii do plne integrovaného systému podľa aktuálnych požiadaviek laboratór",Stroje a prístroje s individuálnymi funkciami
3324772,"Izolácia genomickej DNA, bakteriálnej DNA, vírusovej DNA a RNA, celkovej RNA, celkovej DNA","Automatizované izolačné a pipetovacie laboratórne zariadenie, ktoré umožňuje flexibilné použitie jednotlivých funkčných modulov samostatne alebo v kombinácii do plne integrovaného systému podľa aktuálnych požiadaviek laboratór",Stroje a prístroje s individuálnymi funkciami
3324772,"Izolácia z celkovej krvi, EDTA krvi, sér, buniek a tkanív, spermy, mlieka, exsudátov, exkrementov","Automatizované izolačné a pipetovacie laboratórne zariadenie, ktoré umožňuje flexibilné použitie jednotlivých funkčných modulov samostatne alebo v kombinácii do plne integrovaného systému podľa aktuálnych požiadaviek laboratór",Stroje a prístroje s individuálnymi funkciami
3324772,Vnútorná kontrola prítomnosti jednotlivých spotrebných plastov a reagenčných kaziet pred spustením protokolov,"Automatizované izolačné a pipetovacie laboratórne zariadenie, ktoré umožňuje flexibilné použitie jednotlivých funkčných modulov samostatne alebo v kombinácii do plne integrovaného systému podľa aktuálnych požiadaviek laboratór",Stroje a prístroje s individuálnymi funkciami
3324772,Ochrana pred krížovou kontamináciou pipetovacích špičiek znemožňujúca kontamináciu vzoriek navzájom pri prenášaní jednotlivých vzoriek,"Automatizované izolačné a pipetovacie laboratórne zariadenie, ktoré umožňuje flexibilné použitie jednotlivých funkčných modulov samostatne alebo v kombinácii do plne integrovaného systému podľa aktuálnych požiadaviek laboratór",Stroje a prístroje s individuálnymi funkciami
3324772,Detekcia vnútornej kontroly hladiny pipetovaných objemov,"Automatizované izolačné a pipetovacie laboratórne zariadenie, ktoré umožňuje flexibilné použitie jednotlivých funkčných modulov samostatne alebo v kombinácii do plne integrovaného systému podľa aktuálnych požiadaviek laboratór",Stroje a prístroje s individuálnymi funkciami
3324772,"Detekcia kontroly prípadných zrazenín nasávaných do pipetovacích špičiek, ktoré by mohli spôsobiť chybu izolácie","Automatizované izolačné a pipetovacie laboratórne zariadenie, ktoré umožňuje flexibilné použitie jednotlivých funkčných modulov samostatne alebo v kombinácii do plne integrovaného systému podľa aktuálnych požiadaviek laboratór",Stroje a prístroje s individuálnymi funkciami
3324772,"Chladiaci systém pre výstupné eluáty, pre vstupné reagencie PCR a pre pripravené reakčné zmesi PCR","Automatizované izolačné a pipetovacie laboratórne zariadenie, ktoré umožňuje flexibilné použitie jednotlivých funkčných modulov samostatne alebo v kombinácii do plne integrovaného systému podľa aktuálnych požiadaviek laboratór",Stroje a prístroje s individuálnymi funkciami
3324772,UV lampa pre dekontamináciu vnútorného prostredia laboratórneho zariadenia,"Automatizované izolačné a pipetovacie laboratórne zariadenie, ktoré umožňuje flexibilné použitie jednotlivých funkčných modulov samostatne alebo v kombinácii do plne integrovaného systému podľa aktuálnych požiadaviek laboratór",Stroje a prístroje s individuálnymi funkciami
3324772,"Požiadavka na riadiacu jednotku a ovládací softvér: Chronologická elektronická dokumentácia výsledkov, informácií o názve vzorky, pozícii, čísla šarží reagenčných kaziet, dátumu spracovania vzoriek","Automatizované izolačné a pipetovacie laboratórne zariadenie, ktoré umožňuje flexibilné použitie jednotlivých funkčných modulov samostatne alebo v kombinácii do plne integrovaného systému podľa aktuálnych požiadaviek laboratór",Stroje a prístroje s individuálnymi funkciami
3324772,Požiadavka na riadiacu jednotku a ovládací softvér: Prepojiteľnosť s LIMS systémom,"Automatizované izolačné a pipetovacie laboratórne zariadenie, ktoré umožňuje flexibilné použitie jednotlivých funkčných modulov samostatne alebo v kombinácii do plne integrovaného systému podľa aktuálnych požiadaviek laboratór",Stroje a prístroje s individuálnymi funkciami
3324772,Požiadavka na riadiacu jednotku a ovládací softvér: Možnosť exportu dát cez USB,"Automatizované izolačné a pipetovacie laboratórne zariadenie, ktoré umožňuje flexibilné použitie jednotlivých funkčných modulov samostatne alebo v kombinácii do plne integrovaného systému podľa aktuálnych požiadaviek laboratór",Stroje a prístroje s individuálnymi funkciami
3324772,Štandardizované optimalizované prednastavené protokoly pre komerčné kity a reakčné zmesi PCR,"Automatizované izolačné a pipetovacie laboratórne zariadenie, ktoré umožňuje flexibilné použitie jednotlivých funkčných modulov samostatne alebo v kombinácii do plne integrovaného systému podľa aktuálnych požiadaviek laboratór",Stroje a prístroje s individuálnymi funkciami
3324772,Customizované protokoly vyrobené podľa požiadaviek laboratória,"Automatizované izolačné a pipetovacie laboratórne zariadenie, ktoré umožňuje flexibilné použitie jednotlivých funkčných modulov samostatne alebo v kombinácii do plne integrovaného systému podľa aktuálnych požiadaviek laboratór",Stroje a prístroje s individuálnymi funkciami
3324772,Príprava in-house reakčných zmesí PCR bez nutnosti dokúpenia ďalšieho príslušenstva,"Automatizované izolačné a pipetovacie laboratórne zariadenie, ktoré umožňuje flexibilné použitie jednotlivých funkčných modulov samostatne alebo v kombinácii do plne integrovaného systému podľa aktuálnych požiadaviek laboratór",Stroje a prístroje s individuálnymi funkciami
3324772,Namiešanie rôznych typov reakčných zmesí PCR v rámci jedného behu,"Automatizované izolačné a pipetovacie laboratórne zariadenie, ktoré umožňuje flexibilné použitie jednotlivých funkčných modulov samostatne alebo v kombinácii do plne integrovaného systému podľa aktuálnych požiadaviek laboratór",Stroje a prístroje s individuálnymi funkciami
3324772,Spustenie rôznych funkcií laboratórneho zariadenia v rámci jedného behu,"Automatizované izolačné a pipetovacie laboratórne zariadenie, ktoré umožňuje flexibilné použitie jednotlivých funkčných modulov samostatne alebo v kombinácii do plne integrovaného systému podľa aktuálnych požiadaviek laboratór",Stroje a prístroje s individuálnymi funkciami
3324772,Spotreba chemikálií a plastov závislá na presnom počte spracovávaných vzoriek,"Automatizované izolačné a pipetovacie laboratórne zariadenie, ktoré umožňuje flexibilné použitie jednotlivých funkčných modulov samostatne alebo v kombinácii do plne integrovaného systému podľa aktuálnych požiadaviek laboratór",Stroje a prístroje s individuálnymi funkciami
3324772,Izolácia vstupného biologického materiálu aspoň v rozmedzí od 200 do 3500ul,"Automatizované izolačné a pipetovacie laboratórne zariadenie, ktoré umožňuje flexibilné použitie jednotlivých funkčných modulov samostatne alebo v kombinácii do plne integrovaného systému podľa aktuálnych požiadaviek laboratór",Stroje a prístroje s individuálnymi funkciami
3324772,Variabilita výstupného množstva eluátu v rozmedzí aspoň od 30 do 400ul,"Automatizované izolačné a pipetovacie laboratórne zariadenie, ktoré umožňuje flexibilné použitie jednotlivých funkčných modulov samostatne alebo v kombinácii do plne integrovaného systému podľa aktuálnych požiadaviek laboratór",Stroje a prístroje s individuálnymi funkciami
3324772,"Reagenčné kazety predplnené so všetkými reagenciami potrebnými na izoláciu vo forme ready-to-use, identifikované (napr. čiarovým kódom) pre zjednodušenie a zrýchlenie manipulácie s laboratórnym zariadením","Automatizované izolačné a pipetovacie laboratórne zariadenie, ktoré umožňuje flexibilné použitie jednotlivých funkčných modulov samostatne alebo v kombinácii do plne integrovaného systému podľa aktuálnych požiadaviek laboratór",Stroje a prístroje s individuálnymi funkciami
3324772,Požiadavka na súčasti dodania systému: Všetky prístrojové súčasti laboratórneho zariadenia,"Automatizované izolačné a pipetovacie laboratórne zariadenie, ktoré umožňuje flexibilné použitie jednotlivých funkčných modulov samostatne alebo v kombinácii do plne integrovaného systému podľa aktuálnych požiadaviek laboratór",Stroje a prístroje s individuálnymi funkciami
3324772,Požiadavka na súčasti dodania systému: Hardvérové vybavenie,"Automatizované izolačné a pipetovacie laboratórne zariadenie, ktoré umožňuje flexibilné použitie jednotlivých funkčných modulov samostatne alebo v kombinácii do plne integrovaného systému podľa aktuálnych požiadaviek laboratór",Stroje a prístroje s individuálnymi funkciami
3324772,Požiadavka na súčasti dodania systému: Softvérové vybavenie,"Automatizované izolačné a pipetovacie laboratórne zariadenie, ktoré umožňuje flexibilné použitie jednotlivých funkčných modulov samostatne alebo v kombinácii do plne integrovaného systému podľa aktuálnych požiadaviek laboratór",Stroje a prístroje s individuálnymi funkciami
3324772,Izolácia nukleových kyselín,"Automatizované izolačné a pipetovacie laboratórne zariadenie, ktoré umožňuje flexibilné použitie jednotlivých funkčných modulov samostatne alebo v kombinácii do plne integrovaného systému podľa aktuálnych požiadaviek laboratór",Stroje a prístroje s individuálnymi funkciami
3324772,Namiešanie reakčných zmesí PCR,"Automatizované izolačné a pipetovacie laboratórne zariadenie, ktoré umožňuje flexibilné použitie jednotlivých funkčných modulov samostatne alebo v kombinácii do plne integrovaného systému podľa aktuálnych požiadaviek laboratór",Stroje a prístroje s individuálnymi funkciami
3324772,Izolácia nukleových kyselín s následným namiešaním reakčných zmesí PCR,"Automatizované izolačné a pipetovacie laboratórne zariadenie, ktoré umožňuje flexibilné použitie jednotlivých funkčných modulov samostatne alebo v kombinácii do plne integrovaného systému podľa aktuálnych požiadaviek laboratór",Stroje a prístroje s individuálnymi funkciami
3324772,Pridanie nukleových kyselín do reakčných zmesí PCR,"Automatizované izolačné a pipetovacie laboratórne zariadenie, ktoré umožňuje flexibilné použitie jednotlivých funkčných modulov samostatne alebo v kombinácii do plne integrovaného systému podľa aktuálnych požiadaviek laboratór",Stroje a prístroje s individuálnymi funkciami
3324772,Automatizované laboratórne zariadenie pracujúce v rôznych režimoch bez nutnosti zásahu obsluhy,"Automatizované izolačné a pipetovacie laboratórne zariadenie, ktoré umožňuje flexibilné použitie jednotlivých funkčných modulov samostatne alebo v kombinácii do plne integrovaného systému podľa aktuálnych požiadaviek laboratór",Stroje a prístroje s individuálnymi funkciami
3324772,Princíp izolácie nukleových kyselín technológiou magnetických guličiek,"Automatizované izolačné a pipetovacie laboratórne zariadenie, ktoré umožňuje flexibilné použitie jednotlivých funkčných modulov samostatne alebo v kombinácii do plne integrovaného systému podľa aktuálnych požiadaviek laboratór",Stroje a prístroje s individuálnymi funkciami
3324772,Postupné vkladanie vzoriek pri súčasnom priebehu izolácie podľa aktuálnej potreby,"Automatizované izolačné a pipetovacie laboratórne zariadenie, ktoré umožňuje flexibilné použitie jednotlivých funkčných modulov samostatne alebo v kombinácii do plne integrovaného systému podľa aktuálnych požiadaviek laboratór",Stroje a prístroje s individuálnymi funkciami
3324900,Čas nástupu na odstránenie poruchy od oznámenia poruchy (v hod.),Predmetom zákazky je realizácia stavebných prác súvisiacich s rozšírením poskytovaných služieb cestovného ruchu pre relax a rekreáciu v obci Ždiar a v obci Osturňa vo forme modernizácie technického zabezpečenia prevádzky lyžia,Stavebné práce na stavbe plôch pre rekreačné zariadenia
3325106,Najkratšia lehota výstavby v kalendárnych týždňoch,Chata Verona a doplnková činnosť - parametre sú uvedené v projektovej dokumentácii a výkaze výmer.,"Stavebné práce na stavbe budov pre voľný čas, šport, kultúru, ubytovanie a reštauračné stravovanie"
3325107,lehota zhotovenia diela,"Predmetom zákazky je výmena okien na Základnej škole M. Tompu v Rimavskej Sobote. Spojenie okna s objektom, čiže utesnenie pripojovacej škáry okien by mal zabezpečiť izoláciu tepla, vodotesnosť, nepriezvučnosť, parotesnosť a zvuko",Budovy školiacich zariadení
3325111,2. Percentuálna výška zľavy z cenníka kompletného ostatného sortimentu stavebných kovaní a príslušenstva,Dodávka stavebných kovaní a príslušenstva pre výrobu okien a dverí. Súčasťou predmetu zákazky je aj zapožičanie softvéru na výrobu okien a dverí po dobu jej trvania.,Kovania
3325227,Funkčné charakteristiky,Predmetom zákazky je dodávka a montáž výrobno-technologického zariadenia CNC elektromechanickej ohýbačky plechu,"Ohýbacie, skladacie, vyrovnávacie alebo vyhladzovacie stroje"
3325249,Kritérium č. 3: Mediálna hodnota pri rádiách s licenciou pre šírenie celoplošného signálu (vyjadrená v eur bez DPH).,"Predmetom zákazky je príprava a organizačné zabezpečenie aktivít komunikačno-informačnej kampane k Operačnému programu Doprava (OPD) a Operačnému programu Integrovaná infraštruktúra (OPII). 
Predmetom zákazky je poskytnutie komp",Reklamné a marketingové služby
3325249,Kritérium č. 5: Garantovaný počet impresií pri online (vyjadrený hodnotou).,"Predmetom zákazky je príprava a organizačné zabezpečenie aktivít komunikačno-informačnej kampane k Operačnému programu Doprava (OPD) a Operačnému programu Integrovaná infraštruktúra (OPII). 
Predmetom zákazky je poskytnutie komp",Reklamné a marketingové služby
3325249,"Kritérium č. 4: Mediálna hodnota pri OOH. Podkritérium č. 1 kritéria č. 4: Mediálna hodnota pri billboardoch za podmienok uvedených pri kritériu č. 4 (vyjadrená v eur bez DPH) (relatívna váha 9). Podkritérium č. 2 kritéria č. 4: Mediálna hodnota pri bigboardoch za podmienok uvedených pri kritériu č. 4 (vyjadrená v eur bez DPH) (relatívna váha 3). Podkritérium č. 3 kritéria č. 4: Mediálna hodnota pri CLV za podmienok uvedených pri kritériu č. 4 (vyjadrená v eur bez DPH) (relatívna váha 1,5). Podkritérium č. 4 kritéria č. 4: Mediálna hodnota pri reklame na/v dopravných prostriedkoch a reklame prostredníctvom LED audio monitorov v dopravných prostriedkoch za podmienok uvedených pri kritériu č. 4 (vyjadrená v eur bez DPH) (relatívna váha 4,5).","Predmetom zákazky je príprava a organizačné zabezpečenie aktivít komunikačno-informačnej kampane k Operačnému programu Doprava (OPD) a Operačnému programu Integrovaná infraštruktúra (OPII). 
Predmetom zákazky je poskytnutie komp",Reklamné a marketingové služby
3325249,"Kritérium č. 2: Mediálna hodnota pri printoch s celoslovenskou pôsobnosťou. Podkritérium č. 1 kritéria č. 2: Mediálna hodnota pri denníkoch (vrátane samostatne nepredajných príloh) za podmienok uvedených pri kritériu č. 2 (relatívna váha 12,5). Podkritérium č. 2 kritéria č. 2: Mediálna hodnota pri týždenníkoch a mesačníkoch s celoslovenskou pôsobnosťou za podmienok uvedených pri kritériu č. 2 (relatívna váha 12,5).","Predmetom zákazky je príprava a organizačné zabezpečenie aktivít komunikačno-informačnej kampane k Operačnému programu Doprava (OPD) a Operačnému programu Integrovaná infraštruktúra (OPII). 
Predmetom zákazky je poskytnutie komp",Reklamné a marketingové služby
3325249,Kritérium č. 1: Mediálna hodnota pri TV médiách s celoslovenskou pôsobnosťou. Podkritérium č. 1 kritéria č. 1: Mediálna hodnota vyjadrená GRP (Gross Rating Point) za podmienok uvedených pri kritériu č. 1 (relatívna váha 30). Podkritérium č. 2 kritéria č. 1: Mediálna hodnota vyjadrená mediálnou hodnotou sponzoringu za podmienok uvedených  pri kritériu č. 1 (relatívna váha 5),"Predmetom zákazky je príprava a organizačné zabezpečenie aktivít komunikačno-informačnej kampane k Operačnému programu Doprava (OPD) a Operačnému programu Integrovaná infraštruktúra (OPII). 
Predmetom zákazky je poskytnutie komp",Reklamné a marketingové služby
3325510,Lehota realizácie,"Predmetom zákazky je rekonštrukcia ústredného kúrenia a kotolne Gymnázia V.B.N na Matice slovenskej 16 v Prievidzi. Podrobný popis predmetu zákazky je v projektovej dokumentácii, ktorá tvorí prílohu súťažných podkladov",Stavebné práce na objektoch stredných škôl
3325548,Lehota dodania,"Dodávka linky na komplexné spracovanie vlašských orechov, ktorá sa skladá z piatich základných strojov spojených do celkov vrátane ovládacieho systému, montáže a uvedenia do prevádzky. Bližšie informácie sú uvedené v súťaž","Zariadenia na spracovanie potravín, nápojov a tabaku a ich súvisiace časti"
3325961,lehota dodania služby celkom,"Predmetom tejto zákazky je zabezpečenie služieb, ktorými sú oprava a úprava zástavieb špeciálnych sanitných motorových vozidiel a dodanie súvisiacich materiálov, podľa potrieb verejného obstarávateľa, v objeme a špecifikácií",Opravy a údržbárske služby pre motorové vozidlá a súvisiace vybavenie
3326168,2. Kritérium č. 2: lehota dodania predmetu zákazky určená v celých kalendárnych dňoch od nadobudnutia účinnosti zmluvy,"Predmetom zákazky je dodanie separátorov (odlučovačov) ropných produktov s príslušenstvom v predpokladanom počte 5 kusov/ súprav, ktorý je určený na plnenie úloh Hasičského a záchranného zboru vo vyhotovení ako špeciálna tech",Stroje a prístroje na filtráciu alebo čistenie kvapalín
3326419,2. rýchlosť dodávky a uvedenia do činnosti v dňoch,Dodanie technologického zariadenia - Šesť farebného flexografického stroja,Tlačiarenské stroje
3326568,Počítačovo riadený varný proces - možnosť zadávania požadovaných teplôt a časov v procese varenia pomocou dotykového displeja.,Predmetom zákazky je dodanie technológie minipivovaru vrátane montáže a zaškolenia obsluhy. Podrobná špecifikácia predmetu zákazky je uvedená v súťažných podkladoch.,"Destilačné, filtračné alebo rektifikačné prístroje"
3326568,Automatická regulácia teplôt v CK tankoch s možnosťou diaľkového prístupu - možnosť zadať požadované teploty a možnosť sledovať skutočné teploty v CK tankoch s diaľkovým prístupom cez web rozhranie,Predmetom zákazky je dodanie technológie minipivovaru vrátane montáže a zaškolenia obsluhy. Podrobná špecifikácia predmetu zákazky je uvedená v súťažných podkladoch.,"Destilačné, filtračné alebo rektifikačné prístroje"
3326568,Elektrický štítkový menovitý príkon glykolovej chladiacej jednotky/celkový maximálny objem chladeného piva v CK tankoch v hl.,Predmetom zákazky je dodanie technológie minipivovaru vrátane montáže a zaškolenia obsluhy. Podrobná špecifikácia predmetu zákazky je uvedená v súťažných podkladoch.,"Destilačné, filtračné alebo rektifikačné prístroje"
3327108,Lehota uskutočnenia stavebných prác uvedená v celých kalendárnych dňoch,"Výber zhotoviteľa diela pre projekt: Výmena okien Základná škola s materskou školou Árpáda Fesztyho s vyučovacím jazykom maďarským - Feszty Árpád Alapiskola és Óvoda. Projekt stavby rieši výmenu okien na budove: Pavilón A, Pa",Montáž okien
3327121,Lehota na začatie poskytnutia služby/tovarov od termínu predloženej objednávky (vyjadrená v počte dní),"Predmetom zákazky je zabezpečenie obnovy lesa v porastoch postihnutých kalamitou, kôrovcovou kalamitou s plánovanou rekonštrukciou. Dodržať stanovištnú vhodnosť drevín a prinavrátiť porasty do ich prirodzeného stavu. Vytvoriť eko",Služby súvisiace s lesníctvom
3327494,lehota zhotovenia diela,"Predmetom zákazky je rekonštrukcia a modernizácia verejného osvetlenia v obci Vyhne.
Bližšie informácie ohľadom predmetu zákazky sú súčasťou súťažných podkladov.",Elektrotechnické inštalačné práce
3327617,Lehota výstavby v pracovných dňoch,Obnova verejného osvetlenia v obci Veľké Dvorníky.,Stavebné práce
3327721,Čas potrebný na realizáciu predmetu obstarávania (v dňoch),"Predmetom zákazky je vybudovanie areálu Gazdovský dvor slúžiaci ako prechodné ubytovanie, stravovanie, agroturistické služby a s tým súvisiace voľnočasové aktivity, ktoré sú v súlade s koncepciou sídla, ktoré nadobudne rekreač",Práce na kompletnej alebo čiastočnej stavbe a práce inžinierskych stavieb
3327815,"Lehota nástupu na servis, resp. odstránenie poruchy od nahlásenia v dňoch","Balenie TOP SEALING (alebo ekvivalent) s možnosťou balenia do ochrannej atmosféry, kapacita 20 - 26 bal/min. Bližšie v súťažných podkladoch.","Zariadenia na spracovanie potravín, nápojov a tabaku a ich súvisiace časti"
3327840,Lehota výstavby v dňoch,Rekonštrukcie miestneho cintorína v obci Lipovec - časť Urnový hájik. Podrobný opis predmetu zákazky je uvedený v časti B.1 Opis predmetu zákazky.,Terénne úpravy cintorínov
3327842,Lehota výstavby,Predmetom zákazky je rekonštrukcia a oprava maštale pre hovädzí dobytok. Podrobný opis predmetu zákazky je uvedený v súťažných podkladoch.,Stavebné práce na kravínoch
3327844,Lehota výstavby,Predmetom projektu je zlepšenie energetickej hospodárnosti budov - zateplenie obalových konštrukcií budovy obecného úradu a kultúrneho domu v obci Vajkovce. Podrobný opis predmetu zákazky je uvedený v súťažných podkladoch.,Stavebné práce na stavbe budov
3327859,Lehota realizácie,"Predmetom zákazky je výmena okien a dvier, zateplenie fasády a strechy kultúrneho domu. Súčasťou zákazky je i demontáž radiátorov a rozvodov a zrealizovanie nových rozvodov s novými vykurovacími telesami. Ďalšie podrobnosti sú u",Tepelnoizolačné práce
3327940,lehota zhotovenia diela,"Predmetom zákazky je modernizácia verejného osvetlenia v obci Modrany na Hl. komunikácie obce - cesta II. Triedy (č. ulice: 1) a na Obslužných komunikáciach (ulice bez názvu, č. ulíc: 2-17). Existujucu sustavu verejneho osvetlenia v o",Inštalovanie vonkajších osvetľovacích zariadení
3328098,Termín /lehota/  dodávky tovarov,"Technické vybavenie zriadenie viacúčelového ihriska s umelým trávnatým povrchom a mantinelmi s ochrannými sieťami bude slúžiť občanom na športové využitie.
Predmetom projekčného riešenia je realizácia multifunkčného ihrisk",Zariadenie ihrísk
3328098,Technické riešenie dodávky mantinelového systému,"Technické vybavenie zriadenie viacúčelového ihriska s umelým trávnatým povrchom a mantinelmi s ochrannými sieťami bude slúžiť občanom na športové využitie.
Predmetom projekčného riešenia je realizácia multifunkčného ihrisk",Zariadenie ihrísk
3328188,Lehota výstavby vyjadrená v celých kalendárnych  dňoch odo dňa odovzdania staveniska zhotoviteľovi,"Predmetom zákazky je realizácia stavebných prác spojených s výstavbou náhradných nájomných bytov na ulici Pri kríži, Mestská časť Bratislava Dúbravka v rozsahu a podľa podmienok a požiadaviek uvedených v projektovej dokumentá",Stavebné práce
3328319,Lehota uskutočnenia stavebných prác uvedená v celých kalendárnych dňoch,"Predmetom zákazky sú stavebné práce spočívajúce v úprave stavebných objektov na ustajnenie a výkrm hospodárskych zvierat v kontexte stavebných prác rozdelených podľa stavebných objektov.
V rámci realizácie projektu stavebných",Stavebné práce
3328375,Doba realizácie v dňoch,"Revitalizácia NKP hradiska s prepolím na Molpíri spočívajúca . Realizácii prvého a druhého nádvoria hradiska
(p.č.2091/1) a predpolie hradiska (1455/4). Územie tretieho nádvoria akropoly nie je predmetom riešenia, ponecháva sa v",Stavebné práce na objektoch historických pamiatok alebo pamätníkov
3328423,Lehota výstavby,"Predmetom zákazky je zriadenie viacúčelového ihriska rozmerov 18,0 x 33,0 m s umelým trávnatým povrchom a mantinelmi s ochrannými sieťami. Ihrisko bude slúžiť pre všetkých občanov obce.",Výkopové zemné práce a presun zemín
3328423,Technické riešenie dodávky mantinelového systému,"Predmetom zákazky je zriadenie viacúčelového ihriska rozmerov 18,0 x 33,0 m s umelým trávnatým povrchom a mantinelmi s ochrannými sieťami. Ihrisko bude slúžiť pre všetkých občanov obce.",Výkopové zemné práce a presun zemín
3328425,Lehota výstavby,"Predmetom zákazky je zriadenie viacúčelového ihriska rozmerov 18,0 x 33,0 m s umelým trávnatým povrchom a mantinelmi s ochrannými sieťami. Ihrisko bude slúžiť pre všetkých občanov obce.",Výkopové zemné práce a presun zemín
3328425,Technické riešenie dodávky mantinelového systému,"Predmetom zákazky je zriadenie viacúčelového ihriska rozmerov 18,0 x 33,0 m s umelým trávnatým povrchom a mantinelmi s ochrannými sieťami. Ihrisko bude slúžiť pre všetkých občanov obce.",Výkopové zemné práce a presun zemín
3328428,Lehota výstavby,"Predmetom zákazky je zriadenie viacúčelového ihriska rozmerov 18,0 x 33,0 m s umelým trávnatým povrchom a mantinelmi s ochrannými sieťami. Ihrisko bude slúžiť pre všetkých občanov obce.",Výkopové zemné práce a presun zemín
3328428,Technické riešenie dodávky mantinelového systému,"Predmetom zákazky je zriadenie viacúčelového ihriska rozmerov 18,0 x 33,0 m s umelým trávnatým povrchom a mantinelmi s ochrannými sieťami. Ihrisko bude slúžiť pre všetkých občanov obce.",Výkopové zemné práce a presun zemín
3328431,Lehota výstavby,"Predmetom zákazky je zriadenie viacúčelového ihriska rozmerov 18,0 x 33,0 m s umelým trávnatým povrchom a mantinelmi s ochrannými sieťami. Ihrisko bude slúžiť pre všetkých občanov obce.",Výkopové zemné práce a presun zemín
3328431,Technické riešenie dodávky mantinelového systému,"Predmetom zákazky je zriadenie viacúčelového ihriska rozmerov 18,0 x 33,0 m s umelým trávnatým povrchom a mantinelmi s ochrannými sieťami. Ihrisko bude slúžiť pre všetkých občanov obce.",Výkopové zemné práce a presun zemín
3328574,Lehota dodania tovaru,"Predmetom zákazky je podľa doloženého výkazu výmer interiérové a exteriérové vybavenie Hotela FIS Jasná**** v rámci projektu Modernizácia a do zariadenie jednotlivých prevádzok Hotela FIS Jasná****: 
oTechnické vybavenie a inte",Nábytok
3328579,Lehota dodania tovaru,"Nástrojársky sústruh s ručným a CNC riadením, max. kapacita 20"" x 60"" (508 x 1524mm), obežný priemer 20"" (508 mm), vektorový pohon 18 hp (13.4 kW) , 1800 ot./min., vreteno A2-6, intuitívny systém programovania, programová pamäť 1 M",Sústruhy
3328594,technické riešenie dodávky mantinelového systému,"Verejný obstarávateľ požaduje od uchádzača uskutočniť stavebné práce, realizáciu multifunkčného ihriska
o rozmere 40x20 m. + výbehy na bránky. Podrobnejšie je uvedené v časti B2: Opis predmetu zákazky súťažných podkladov.",Stavebné práce
3328594,lehota výstavby diela,"Verejný obstarávateľ požaduje od uchádzača uskutočniť stavebné práce, realizáciu multifunkčného ihriska
o rozmere 40x20 m. + výbehy na bránky. Podrobnejšie je uvedené v časti B2: Opis predmetu zákazky súťažných podkladov.",Stavebné práce
3328702,2. Počet stravovacích prevádzok pre určené ulice (počet),Predmetom zákazky je zabezpečenie služieb stravovania pre cca 420 zamestnancov Úradu pre dohľad nad zdravotnou starostlivosťou v súlade s ustanovením § 152 ods. 2 zákona č. 311/2001 Z. z. Zákonník práce v znení neskorších predpi,Služby hromadného stravovania
3328728,lehota výstavby,"Predmetom zákazky je zriadenie viacúčelového ihriska rozmerov 18,0 x 33,0 m s umelým trávnatým povrchom a mantinelmi s ochrannými sieťami. Ihrisko bude slúžiť pre všetkých občanov obce.",Stavebné práce
3328728,technické riešenie dodávky mantinelového systému,"Predmetom zákazky je zriadenie viacúčelového ihriska rozmerov 18,0 x 33,0 m s umelým trávnatým povrchom a mantinelmi s ochrannými sieťami. Ihrisko bude slúžiť pre všetkých občanov obce.",Stavebné práce
3328806,Percentuálna výška zľavy z cenníka kompletného ostatného sortimentu izolačných skiel,Dodávka izolačných skiel pre výrobu okien a dverí.,Diely s dvojsklom
3328828,Pozáručný servis a technická pomoc,"""Samotná ČOV je kompaktná plastová obdĺžníková nádrž, ktorá sa dovezie a osadí na podkladový betón, napojí sa kanalizácia /prítok a odtok/ a prívod vzduchu od dúchadla, výtlačné potrubie prebytočného kalu. Vyčistená odp",Stavebné práce
3328828,Lehota výstavby v dňoch,"""Samotná ČOV je kompaktná plastová obdĺžníková nádrž, ktorá sa dovezie a osadí na podkladový betón, napojí sa kanalizácia /prítok a odtok/ a prívod vzduchu od dúchadla, výtlačné potrubie prebytočného kalu. Vyčistená odp",Stavebné práce
3329063,2.Lehota výstavby v pracovných dňoch,"Uvažovaná plocha je v súčasnosti ako zatrávnená plocha prírodnej trávy. Investor uvažuje na danej ploche so zriadením viacúčelového ihriska rozmerov 18,0 x 33,0 m s umelým trávnatým povrchom a mantinelmi s ochrannými sieťami.Je",Stavebné práce
3329063,3.3.Technické riešenie dodávky mantinelového systému,"Uvažovaná plocha je v súčasnosti ako zatrávnená plocha prírodnej trávy. Investor uvažuje na danej ploche so zriadením viacúčelového ihriska rozmerov 18,0 x 33,0 m s umelým trávnatým povrchom a mantinelmi s ochrannými sieťami.Je",Stavebné práce
3329231,Čas nástupu na odstránenie poruchy od oznámenia poruchy (v hod.),Predmet zákazky pozostáva z dodania a inštalácie Automatického hlbokoťažného baliaceho stroja na vákuové balenie studených a horúcich výrobkov tofu.,Baliace stroje
3329231,Lehota dodania tovaru a uvedenia do činnosti (v dňoch),Predmet zákazky pozostáva z dodania a inštalácie Automatického hlbokoťažného baliaceho stroja na vákuové balenie studených a horúcich výrobkov tofu.,Baliace stroje
3329264,Lehota realizácie v dňoch,"Technická špecifikácia návrhu rekonštrukcie VO
Na základe technického stavu a prevádzkových nákladov sústavy, navrhujeme situáciu riešiť obnovou, rekonštrukciou svetelnej sústavy verejného osvetlenia VO.
Kategorizácia osvetľ",Inštalovanie osvetlenia ciest
3329266,Lehota výstavby v pracovných dňoch,"Uvažovaná plocha je v súčasnosti ako zatrávnená plocha prírodnej trávy. Investor uvažuje na danej ploche so zriadením viacúčelového ihriska rozmerov 18,0 x 33,0 m s umelým trávnatým povrchom a mantinelmi s ochrannými sieťami. J",Stavebné práce
3329266,Technické riešenie dodávky mantinelového systému,"Uvažovaná plocha je v súčasnosti ako zatrávnená plocha prírodnej trávy. Investor uvažuje na danej ploche so zriadením viacúčelového ihriska rozmerov 18,0 x 33,0 m s umelým trávnatým povrchom a mantinelmi s ochrannými sieťami. J",Stavebné práce
3329339,Maximálna lehota dodania predmetu zákazky (odo dňa nadobudnutia účinnosti kúpnej zmluvy vyjadrená v kalendárnych dňoch),"Predmetom zákazky je výber dodávateľa na dodanie minimálne 18 ks nových rovnakých osobných motorových vozidiel strednej triedy vo verzii sedan. Osobné motorové vozidlá musia byť v prvotriednej kvalite, so zabezpečeným záručným",Motorové vozidlá
3329339,Emisie CO2 (vyjadrené v g/km),"Predmetom zákazky je výber dodávateľa na dodanie minimálne 18 ks nových rovnakých osobných motorových vozidiel strednej triedy vo verzii sedan. Osobné motorové vozidlá musia byť v prvotriednej kvalite, so zabezpečeným záručným",Motorové vozidlá
3329339,"Spotreba paliva kombinovaná (podľa normy 99/100, vyjdrená v litroch /100 km)","Predmetom zákazky je výber dodávateľa na dodanie minimálne 18 ks nových rovnakých osobných motorových vozidiel strednej triedy vo verzii sedan. Osobné motorové vozidlá musia byť v prvotriednej kvalite, so zabezpečeným záručným",Motorové vozidlá
3329725,Celková výška poplatkov súvisiacich s dodávkou v EUR bez DPH za predpokladané 36 mesačné množstvo.,"Predmetom zákazky je dodávka medicinálnych, technických a špeciálnych plynov v sortimente a objemoch špecifikovaných v časti B. Opis predmetu zákazky, súťažných podkladov, vrátane ich dodávky do miesta plnenia a vrátane nájmu t",Lekárske plyny
3329759,Lehota výstavby,Stavebné úpravy na objekte sa budú týkať výmeny drevených okien a hliníkových dverí za plastové okná a dvere. Na objekte sa zrealizuje zateplenie muriva doskami z polystyrénu hr. 60 mm a silikónová fasáda hr. 2mm. Vo vnútri obje,Stavebné práce na objektoch polyfunkčných budov
3330272,lehota výstavby(uviesť časový interval v dňoch),"Pôvodných 88 svietidiel bude vymenených za nové (niektoré presunuté na existujúce stožiare NN kde doteraz svietidlá neboli). 
Na splnenie podmienok daných normou STN EN 13201 bude sústava doplnená o nové svetelné miesta na betóno",Inštalovanie vonkajších osvetľovacích zariadení
3330277,Lehota dodania kompletného predmetu zákazky vyjadrená v kalendárnych dňoch odo dňa prevzatia staveniska,Predmetom zákazky je rekonštrukcia verejného osvetlenia v meste Modrý Kameň v súlade s projektovou dokumentáciou nachádzajúcou sa v prílohe č. 3 súťažných podkladov a v súlade s požiadavkami na predmet zákazky podrobne opísan,Stavebno-inštalačné práce
3330301,2. Hodinová spotreba elektrickej energie,"Predmetom zákazky je modernizácia a rekonštrukcia verejného osvetlenia. Bližšie špecifikované
v súťažných podkladoch.",Inštalovanie vonkajších osvetľovacích zariadení
3330301,3. Lehota realizácie,"Predmetom zákazky je modernizácia a rekonštrukcia verejného osvetlenia. Bližšie špecifikované
v súťažných podkladoch.",Inštalovanie vonkajších osvetľovacích zariadení
3330302,Výška poistky pre ochranu predmetu zákazky,"POZOR: Verejné obstarávanie sa uskutočňuje systémom EVO (elektronické verejné obstarávanie) postupom podľa § 51 ods. 2 ZVO. V tejto súvislosti verejný obstarávateľ neposkytuje súťažné podklady uchádzačom v papierovej forme, a",Filmové služby a videoslužby
3330315,Lehota výstavby v kalendárnych dňoch počítaná odo dňa odovzdania staveniska zhotoviteľovi,Predmetom zákazky je rekonštrukcia verejného osvetlenia v obci Pakostov.,Inštalovanie vonkajších osvetľovacích zariadení
3330415,Počet kalendárnych dní realizácie stavebných prác  odo dňa prevzatia staveniska.,V lesných pozemkoch Urbáru Terchová v katastrálnom území obce Terchová došlo roku 2014 k rozsiahlym povodňovým škodám. Predmetná stavba napomáha k odstránení týchto škôd a k prevencii pred ich opakovaním. Skladá sa z piatich,Stavebné práce
3330516,lehota   realizácie   prác,"Cieľom predmetu zákazky je rekonštrukcia a modernizácia verejného osvetlenia obce Krásnohorská Dlhá Lúka podľa vypracovanej svetlo - technickej štúdie tak, aby sa dosiahli úspory elektrickej energie za podmienok splnenia normami sta",Inštalovanie osvetľovacích a signalizačných systémov
3330537,Lehota realizácie,V rámci sanácie nelegálnych skládok je potrebné odviezť a uskladniť na skládke odpadov nelegálne uložený odpad a na vyčistenú plochu je potrebné navoziť ornicu a celú plochu zatrávniť. Ďalšie podrobnosti sú uvedené v projek,Výkopové zemné práce a presun zemín
3330539,Lehota realizácie,"Predmetom stavebných úprav II. etapy sú priestory pôvodného kina. V súčasných priestoroch je okrem sály a javiska vstupný priestor, sociálne zariadenia, kuchynka a na druhom podlaží premietacia kabína a balkón. Pôvodná kinosála",Stavebné práce na stavbe budov
3330662,Lehota realizácie v dňoch,"Predmet obstarávania pozostáva z nasledovných súborov:

SO-01 Výkrm ošípaných
SO-02 Sklad objemových krmív
SO 04 Kravin K 174

Podrobný opis prác, ktoré je potrebné vykonať je v projektovej dokumentácii s výkazom výmer, k",Stavebné práce na kravínoch
3330732,Lehota výstavby,"Predmetom zákazky je rekonštrukcia budovy školy na ul. T.Vansovej v Prievidzi. Podrobný popis predmetu zákazky je v projektovej dokumentácii, ktorá tvorí prílohu súťažných podkladov.",Stavebné práce na objektoch stredných škôl
3330747,Percento falošných poplachov,Zariadenia na detekčnú kontrolu výbušnín (ETD Explosive Trace Detektor) pre potreby Letiska M. R. Štefánika v Bratislave v počte 5 ks.,Systém na detekciu výbušnín
3330747,Rýchlosť detekcie,Zariadenia na detekčnú kontrolu výbušnín (ETD Explosive Trace Detektor) pre potreby Letiska M. R. Štefánika v Bratislave v počte 5 ks.,Systém na detekciu výbušnín
3330747,Rýchlosť čistenia po detekcii nebezpečnej látky,Zariadenia na detekčnú kontrolu výbušnín (ETD Explosive Trace Detektor) pre potreby Letiska M. R. Štefánika v Bratislave v počte 5 ks.,Systém na detekciu výbušnín
3330756,Lehota zhotovenia diela v kalendárnych dňoch počítaná odo dňa odovzdania staveniska zhotoviteľovi,Predmetom zákazky je rekonštrukcia verejného osvetlenia v obci Konrádovce,Inštalovanie vonkajších osvetľovacích zariadení
3330758,Lehota zhotovenia diela v kalendárnych dňoch počítaná odo dňa odovzdania staveniska zhotoviteľovi,Predmetom zákazky je rekonštrukcia verejného osvetlenia v obci Remetské Hámre.,Inštalovanie vonkajších osvetľovacích zariadení
3330873,Percento falošných poplachov,Zariadenie na detekčnú kontrolu výbušnín (ETD Explosive Trace Detektor) pre potreby kontroly CARGO na Letisku M. R. Štefánika v Bratislave v počte 1 ks.,Systém na detekciu výbušnín
3330873,Rýchlosť detekcie,Zariadenie na detekčnú kontrolu výbušnín (ETD Explosive Trace Detektor) pre potreby kontroly CARGO na Letisku M. R. Štefánika v Bratislave v počte 1 ks.,Systém na detekciu výbušnín
3330873,Rýchlosť čistenia po detekcii nebezpečnej látky,Zariadenie na detekčnú kontrolu výbušnín (ETD Explosive Trace Detektor) pre potreby kontroly CARGO na Letisku M. R. Štefánika v Bratislave v počte 1 ks.,Systém na detekciu výbušnín
3330888,Lehota dodania v dňoch,Predmetom zákazky je rekonštrukcia a zateplenie budovy materskej školy.,Stavebné práce na stavbe budov materských škôl
3330961,Lehota dodania kompletného predmetu zákazky vyjadrená v kalendárnych dňoch odo dňa prevzatia staveniska,Predmetom zákazky je rekonštrukcia verejného osvetlenia v obci Hajnáčka v súlade s projektovou dokumentáciou nachádzajúcou sa v prílohe č. 3 súťažných podkladov a v súlade s požiadavkami na predmet zákazky podrobne opísanými,Stavebno-inštalačné práce
3331053,Lehota zhotovenia stavby v kalendárnych dňoch odo dňa odovzdania a prevzatia staveniska zhotoviteľovi,"Predmetom zákazky je obnova verejného osvetlenia v obci Šišov. Zámerom verejného obstarávateľa je v rámci modernizácie vybudovanie nového, moderného, technicky a ekonomicky efektívneho verejného osvetlenia obce, ktoré bude v plnom",Elektrotechnické inštalačné práce
3331130,lehota výstavby,"Predmetom zákazky je zriadenie viacúčelového ihriska rozmerov 18,0 x 33,0 m s umelým trávnatým povrchom a mantinelmi s ochrannými sieťami. Ihrisko bude slúžiť pre všetkých žiakov základnej školy.",Výkopové zemné práce a presun zemín
3331130,technické riešenie  dodávky mantinelového systému,"Predmetom zákazky je zriadenie viacúčelového ihriska rozmerov 18,0 x 33,0 m s umelým trávnatým povrchom a mantinelmi s ochrannými sieťami. Ihrisko bude slúžiť pre všetkých žiakov základnej školy.",Výkopové zemné práce a presun zemín
3331411,lehota   realizácie   prác,"Projekt rieši zmenu využitia objektu na nízkokapacitné ubytovacie zariadenie. Objekt je 3 podlažný s využívaným novým podkrovným priestorom. Tvoria ho 2 nadzemné podlažia a 1 podzemné podlažie, z ktorého 2NP so strechou je novost",Stavebné práce na stavbe budov
3331425,Lehota realizácie,"Poľné cesty 2 P8 4.0/30, 11 P8 4.0/30, 24 P8 4.0/30",Práce na údržbe ciest
3331430,lehota výstavby vyjadrená v kalendárnych dňoch,Predmetom tohto projektu je obnova verejného osvetlenia v obci Karná za svietidlá s nižšou energetickou náročnosťou. Zníženie energetickej náročnosti prispeje aj k zníženiu nákladov na spotrebu elektrickej energie a množstva emis,Stavebno-inštalačné práce
3331469,Lehota zhotovenia stavby v kalendárnych dňoch odo dňa odovzdania a prevzatia staveniska zhotoviteľovi,"Predmetom zákazky je obnova verejného osvetlenia v obci Malé Hoste. Zámerom verejného obstarávateľa je v rámci modernizácie vybudovanie nového, moderného, technicky a ekonomicky efektívneho verejného osvetlenia obce, ktoré bude v p",Elektrotechnické inštalačné práce
3331471,lehota zhotovenia diela,"Jedná sa o dostavbu, dovybavenie, rozšírenie a realizáciu zberného dvora, kt. zahŕňa zemné a výkopové práce, betónové spevnené plochy, výroba a montáž kovových konštrukcií, inžinierske siete, oplotenie, dodávka a osadenie p",Stavebné práce na stavbách skládok odpadu
3331478,Lehota zhotovenia diela,"Predmetom zákazky je rekonštrukcia fasádnych výplní otvorov na východnej časti objektu Základnej školy Pukanec. Výplne otvorov exteriéru ako okenné tak aj dverné sú pôvodné, boli osadené počas výstavby ZŠ začiatkom osemdesia",Budovy školiacich zariadení
3331486,Lehota realizácie,"Predmetom zákazky je rekonštrukcia osvetľovacej sústavy vybraných ulíc mesta Nemšová. Podrobný popis predmetu
zákazky je súčasťou súťažných podkladov.",Inštalovanie osvetlenia ciest
3331553,Lehota výstavby,"Predmetom zákazky je zriadenie viacúčelového ihriska rozmerov 18,0 x 33,0 m s umelým trávnatým povrchom a mantinelmi s ochrannými sieťami. Ihrisko bude slúžiť pre všetkých občanov obce.",Výkopové zemné práce a presun zemín
3331553,Technické riešenie dodávky mantinelového systému,"Predmetom zákazky je zriadenie viacúčelového ihriska rozmerov 18,0 x 33,0 m s umelým trávnatým povrchom a mantinelmi s ochrannými sieťami. Ihrisko bude slúžiť pre všetkých občanov obce.",Výkopové zemné práce a presun zemín
3331718,Čas potrebný na realizáciu predmetu obstarávania (v dňoch),"Modernizácia sociálnych zariadení na izbách, apartmánoch a spoločných toaletách s dôrazom na funkčné, hygienické a estetické požiadavky, tak aby vhodne zapadli do daného prostredia. Výmena starých toaliet, umývadiel, sprchovýc",Stavebné práce na stavbe budov
3331721,Čas potrebný na realizáciu predmetu obstarávania (v dňoch),"Adrenalínová veža s príslušnými prevádzkovými atraktivitami bude objekt hlavného zábavného adrenalínového centra areálu, s priamou prevádzkovou väzbou na existujúce objekty areálu. Výsledná architektonická hmota bude pyramí",Stavebné práce na stavbe zariadení pre voľný čas
3331843,Lehota dodania v kalendarnych dnoch,Predmetom zákazky je modernizácia verejného osvetlenia v obci Bzince pod Javorinou. Bližšia špecifikácia zákazky je uvedená v súťažných podkladoch.,Elektroinštalačné práce
3331936,lehota výstavby,"Predmetom zákazky je zriadenie viacúčelového ihriska rozmerov 18,0 x 33,0 m s umelým trávnatým povrchom a mantinelmi s ochrannými sieťami. Ihrisko bude slúžiť pre všetkých občanov obce.",Výkopové zemné práce a presun zemín
3331936,technické riešenie dodávky mantinelového systému,"Predmetom zákazky je zriadenie viacúčelového ihriska rozmerov 18,0 x 33,0 m s umelým trávnatým povrchom a mantinelmi s ochrannými sieťami. Ihrisko bude slúžiť pre všetkých občanov obce.",Výkopové zemné práce a presun zemín
3332048,Lehota výstavby v pracovných dňoch,Modernizácia verejného osvetlenia v obci Hubice,Stavebné práce
3332074,Lehota výstavby v pracovných dňoch,Obnova verejného osvetlenia v obci Trenčianske Mitice,Stavebné práce
3332155,Lehota realizácie,Predmetom zákazky je modernizácia verejného osvetlenia v meste Šurany. V rámci modernizácie verejného osvetlenia bude súčasných 298 svietidiel demontovaných a budú nahradené novými LED svietidlami. Ďalšie podrobnosti sú uvedené,Inštalovanie osvetlenia ciest
3332219,Najnizsia lehota dodania predmetu obstaravania v kalendarych dnoch,Dodávka technológie pivovaru,Zariadenia na priemyselnú prípravu alebo výrobu potravín alebo nápojov
3332223,Lehota dodania,"Predmetom zákazky je obstaranie technológie na pozberovú úpravu a skladovanie poľnohospodárskych komodít + stavebnomontážne práce podľa podrobnej technickej špecifikácie, ktorá je súčasťou súťažných podkladov.",Špeciálne mechanizmy pre poľnohospodárstvo alebo lesníctvo
3332231,Najnizsia lehota dodania predmetu obstaravania v kalendarych dnoch,"Montovaná hala, ktorá bude prístavbou skladovej haly SO 02 v areáli COFFEA TRAKOVICE",Stavebné práce
3332348,Lehota dodania tovaru v kalendárnych dňoch,"Predmetom zákazky je šesťosý CNC sústruh s kompletným príslušenstvom.
Podrobný opis uvedený v súťažných podkladoch.",CNC sústruhy
3332362,lehota výstavby,"Predmetom zákazky je zriadenie viacúčelového ihriska rozmerov 18,0 x 33,0 m s umelým trávnatým povrchom a mantinelmi s ochrannými sieťami. Ihrisko bude slúžiť pre všetkých občanov mesta.",Výkopové zemné práce a presun zemín
3332362,technické riešenie dodávky mantinelového systému,"Predmetom zákazky je zriadenie viacúčelového ihriska rozmerov 18,0 x 33,0 m s umelým trávnatým povrchom a mantinelmi s ochrannými sieťami. Ihrisko bude slúžiť pre všetkých občanov mesta.",Výkopové zemné práce a presun zemín
3332450,Hodinová sadzba za opravy,"Predmetom zákazky je poskytnutie služby, a to vykonávanie servisnej činnosti (údržby a technických prehliadok) a opráv stavebnej a technologickej časti stavby: Cesta I/11 Čadca obchvat mesta I. etapa, technologická časť tunela Horel",Údržba dopravných návestí
3332461,Lehota poskytnutia služby - dodania predmetu obstarávania v kalendárnych dňoch,"Predmetom zákazky je vypracovanie a dodávka realizačnej projektovej dokumentácie na stavbu - Rekonštrukcia tepelného hospodárstva a zariadení VZT Nemocnice s poliklinikou Brezno, n.o., a to výkon inžinierskej činnosti pre projektovú","Architektonické, stavebné, inžinierske a inšpekčné služby"
3332476,Lehota výstavby (celé kalendárne dni odo dňa odovzdania staveniska zhotoviteľovi),"Územie sprístupňované navrhovanou lesnou cestou patrí do lesnej oblasti Nízke Tatry, Kozie chrbty (č. LO 46). Navrhovaná lesná cesta Stanišová sa napája na existujúcu dolinovú lesnú cestu typu 2L 4,5/30, ktorá vyúsťuje z doliny",Inžinierske práce a stavebné práce
3332550,technické riešenie dodávky mantinelového systému,"Predmetom zákazky je zriadenie viacúčelového ihriska rozmerov 18,0 x 33,0 m s umelým trávnatým povrchom a mantinelmi s ochrannými sieťami. Ihrisko bude slúžiť pre všetkých občanov obce.",Výkopové zemné práce a presun zemín
3332550,termín/lehota/ výstavby diela,"Predmetom zákazky je zriadenie viacúčelového ihriska rozmerov 18,0 x 33,0 m s umelým trávnatým povrchom a mantinelmi s ochrannými sieťami. Ihrisko bude slúžiť pre všetkých občanov obce.",Výkopové zemné práce a presun zemín
3332554,technické riešenie mantinelového systému,"Predmetom zákazky je zriadenie viacúčelového ihriska rozmerov 18,0 x 33,0 m s umelým trávnatým povrchom a mantinelmi s ochrannými sieťami. Ihrisko bude slúžiť pre všetkých občanov obce.",Výkopové zemné práce a presun zemín
3332554,termín /lehota/ výstavby diela,"Predmetom zákazky je zriadenie viacúčelového ihriska rozmerov 18,0 x 33,0 m s umelým trávnatým povrchom a mantinelmi s ochrannými sieťami. Ihrisko bude slúžiť pre všetkých občanov obce.",Výkopové zemné práce a presun zemín
3332555,technické riešenie dodávky mantinelového systému,"Predmetom zákazky je zriadenie viacúčelového ihriska rozmerov 18,0 x 33,0 m s umelým trávnatým povrchom a mantinelmi s ochrannými sieťami. Ihrisko bude slúžiť pre všetkých občanov obce.",Výkopové zemné práce a presun zemín
3332555,termín/lehota/ výstavby diela,"Predmetom zákazky je zriadenie viacúčelového ihriska rozmerov 18,0 x 33,0 m s umelým trávnatým povrchom a mantinelmi s ochrannými sieťami. Ihrisko bude slúžiť pre všetkých občanov obce.",Výkopové zemné práce a presun zemín
3332558,technické riešenie dodávky mantinelového systému,"Predmetom zákazky je zriadenie viacúčelového ihriska rozmerov 18,0 x 33,0 m s umelým trávnatým povrchom a mantinelmi s ochrannými sieťami. Ihrisko bude slúžiť pre všetkých občanov obce.",Výkopové zemné práce a presun zemín
3332558,termín/lehota/ výstavby diela,"Predmetom zákazky je zriadenie viacúčelového ihriska rozmerov 18,0 x 33,0 m s umelým trávnatým povrchom a mantinelmi s ochrannými sieťami. Ihrisko bude slúžiť pre všetkých občanov obce.",Výkopové zemné práce a presun zemín
3332561,technické riešenie dodávky mantinelového systému,"Predmetom zákazky je zriadenie viacúčelového ihriska rozmerov 18,0 x 33,0 m s umelým trávnatým povrchom a mantinelmi s ochrannými sieťami. Ihrisko bude slúžiť pre všetkých občanov obce.",Výkopové zemné práce a presun zemín
3332561,termín/lehota/ výstavby diela,"Predmetom zákazky je zriadenie viacúčelového ihriska rozmerov 18,0 x 33,0 m s umelým trávnatým povrchom a mantinelmi s ochrannými sieťami. Ihrisko bude slúžiť pre všetkých občanov obce.",Výkopové zemné práce a presun zemín
3332563,technické riešenie dodávky mantinelového systému,"Predmetom zákazky je zriadenie viacúčelového ihriska rozmerov 18,0 x 36,0 m s umelým trávnatým povrchom a mantinelmi s ochrannými sieťami. Ihrisko bude slúžiť pre všetkých občanov obce.",Výkopové zemné práce a presun zemín
3332563,termín/lehota/ výstavby diela,"Predmetom zákazky je zriadenie viacúčelového ihriska rozmerov 18,0 x 36,0 m s umelým trávnatým povrchom a mantinelmi s ochrannými sieťami. Ihrisko bude slúžiť pre všetkých občanov obce.",Výkopové zemné práce a presun zemín
3332567,technické riešenie dodávky mantinelového systému,"Predmetom zákazky je zriadenie viacúčelového ihriska rozmerov 18,0 x 33,0 m s umelým trávnatým povrchom a mantinelmi s ochrannými sieťami. Ihrisko bude slúžiť pre všetkých občanov mesta.",Výkopové zemné práce a presun zemín
3332567,termín/lehota/ výstavby diela,"Predmetom zákazky je zriadenie viacúčelového ihriska rozmerov 18,0 x 33,0 m s umelým trávnatým povrchom a mantinelmi s ochrannými sieťami. Ihrisko bude slúžiť pre všetkých občanov mesta.",Výkopové zemné práce a presun zemín
3332569,technické riešenie dodávky mantinelového systému,"Predmetom zákazky je zriadenie viacúčelového ihriska rozmerov 18,0 x 33,0 m s umelým trávnatým povrchom a mantinelmi s ochrannými sieťami. Ihrisko bude slúžiť pre všetkých občanov obce.",Výkopové zemné práce a presun zemín
3332569,termín/lehota/ výstavby diela,"Predmetom zákazky je zriadenie viacúčelového ihriska rozmerov 18,0 x 33,0 m s umelým trávnatým povrchom a mantinelmi s ochrannými sieťami. Ihrisko bude slúžiť pre všetkých občanov obce.",Výkopové zemné práce a presun zemín
3332572,technické riešenie dodávky mantinelového systému,"Predmetom zákazky je zriadenie viacúčelového ihriska rozmerov 20,0 x 40,0 m s umelým trávnatým povrchom a mantinelmi s ochrannými sieťami. Ihrisko bude slúžiť pre všetkých občanov obce.",Výkopové zemné práce a presun zemín
3332572,termín/lehota/ výstavby diela,"Predmetom zákazky je zriadenie viacúčelového ihriska rozmerov 20,0 x 40,0 m s umelým trávnatým povrchom a mantinelmi s ochrannými sieťami. Ihrisko bude slúžiť pre všetkých občanov obce.",Výkopové zemné práce a presun zemín
3332576,technické riešenie dodávky mantinelového systému,"Predmetom zákazky je zriadenie viacúčelového ihriska rozmerov 20,0 x 40,0 m s umelým trávnatým povrchom a mantinelmi s ochrannými sieťami. Ihrisko bude slúžiť pre všetkých občanov obce.",Výkopové zemné práce a presun zemín
3332576,termín/lehota/ výstavby diela,"Predmetom zákazky je zriadenie viacúčelového ihriska rozmerov 20,0 x 40,0 m s umelým trávnatým povrchom a mantinelmi s ochrannými sieťami. Ihrisko bude slúžiť pre všetkých občanov obce.",Výkopové zemné práce a presun zemín
3332587,technické riešenie mantinelového systému,". Predmetom zákazky je zriadenie viacúčelového ihriska rozmerov 18,0 x 33,0 m s umelým trávnatým povrchom a mantinelmi s ochrannými sieťami. Ihrisko bude slúžiť pre všetkých občanov obce.",Výkopové zemné práce a presun zemín
3332587,termín /lehota/ výstavby diela,". Predmetom zákazky je zriadenie viacúčelového ihriska rozmerov 18,0 x 33,0 m s umelým trávnatým povrchom a mantinelmi s ochrannými sieťami. Ihrisko bude slúžiť pre všetkých občanov obce.",Výkopové zemné práce a presun zemín
3332599,Technické riešenie dodávky mantinelového systému,"Predmetom zákazky je zriadenie viacúčelového ihriska rozmerov 18,0 x 33,0 m s umelým trávnatým povrchom a mantinelmi s ochrannými sieťami. Ihrisko bude slúžiť pre všetkých občanov obce.",Výkopové zemné práce a presun zemín
3332599,Termín/lehota/ výstavby diela,"Predmetom zákazky je zriadenie viacúčelového ihriska rozmerov 18,0 x 33,0 m s umelým trávnatým povrchom a mantinelmi s ochrannými sieťami. Ihrisko bude slúžiť pre všetkých občanov obce.",Výkopové zemné práce a presun zemín
3332601,technické riešenie mantinelového systému,"Predmetom zákazky je zriadenie viacúčelového ihriska rozmerov 18,0 x 33,0 m s umelým trávnatým povrchom a mantinelmi s ochrannými sieťami. Ihrisko bude slúžiť pre všetkých občanov obce.",Výkopové zemné práce a presun zemín
3332601,termín /lehota/ výstavby diela,"Predmetom zákazky je zriadenie viacúčelového ihriska rozmerov 18,0 x 33,0 m s umelým trávnatým povrchom a mantinelmi s ochrannými sieťami. Ihrisko bude slúžiť pre všetkých občanov obce.",Výkopové zemné práce a presun zemín
3332612,termín dodania predmetu zákazky vyjadrený v kalendárnych dňoch,Predmetom zákazky je modernizácia a rekonštrukcia verejného osvetlenia v meste Brezová pod Bradlom. Bližšie špecifikované v časti B.1 súťažných podkladov.,Inštalovanie vonkajších osvetľovacích zariadení
3332612,príkon sústavy v kW v 100% prevádzkovom režime,Predmetom zákazky je modernizácia a rekonštrukcia verejného osvetlenia v meste Brezová pod Bradlom. Bližšie špecifikované v časti B.1 súťažných podkladov.,Inštalovanie vonkajších osvetľovacích zariadení
3332615,Lehota dodania tovaru,"Predmet obstarávania pozostáva z nasledovných súborov:

SO 03 Interiéry apartmánov

Podrobný opis predmetu obstarávania je špecifikovaný v prílohe SP s výkazmi nábytku a zariadenia. Ponuku je potrebné vypracovať podľa prilož",Rozličný nábytok
3332618,Lehota dodania tovaru,"Predmet obstarávania pozostáva z nasledovných súborov:

1.5.1 Interiéry apartmánov
1.5.2 Interiéry Bistro a spoločenská miestnosť spolu s Lobby bar

Podrobný opis predmetu obstarávania je špecifikovaný v prílohe SP s výkazmi",Nábytok do vstupných hál a recepcií
3332626,Lehota dodania tovaru,"Predmet obstarávania pozostáva z nasledovných súborov:

2.4 Interiéry apartmánov - výkaz výmer

Podrobný opis predmetu obstarávania je špecifikovaný v prílohe SP s výkazmi nábytku a zariadenia. Ponuku je potrebné vypracovať",Rozličný nábytok
3332647,Lehota realizácie v dňoch,"Predmet obstarávania pozostáva z nasledovných súborov: 

2.1 SO 01 Súbor apartmánových domov
2.2 SO 02 Súbor apartmánových domov
2.3 SO 04 Súbor apartmánových domov


Podrobný opis prác, ktoré je potrebné vykonať je v pr","Stavebné práce na stavbe budov pre voľný čas, šport, kultúru, ubytovanie a reštauračné stravovanie"
3332670,Lehota kompletného zhotovenie diela [počet dní],"Predmetom zákazky je modernizácia školských priestorov na ulici Komenského v Bardejove, ktoré boli pridelené Obchodnej akadémii v Bardejove zriaďovateľom VÚC Prešov za účelom dislokácie školskej prevádzky do týchto priestorov.",Stavebné práce
3332676,čas potrebný na nástup na odstránenie závad v reklamačnom období v dňoch,"Jedná sa o nadstavbu nad jestvujúce prízemné hospodárske priestory MŠ, výsledkom ktorej vzniknú nové priestory, ktoré zabezpečia rozšírenie kapacity MŠ o 20 25 detí. Vytvorí sa trieda so samostatnou spálňou, herňou a šatňou",Stavebné práce na stavbe budov materských škôl
3332784,technické riešenie mantinelového systému,"Predmetom zákazky je zriadenie viacúčelového ihriska rozmerov 18,0 x 33,0 m s umelým trávnatým povrchom a mantinelmi s ochrannými sieťami. Ihrisko bude slúžiť pre všetkých občanov obce.",Výkopové zemné práce a presun zemín
3332784,termín /lehota/ výstavby diela,"Predmetom zákazky je zriadenie viacúčelového ihriska rozmerov 18,0 x 33,0 m s umelým trávnatým povrchom a mantinelmi s ochrannými sieťami. Ihrisko bude slúžiť pre všetkých občanov obce.",Výkopové zemné práce a presun zemín
3332788,technické riešenie mantinelového systému,"Predmetom zákazky je zriadenie viacúčelového ihriska rozmerov 18,0 x 33,0 m s umelým trávnatým povrchom a mantinelmi s ochrannými sieťami. Ihrisko bude slúžiť pre všetkých občanov obce.",Výkopové zemné práce a presun zemín
3332788,termín /lehota/ výstavby diela,"Predmetom zákazky je zriadenie viacúčelového ihriska rozmerov 18,0 x 33,0 m s umelým trávnatým povrchom a mantinelmi s ochrannými sieťami. Ihrisko bude slúžiť pre všetkých občanov obce.",Výkopové zemné práce a presun zemín
3332791,Nástup na servis,"Sústružnícke centrum CNC s príslušenstvom v rozsahu: 
- Vreteno 
- Protivreteno 
- Upínanie nástrojov 
- Pojazdy 
Príslušenstvo v minimálnom rozsahu: 
- Dopravník triesok 
- Podávač tyčoviny 
- Rozhranie (interface) 
- Set",Číslicovo riadené kovoobrábacie stroje
3332791,Dodacia lehota,"Sústružnícke centrum CNC s príslušenstvom v rozsahu: 
- Vreteno 
- Protivreteno 
- Upínanie nástrojov 
- Pojazdy 
Príslušenstvo v minimálnom rozsahu: 
- Dopravník triesok 
- Podávač tyčoviny 
- Rozhranie (interface) 
- Set",Číslicovo riadené kovoobrábacie stroje
3332796,Kritérium č. 2 zľava z  katalógu tovaru uchádzača,"Predmetom obstarávania je dodávka kancelárskych potrieb pre všetky pracoviská verejného obstarávateľa v SR 
Súčasťou predmetu zákazky musia byť nasledovné služby:
- doprava predmetu zákazky na miesta plnenia 
- odosielanie obj",Kancelárske potreby
3332859,Lehota dodania v kalendárnych dňoch,Predmetom zákazky je modernizácia osvetlenia v obci Raková. Bližšia špecifikácia zákazky je uvedená v súťažných podkladoch.,Elektroinštalačné práce
3332879,Lehota dodania,Predmetom zákazky sú stavebné práce na vybudovanie podzemných inžinierských sietí vodovodu v obci Marianka - ulica Borinská.,Stavebné práce na stavbe potrubných vedení vody a kanalizácie
3333008,Garantovaná doba nástupu na neodkladnú opravu hasiacich prístrojov a hydrantov v,"Predmetom verejného obstarávania je poskytovanie služieb v oblasti pravidelných kontrol, opráv a tlakových skúšok hasiacich prístrojov, vykonávanie pravidelných kontrol a opráv zariadení na dodávku vody na hasenie požiarov a tlako",Opravy a údržba protipožiarnych zariadení
3333015,Lehota realizácie v dňoch,"Jedná sa o výstavbu troch predajní rovnakého typu. Na každú predajňu bude totožný projekt s rôznym miestom umiestnenia stavby: 

Predajňa pekárenských výrobkov, Spišská Nová Ves
Predajňa pekárenských výrobkov, Poprad
Pre",Stavebné práce na budovách obchodov
3333098,nastavenie korekcie náklonu rezu,"Predmetom zákazky je kúpa, inštalácia, sprevádzkovanie novej, nepoužitej linky na záverečné spracovanie pravouhlých etikiet, ktoré zahŕňa automatické rezanie a automatické páskovanie, a to vrátane kompletného zaškolenia pracov",Rôzne špeciálne strojové zariadenia
3333098,lehota dodania,"Predmetom zákazky je kúpa, inštalácia, sprevádzkovanie novej, nepoužitej linky na záverečné spracovanie pravouhlých etikiet, ktoré zahŕňa automatické rezanie a automatické páskovanie, a to vrátane kompletného zaškolenia pracov",Rôzne špeciálne strojové zariadenia
3333098,rýchlosť zariadenia,"Predmetom zákazky je kúpa, inštalácia, sprevádzkovanie novej, nepoužitej linky na záverečné spracovanie pravouhlých etikiet, ktoré zahŕňa automatické rezanie a automatické páskovanie, a to vrátane kompletného zaškolenia pracov",Rôzne špeciálne strojové zariadenia
3333115,Kapacita drvenia - frakcia 0-8 mm,"Predmetom zákazky je obstaranie drviaceho zariadenia s plánovanou cieľovou výrobnou kapacitou drvenia 20 t/hod., pričom zariadenie musí umožňovať reguláciu výstupnej granulometrie zeolitu v intervale výstupných frakcií od 0-1 mm do",Drviče
3333115,Kapacita drvenia - frakcia 0-1 mm,"Predmetom zákazky je obstaranie drviaceho zariadenia s plánovanou cieľovou výrobnou kapacitou drvenia 20 t/hod., pričom zariadenie musí umožňovať reguláciu výstupnej granulometrie zeolitu v intervale výstupných frakcií od 0-1 mm do",Drviče
3333115,Veľkosť priestoru na inštaláciu,"Predmetom zákazky je obstaranie drviaceho zariadenia s plánovanou cieľovou výrobnou kapacitou drvenia 20 t/hod., pričom zariadenie musí umožňovať reguláciu výstupnej granulometrie zeolitu v intervale výstupných frakcií od 0-1 mm do",Drviče
3333115,Špecifický príkon (merná spotreba elektrickej energie) pri výstupe - frakcia 0-8 mm,"Predmetom zákazky je obstaranie drviaceho zariadenia s plánovanou cieľovou výrobnou kapacitou drvenia 20 t/hod., pričom zariadenie musí umožňovať reguláciu výstupnej granulometrie zeolitu v intervale výstupných frakcií od 0-1 mm do",Drviče
3333115,Hodinová zúčtovacia sadzba servisného zásahu,"Predmetom zákazky je obstaranie drviaceho zariadenia s plánovanou cieľovou výrobnou kapacitou drvenia 20 t/hod., pričom zariadenie musí umožňovať reguláciu výstupnej granulometrie zeolitu v intervale výstupných frakcií od 0-1 mm do",Drviče
3333115,Rýchlosť servisného zásahu,"Predmetom zákazky je obstaranie drviaceho zariadenia s plánovanou cieľovou výrobnou kapacitou drvenia 20 t/hod., pričom zariadenie musí umožňovať reguláciu výstupnej granulometrie zeolitu v intervale výstupných frakcií od 0-1 mm do",Drviče
3333138,čítacie zariadenie: Lineárny dynamický rozsah aspoň 5 rádov,"Digital PCR workstation / Laboratórna stanica pre digitálnu PCR kompletné laboratórne zariadenie pre prípravu amplikónov digitálnou polymerázovou reťazovou reakciou, ktorá je zdokonalenejšou formou konvenčnej a real-time PCR, v smere",Stroje a prístroje s individuálnymi funkciami
3333138,"Riadiaca jednotka, ovládací a vyhodnocovací softvér: Ovládací a vyhodnocovací software musia umožňovať neobmedzené množstvo inštalácií","Digital PCR workstation / Laboratórna stanica pre digitálnu PCR kompletné laboratórne zariadenie pre prípravu amplikónov digitálnou polymerázovou reťazovou reakciou, ktorá je zdokonalenejšou formou konvenčnej a real-time PCR, v smere",Stroje a prístroje s individuálnymi funkciami
3333138,Vyhodnocovací software: Absolútna kvantifikácia počtu kópií DNA,"Digital PCR workstation / Laboratórna stanica pre digitálnu PCR kompletné laboratórne zariadenie pre prípravu amplikónov digitálnou polymerázovou reťazovou reakciou, ktorá je zdokonalenejšou formou konvenčnej a real-time PCR, v smere",Stroje a prístroje s individuálnymi funkciami
3333138,vyhodnocovací software: Detekcia variácie počtu kópií,"Digital PCR workstation / Laboratórna stanica pre digitálnu PCR kompletné laboratórne zariadenie pre prípravu amplikónov digitálnou polymerázovou reťazovou reakciou, ktorá je zdokonalenejšou formou konvenčnej a real-time PCR, v smere",Stroje a prístroje s individuálnymi funkciami
3333138,vyhodnocovací software: Detekcia vzácne sa vyskytujúcich sekvencií/ detekcia vzácnych mutácií,"Digital PCR workstation / Laboratórna stanica pre digitálnu PCR kompletné laboratórne zariadenie pre prípravu amplikónov digitálnou polymerázovou reťazovou reakciou, ktorá je zdokonalenejšou formou konvenčnej a real-time PCR, v smere",Stroje a prístroje s individuálnymi funkciami
3333138,vyhodnocovací software: Analýza génovej expresie,"Digital PCR workstation / Laboratórna stanica pre digitálnu PCR kompletné laboratórne zariadenie pre prípravu amplikónov digitálnou polymerázovou reťazovou reakciou, ktorá je zdokonalenejšou formou konvenčnej a real-time PCR, v smere",Stroje a prístroje s individuálnymi funkciami
3333138,vyhodnocovací software: Kvantifikácia vzoriek a knižníc pre sekvenovanie novej generácie (NGS),"Digital PCR workstation / Laboratórna stanica pre digitálnu PCR kompletné laboratórne zariadenie pre prípravu amplikónov digitálnou polymerázovou reťazovou reakciou, ktorá je zdokonalenejšou formou konvenčnej a real-time PCR, v smere",Stroje a prístroje s individuálnymi funkciami
3333138,Inštalácia prístroja kvalifikovaným personálom u verejného obstarávateľa,"Digital PCR workstation / Laboratórna stanica pre digitálnu PCR kompletné laboratórne zariadenie pre prípravu amplikónov digitálnou polymerázovou reťazovou reakciou, ktorá je zdokonalenejšou formou konvenčnej a real-time PCR, v smere",Stroje a prístroje s individuálnymi funkciami
3333138,Odborné zaškolenie personálu u verejného obstarávateľa,"Digital PCR workstation / Laboratórna stanica pre digitálnu PCR kompletné laboratórne zariadenie pre prípravu amplikónov digitálnou polymerázovou reťazovou reakciou, ktorá je zdokonalenejšou formou konvenčnej a real-time PCR, v smere",Stroje a prístroje s individuálnymi funkciami
3333138,"V prípade potreby zabezpečenie školenia v školiacom stredisku alebo na pracovisku, kde je rovnaký prístroj inštalovaný a rutinne sa používa","Digital PCR workstation / Laboratórna stanica pre digitálnu PCR kompletné laboratórne zariadenie pre prípravu amplikónov digitálnou polymerázovou reťazovou reakciou, ktorá je zdokonalenejšou formou konvenčnej a real-time PCR, v smere",Stroje a prístroje s individuálnymi funkciami
3333138,Dodávka inštalačných kitov a spotrebného materiálu pre prvotnú inštaláciu prístroja,"Digital PCR workstation / Laboratórna stanica pre digitálnu PCR kompletné laboratórne zariadenie pre prípravu amplikónov digitálnou polymerázovou reťazovou reakciou, ktorá je zdokonalenejšou formou konvenčnej a real-time PCR, v smere",Stroje a prístroje s individuálnymi funkciami
3333138,Dodávka inštalačných kitov a spotrebného materiálu pre prvotnú inštaláciu prístroja,"Digital PCR workstation / Laboratórna stanica pre digitálnu PCR kompletné laboratórne zariadenie pre prípravu amplikónov digitálnou polymerázovou reťazovou reakciou, ktorá je zdokonalenejšou formou konvenčnej a real-time PCR, v smere",Stroje a prístroje s individuálnymi funkciami
3333138,Technická a aplikačná podpora po dobu najmenej štyroch rokov od uskutočnenia dodávky,"Digital PCR workstation / Laboratórna stanica pre digitálnu PCR kompletné laboratórne zariadenie pre prípravu amplikónov digitálnou polymerázovou reťazovou reakciou, ktorá je zdokonalenejšou formou konvenčnej a real-time PCR, v smere",Stroje a prístroje s individuálnymi funkciami
3333138,Real-time PCR systémy: Modulárny systém s Peltier PCR blokom s vyhrievaným vekom s možnosťou jednoduchej výmeny reakčných blokov,"Digital PCR workstation / Laboratórna stanica pre digitálnu PCR kompletné laboratórne zariadenie pre prípravu amplikónov digitálnou polymerázovou reťazovou reakciou, ktorá je zdokonalenejšou formou konvenčnej a real-time PCR, v smere",Stroje a prístroje s individuálnymi funkciami
3333138,"Formát 96-jamkovej doštičky s termálnym blokom, ktorý umožňuje maximálnu teplotnú homogenitu 96-jamkovej doštičky","Digital PCR workstation / Laboratórna stanica pre digitálnu PCR kompletné laboratórne zariadenie pre prípravu amplikónov digitálnou polymerázovou reťazovou reakciou, ktorá je zdokonalenejšou formou konvenčnej a real-time PCR, v smere",Stroje a prístroje s individuálnymi funkciami
3333138,"Otvorený systém pre používané plasty a reagencie, vrátane možnosti používať platničku alebo samostatné stripy s vrchnáčikmi","Digital PCR workstation / Laboratórna stanica pre digitálnu PCR kompletné laboratórne zariadenie pre prípravu amplikónov digitálnou polymerázovou reťazovou reakciou, ktorá je zdokonalenejšou formou konvenčnej a real-time PCR, v smere",Stroje a prístroje s individuálnymi funkciami
3333138,Celkový teplotný rozsah v rozmedzí aspoň 4-100°C s možnosťou chladenia po ukončení analýzy,"Digital PCR workstation / Laboratórna stanica pre digitálnu PCR kompletné laboratórne zariadenie pre prípravu amplikónov digitálnou polymerázovou reťazovou reakciou, ktorá je zdokonalenejšou formou konvenčnej a real-time PCR, v smere",Stroje a prístroje s individuálnymi funkciami
3333138,Reakčný objem v rozmedzí minimálne 5-50l,"Digital PCR workstation / Laboratórna stanica pre digitálnu PCR kompletné laboratórne zariadenie pre prípravu amplikónov digitálnou polymerázovou reťazovou reakciou, ktorá je zdokonalenejšou formou konvenčnej a real-time PCR, v smere",Stroje a prístroje s individuálnymi funkciami
3333138,Termálny gradient s možnosťou optimalizácie protokolu v rozpätí aspoň 30-100°C a rýchlosťou zahrievania a chladenia termobloku v rozmedzí aspoň 3-5°C/sekundu,"Digital PCR workstation / Laboratórna stanica pre digitálnu PCR kompletné laboratórne zariadenie pre prípravu amplikónov digitálnou polymerázovou reťazovou reakciou, ktorá je zdokonalenejšou formou konvenčnej a real-time PCR, v smere",Stroje a prístroje s individuálnymi funkciami
3333138,Možnosť multiplexného merania s aspoň 5-filtrový systém s minimálnym prekrytím farebných spektier,"Digital PCR workstation / Laboratórna stanica pre digitálnu PCR kompletné laboratórne zariadenie pre prípravu amplikónov digitálnou polymerázovou reťazovou reakciou, ktorá je zdokonalenejšou formou konvenčnej a real-time PCR, v smere",Stroje a prístroje s individuálnymi funkciami
3333138,Excitačné rozmedzie: minimálne 450-680nm,"Digital PCR workstation / Laboratórna stanica pre digitálnu PCR kompletné laboratórne zariadenie pre prípravu amplikónov digitálnou polymerázovou reťazovou reakciou, ktorá je zdokonalenejšou formou konvenčnej a real-time PCR, v smere",Stroje a prístroje s individuálnymi funkciami
3333138,Detekčné rozmedzie: minimálne 515-730nm,"Digital PCR workstation / Laboratórna stanica pre digitálnu PCR kompletné laboratórne zariadenie pre prípravu amplikónov digitálnou polymerázovou reťazovou reakciou, ktorá je zdokonalenejšou formou konvenčnej a real-time PCR, v smere",Stroje a prístroje s individuálnymi funkciami
3333138,Detekčný limit 1 - 10 kópií genomickej nukleovej kyseliny a dynamický rozsah aspoň 10 rádov,"Digital PCR workstation / Laboratórna stanica pre digitálnu PCR kompletné laboratórne zariadenie pre prípravu amplikónov digitálnou polymerázovou reťazovou reakciou, ktorá je zdokonalenejšou formou konvenčnej a real-time PCR, v smere",Stroje a prístroje s individuálnymi funkciami
3333138,Ovládanie a programovanie cez dotykovú obrazovku prístroja pre rýchle a jednoduché nastavenie aplikačného softvéru,"Digital PCR workstation / Laboratórna stanica pre digitálnu PCR kompletné laboratórne zariadenie pre prípravu amplikónov digitálnou polymerázovou reťazovou reakciou, ktorá je zdokonalenejšou formou konvenčnej a real-time PCR, v smere",Stroje a prístroje s individuálnymi funkciami
3333138,Vyhodnocovací softvér s možnosťou inštalácie aj na iných PC paralelne,"Digital PCR workstation / Laboratórna stanica pre digitálnu PCR kompletné laboratórne zariadenie pre prípravu amplikónov digitálnou polymerázovou reťazovou reakciou, ktorá je zdokonalenejšou formou konvenčnej a real-time PCR, v smere",Stroje a prístroje s individuálnymi funkciami
3333138,Softvér zariadenia s automatickým algoritmom pre korekciu optimalizovanej základnej krivky pre každú jamku a farbičku,"Digital PCR workstation / Laboratórna stanica pre digitálnu PCR kompletné laboratórne zariadenie pre prípravu amplikónov digitálnou polymerázovou reťazovou reakciou, ktorá je zdokonalenejšou formou konvenčnej a real-time PCR, v smere",Stroje a prístroje s individuálnymi funkciami
3333138,Možnosť nastavenia merania fluorescencie real-time v rôznych krokoch amplifikácie,"Digital PCR workstation / Laboratórna stanica pre digitálnu PCR kompletné laboratórne zariadenie pre prípravu amplikónov digitálnou polymerázovou reťazovou reakciou, ktorá je zdokonalenejšou formou konvenčnej a real-time PCR, v smere",Stroje a prístroje s individuálnymi funkciami
3333138,"Možnosť zobrazenia amplifikačných kriviek a zároveň tabuľkových výsledkov súčasne na obrazovke, bez nutnosti prepínania aktívnych okien softvéru z dôvodu efektívnej a rýchlej kontroly amplifikačných kriviek veľkého počtu vyšetrovaných vzoriek","Digital PCR workstation / Laboratórna stanica pre digitálnu PCR kompletné laboratórne zariadenie pre prípravu amplikónov digitálnou polymerázovou reťazovou reakciou, ktorá je zdokonalenejšou formou konvenčnej a real-time PCR, v smere",Stroje a prístroje s individuálnymi funkciami
3333138,"Možnosť exportu dát priamo do *.ppt , *.bmp, *.txt, *.xls, *.xml formátov","Digital PCR workstation / Laboratórna stanica pre digitálnu PCR kompletné laboratórne zariadenie pre prípravu amplikónov digitálnou polymerázovou reťazovou reakciou, ktorá je zdokonalenejšou formou konvenčnej a real-time PCR, v smere",Stroje a prístroje s individuálnymi funkciami
3333138,"Inštalácia prístroja kvalifikovaným personálom u verejného obstarávateľa a odborné zaškolenie personálu u verejného obstarávateľa, technická a aplikačná podpora po dobu najmenej štyroch rokov od uskutočnenia dodávky","Digital PCR workstation / Laboratórna stanica pre digitálnu PCR kompletné laboratórne zariadenie pre prípravu amplikónov digitálnou polymerázovou reťazovou reakciou, ktorá je zdokonalenejšou formou konvenčnej a real-time PCR, v smere",Stroje a prístroje s individuálnymi funkciami
3333138,čítacie zariadenie: Kapacita odčítania od 1 do 96 vzoriek s platformou PCR platničky,"Digital PCR workstation / Laboratórna stanica pre digitálnu PCR kompletné laboratórne zariadenie pre prípravu amplikónov digitálnou polymerázovou reťazovou reakciou, ktorá je zdokonalenejšou formou konvenčnej a real-time PCR, v smere",Stroje a prístroje s individuálnymi funkciami
3333138,čítacie zariadenie: Fluorescenčný detektor aspoň 2-kanálový (FAM/HEX),"Digital PCR workstation / Laboratórna stanica pre digitálnu PCR kompletné laboratórne zariadenie pre prípravu amplikónov digitálnou polymerázovou reťazovou reakciou, ktorá je zdokonalenejšou formou konvenčnej a real-time PCR, v smere",Stroje a prístroje s individuálnymi funkciami
3333138,čítacie zariadenie: Schopnosť detekcie hydrolyzačných prób a zároveň interkalačných fabričiek,"Digital PCR workstation / Laboratórna stanica pre digitálnu PCR kompletné laboratórne zariadenie pre prípravu amplikónov digitálnou polymerázovou reťazovou reakciou, ktorá je zdokonalenejšou formou konvenčnej a real-time PCR, v smere",Stroje a prístroje s individuálnymi funkciami
3333138,čítacie zariadenie: Presnosť odčítania aspoň 10%,"Digital PCR workstation / Laboratórna stanica pre digitálnu PCR kompletné laboratórne zariadenie pre prípravu amplikónov digitálnou polymerázovou reťazovou reakciou, ktorá je zdokonalenejšou formou konvenčnej a real-time PCR, v smere",Stroje a prístroje s individuálnymi funkciami
3333138,Aplikačný a vyhodnocovací software: Integrovaný softvér na záznam a archiváciu dát s možnosťou ukladania dát na pamäťový chip v prístroji,"Digital PCR workstation / Laboratórna stanica pre digitálnu PCR kompletné laboratórne zariadenie pre prípravu amplikónov digitálnou polymerázovou reťazovou reakciou, ktorá je zdokonalenejšou formou konvenčnej a real-time PCR, v smere",Stroje a prístroje s individuálnymi funkciami
3333138,generátor mikrokvapiek: Počet mikrokvapiek aspoň 20 000/ na 20 l vzorky,"Digital PCR workstation / Laboratórna stanica pre digitálnu PCR kompletné laboratórne zariadenie pre prípravu amplikónov digitálnou polymerázovou reťazovou reakciou, ktorá je zdokonalenejšou formou konvenčnej a real-time PCR, v smere",Stroje a prístroje s individuálnymi funkciami
3333138,generátor mikrokvapiek: Veľkosť mikrokvapiek do 1 nl,"Digital PCR workstation / Laboratórna stanica pre digitálnu PCR kompletné laboratórne zariadenie pre prípravu amplikónov digitálnou polymerázovou reťazovou reakciou, ktorá je zdokonalenejšou formou konvenčnej a real-time PCR, v smere",Stroje a prístroje s individuálnymi funkciami
3333138,súčasti systému: Riadiaca jednotka s ovládacím a vyhodnocovacím softvérom,"Digital PCR workstation / Laboratórna stanica pre digitálnu PCR kompletné laboratórne zariadenie pre prípravu amplikónov digitálnou polymerázovou reťazovou reakciou, ktorá je zdokonalenejšou formou konvenčnej a real-time PCR, v smere",Stroje a prístroje s individuálnymi funkciami
3333138,"laboratórna stanica pre digitálnu PCR: Otvorený systém pre použitie reagencií, fluorescenčných prób, interkalačných farbičiek","Digital PCR workstation / Laboratórna stanica pre digitálnu PCR kompletné laboratórne zariadenie pre prípravu amplikónov digitálnou polymerázovou reťazovou reakciou, ktorá je zdokonalenejšou formou konvenčnej a real-time PCR, v smere",Stroje a prístroje s individuálnymi funkciami
3333138,generátor mikrokvapiek:Tvorba kvapiek v mikrolfuidných zásobníkoch s kapacitou aspoň 8 vzoriek,"Digital PCR workstation / Laboratórna stanica pre digitálnu PCR kompletné laboratórne zariadenie pre prípravu amplikónov digitálnou polymerázovou reťazovou reakciou, ktorá je zdokonalenejšou formou konvenčnej a real-time PCR, v smere",Stroje a prístroje s individuálnymi funkciami
3333138,súčasti systému: Emulzný generátor kvapiek,"Digital PCR workstation / Laboratórna stanica pre digitálnu PCR kompletné laboratórne zariadenie pre prípravu amplikónov digitálnou polymerázovou reťazovou reakciou, ktorá je zdokonalenejšou formou konvenčnej a real-time PCR, v smere",Stroje a prístroje s individuálnymi funkciami
3333138,súčasti systému: Analyzátor / čítačka pre digitálnu analýzu vzoriek,"Digital PCR workstation / Laboratórna stanica pre digitálnu PCR kompletné laboratórne zariadenie pre prípravu amplikónov digitálnou polymerázovou reťazovou reakciou, ktorá je zdokonalenejšou formou konvenčnej a real-time PCR, v smere",Stroje a prístroje s individuálnymi funkciami
3333181,lehota zhotovenia diela,"Predmetom zákazky je rekonštrukcia strešného plášťa a jeho nosného systému, ale najmä rekonštrukcia a výmena stropných nosných prvkov objektu školy. Neuskutočnením týchto stavebných prác môže viesť k vzniku havarijného st",Budovy školiacich zariadení
3333185,Lehota zhotovenia diela v kalendárnych dňoch počítaná odo dňa odovzdania staveniska zhotoviteľovi,Predmetom zákazky je rekonštrukcia verejného osvetlenia v obci Litmanová,Inštalovanie vonkajších osvetľovacích zariadení
3333187,Lehota zhotovenia diela v kalendárnych dňoch počítaná odo dňa odovzdania staveniska zhotoviteľovi,Predmetom zákazky je rekonštrukcia verejného osvetlenia v obci Kamenná Poruba,Inštalovanie vonkajších osvetľovacích zariadení
3333240,technické riešenie mantinelového systému,"Predmetom zákazky je zriadenie viacúčelového ihriska rozmerov 18,0 x 33,0 m s umelým trávnatým povrchom a mantinelmi s ochrannými sieťami. Ihrisko bude slúžiť pre všetkých občanov obce.",Výkopové zemné práce a presun zemín
3333240,termín /lehota/ výstavby diela,"Predmetom zákazky je zriadenie viacúčelového ihriska rozmerov 18,0 x 33,0 m s umelým trávnatým povrchom a mantinelmi s ochrannými sieťami. Ihrisko bude slúžiť pre všetkých občanov obce.",Výkopové zemné práce a presun zemín
3333241,technické riešenie mantinelového systému,"Predmetom zákazky je zriadenie viacúčelového ihriska rozmerov 18,0 x 33,0 m s umelým trávnatým povrchom a mantinelmi s ochrannými sieťami. Ihrisko bude slúžiť pre všetkých občanov obce.",Výkopové zemné práce a presun zemín
3333241,termín /lehota/ výstavby diela,"Predmetom zákazky je zriadenie viacúčelového ihriska rozmerov 18,0 x 33,0 m s umelým trávnatým povrchom a mantinelmi s ochrannými sieťami. Ihrisko bude slúžiť pre všetkých občanov obce.",Výkopové zemné práce a presun zemín
3333247,technické riešenie mantinelového systému,"Predmetom zákazky je zriadenie viacúčelového ihriska rozmerov 20,0 x 40,0 m s umelým trávnatým povrchom a mantinelmi s ochrannými sieťami. Ihrisko bude slúžiť pre všetkých občanov obce.",Výkopové zemné práce a presun zemín
3333247,termín /lehota/ výstavby diela,"Predmetom zákazky je zriadenie viacúčelového ihriska rozmerov 20,0 x 40,0 m s umelým trávnatým povrchom a mantinelmi s ochrannými sieťami. Ihrisko bude slúžiť pre všetkých občanov obce.",Výkopové zemné práce a presun zemín
3333251,technické riešenie mantinelového systému,"Predmetom zákazky je zriadenie viacúčelového ihriska rozmerov 18,0 x 33,0 m s umelým trávnatým povrchom a mantinelmi s ochrannými sieťami. Ihrisko bude slúžiť pre všetkých občanov obce.",Výkopové zemné práce a presun zemín
3333251,termín /lehota/ výstavby diela,"Predmetom zákazky je zriadenie viacúčelového ihriska rozmerov 18,0 x 33,0 m s umelým trávnatým povrchom a mantinelmi s ochrannými sieťami. Ihrisko bude slúžiť pre všetkých občanov obce.",Výkopové zemné práce a presun zemín
3333262,technické riešenie mantinelového systému,"Predmetom zákazky je zriadenie viacúčelového ihriska rozmerov 18,0 x 33,0 m s umelým trávnatým povrchom a mantinelmi s ochrannými sieťami. Ihrisko bude slúžiť pre všetkých občanov obce.",Výkopové zemné práce a presun zemín
3333262,termín /lehota/ výstavby diela,"Predmetom zákazky je zriadenie viacúčelového ihriska rozmerov 18,0 x 33,0 m s umelým trávnatým povrchom a mantinelmi s ochrannými sieťami. Ihrisko bude slúžiť pre všetkých občanov obce.",Výkopové zemné práce a presun zemín
3333550,Pozáručný servis a technická pomoc,"Predmetom zákazky je rekonštrukcia lesnej cesty. Podrobný opis predmetu zákazky je uvedený v projektovej dokumentácii, ktorá je súčasťou súťažných podkladov.",Stavebné práce na stavbe vedľajších ciest
3333550,Lehota výstavby v kalendárnych dňoch,"Predmetom zákazky je rekonštrukcia lesnej cesty. Podrobný opis predmetu zákazky je uvedený v projektovej dokumentácii, ktorá je súčasťou súťažných podkladov.",Stavebné práce na stavbe vedľajších ciest
3333918,Lehota na realizáciu diela,"Verejný obstarávateľ požaduje od uchádzača uskutočniť stavebné práce v rámci projektu Modernizácia verejného
osvetlenia v obci Vysoká nad Kysucou v rozsahu výkazu výmer a svetelnotechnickej štúdie.",Inštalovanie osvetlenia ciest
3333918,Cana za dodanie stavebných prác,"Verejný obstarávateľ požaduje od uchádzača uskutočniť stavebné práce v rámci projektu Modernizácia verejného
osvetlenia v obci Vysoká nad Kysucou v rozsahu výkazu výmer a svetelnotechnickej štúdie.",Inštalovanie osvetlenia ciest
3334060,Hlučnosť kotla,"Verejný obstarávateľ požaduje opravu starého existujúceho tepelného zdroja, resp. jeho náhradu novým tepelným zdrojom pre ústredné kúrenie a pre ohrev TÚV pri zachovaní min. doterajšej tepelnej pohody v uvedených objektoch areá",Stavebné práce
3334060,"Emisné zaťaženie ( CO, NOx, tuhé látky a iné, súčet hodnôt)","Verejný obstarávateľ požaduje opravu starého existujúceho tepelného zdroja, resp. jeho náhradu novým tepelným zdrojom pre ústredné kúrenie a pre ohrev TÚV pri zachovaní min. doterajšej tepelnej pohody v uvedených objektoch areá",Stavebné práce
3334068,Počet kalendárnych dní realizácie stavebných prác  odo dňa prevzatia staveniska.,"Juhovýchodnú časť extravilánu obce Skároš tvorí kopcovitý terén s lesnými porastmi.
Ide o lesy, ktoré patria pod správu Štátnych lesov, š. p. a o lesy ktoré patria súkromným
vlastníkom združeným v Lesnom pozemkovom spolo",Stavebné práce
3334080,Lehota realizácie,Výstavba protipožiarnej nádrže a rekonštrukcia prístupovej cesty LH INOVEC s.r.o. Bližšie informácie sú uvedené v súťažných podkladoch.,Práce na oprave ciest
3334259,lehota výstavby vyjadrená v kalendárnych dňoch,"Projekt rieši:
- Verejné osvetlenie obce Košarovce
- Výmenu svietidiel
- Návrh nového rozvádzača RVO
- Výmenu vzdušných vedení VO",Stavebno-inštalačné práce
3334315,Lehota výstavby,"Predmetom zákazky je vy budovanie poľnej cesty v katastri obce Kanianka pri priehrade. Podrobný popis
predmetu zákazky je v projektovej dokumentácii, ktorá tvorí prílohu súťažných podkladov.",Stavebné práce na výstavbe ciest
3334318,Lehota výstaby v kalendárnych dňoch počítaná odo dňa odovzdania staveniska zhotoviteľovi,Predmetom zákazky je rekonštrukcia verejného osvetlenia v obci Hokovce.,Inštalovanie vonkajších osvetľovacích zariadení
3334329,Lehota kompletného zhotovenie diela [počet dní],Predmetom zákazky je výmena pôvodných drevených zdvojených okien na objekte bloku A v nových priestoroch Obchodnej akadémie na ulici Komenského v Bardejove. Vzhľadom na ich nevyhovujúci technický stav ako aj neopraviteľné poškoden,Stavebné práce
3334513,Lehota výstavby,V rámci sanácie nelegálnych skládok je potrebné odviezť a uskladniť na skládke odpadov 3 990 m3 odpadu a na vyčistenú plochu je potrebné naviezť ornicu a celú plochu cca 3 400 m 2 zatrávniť. Ďalšie podrobnosti sú uvedené v pro,Výkopové zemné práce a presun zemín
3335216,Lehota realizácie,"Verejný obstarávateľ od uchádzačov požaduje vypracovanie realizačnej projektovej dokumentácie riešenia integrovaného bezpečnostného kamerového systému, vypracovanie bezpečnostného projektu a bezpečnostnej smernice, inžiniersku",Inštalovanie zariadení na monitorovanie dopravy
3335269,Čas potrebný na realizáciu predmetu obstarávania (v dňoch),"Predmetom zákazky je vybudovanie siete IP kamier s prenosovou sústavou signálu a obslužným pracoviskom s príslušným hardvérovým a softvérovým vybavením, ktoré zabezpečia kontinuálne monitorovanie a záznam z exponovaných lokalí",Iné elektroinštalačné práce
3335269,Čas nástupu na odstránenie poruchy od oznámenia poruchy (v hod.),"Predmetom zákazky je vybudovanie siete IP kamier s prenosovou sústavou signálu a obslužným pracoviskom s príslušným hardvérovým a softvérovým vybavením, ktoré zabezpečia kontinuálne monitorovanie a záznam z exponovaných lokalí",Iné elektroinštalačné práce
3335273,Čas potrebný na realizáciu predmetu obstarávania (v dňoch),"Predmetom zákazky je vybudovanie siete IP kamier s prenosovou sústavou signálu a obslužným pracoviskom s príslušným hardvérovým a softvérovým vybavením, ktoré zabezpečia kontinuálne monitorovanie a záznam z exponovaných lokalí",Iné elektroinštalačné práce
3335273,Čas nástupu na odstránenie poruchy od oznámenia poruchy (v hod.),"Predmetom zákazky je vybudovanie siete IP kamier s prenosovou sústavou signálu a obslužným pracoviskom s príslušným hardvérovým a softvérovým vybavením, ktoré zabezpečia kontinuálne monitorovanie a záznam z exponovaných lokalí",Iné elektroinštalačné práce
3335278,Čas potrebný na realizáciu predmetu obstarávania (v dňoch),"Predmetom zákazky je vybudovanie siete IP kamier s prenosovou sústavou signálu a obslužným pracoviskom s príslušným hardvérovým a softvérovým vybavením, ktoré zabezpečia kontinuálne monitorovanie a záznam z exponovaných lokalí",Iné elektroinštalačné práce
3335278,Čas nástupu na odstránenie poruchy od oznámenia poruchy (v hod.),"Predmetom zákazky je vybudovanie siete IP kamier s prenosovou sústavou signálu a obslužným pracoviskom s príslušným hardvérovým a softvérovým vybavením, ktoré zabezpečia kontinuálne monitorovanie a záznam z exponovaných lokalí",Iné elektroinštalačné práce
3335289,Lehota na poskytnutie služby,Predmetom zákazky je zavedenie nových informačno - komunikačných technológií v obci Kaľava. Podrobný opis predmetu zákazky je uvedený v súťažných podkladoch.,Služby týkajúce sa zálohovania počítačov a úpravy počítačov podľa katalógu
3335366,Lehota realizácie,"Obstaráva sa prístavba modulovej budovy škôlky v nadväznosti na existujúci objekt. Modulová prístavba bude jednopodlažná montovaná skladačka, napojená na existujúce inžinierske siete.",Stavebné práce na stavbe budov materských škôl
3335540,Dĺžka praxe v školskom stravovaní,"A)V školskom roku 2015/2016 sa jedná o zriadenie výdajnej školskej jedálne v zrekonštruovaných priestoroch Evanjelickej spojenej školy, na ulici Škultétyho, na parcele 753/2 v katastrálnom území mesta Martin.
Dodávateľ zabezpeč",Školské stravovanie
3335540,Referencie,"A)V školskom roku 2015/2016 sa jedná o zriadenie výdajnej školskej jedálne v zrekonštruovaných priestoroch Evanjelickej spojenej školy, na ulici Škultétyho, na parcele 753/2 v katastrálnom území mesta Martin.
Dodávateľ zabezpeč",Školské stravovanie
3335704,Lehota výstavby v kalendárnych dňoch,"Predmetom zákazky je rekonštrukcia a modernizácia odovzdávacej stanice tepla (OST) - odstránenie havárie OST v budove Ministerstva práce, sociálnych vecí a rodiny Slovenskej republiky. Stavebné práce v zmysle projektovej dokumentácie",Stavebné práce
3335882,Hodnotiace kritérium A:  Odplata za všetky služby súvisiace s dodaním letenky podľa požiadavky verejného obstarávateľa uvedená v eurách,Predmetom zákazky je zabezpečenie leteniek a služieb súvisiacich s leteckou prepravou osôb pri zahraničných a tuzemských pracovných cestách na základe aktuálnych požiadaviek verejného obstarávateľa. Verejný obstarávateľ požad,Letecké a súvisiace služby
3335905,Hmotnosť umelej trávy kg/m2,"Predmetom zákazky je uskutočnenie stavebných prác pod názvom Multifunkčné ihrisko s povrchom z umelej trávy, v súlade a v rozsahu schválenej projektovej dokumentácie stavby. Výstavba multifunkčného ihriska s povrchom z umelej tráv",Stavebné práce
3335905,Hodnota DTex ponúkanej trávy,"Predmetom zákazky je uskutočnenie stavebných prác pod názvom Multifunkčné ihrisko s povrchom z umelej trávy, v súlade a v rozsahu schválenej projektovej dokumentácie stavby. Výstavba multifunkčného ihriska s povrchom z umelej tráv",Stavebné práce
3336059,Princíp metódy - ELISA metóda,"Diagnostická súprava určená na detekciu patologického priónového proteínu u hovädzieho dobytka a malých prežúvavcov (ovce, kozy) schválená na rýchle testovanie v rámci monitoringu TSE v Slovenskej republike v súlade s platnou le",Diagnostické súpravy
3336059,Formát testu umožňujúci vyšetrovanie vzoriek v malých skupinách (maximálne 8 vzoriek v jednom testovacom cykle),"Diagnostická súprava určená na detekciu patologického priónového proteínu u hovädzieho dobytka a malých prežúvavcov (ovce, kozy) schválená na rýchle testovanie v rámci monitoringu TSE v Slovenskej republike v súlade s platnou le",Diagnostické súpravy
3336059,"Diagnostická súprava určená na detekciu patologického priónového proteínu u hovädzieho dobytka a malých prežúvavcov (ovce, kozy) v súlade s platnou legislatívou (NARIADENIE EURÓPSKEHO PARLAMENTU A RADY (ES) č. 999/2001 z 22. mája 2001, ktorou sa stanovujú pravidlá prevencie, kontroly a eradikácie niektorých prenosných spongiformných encefalopatií)","Diagnostická súprava určená na detekciu patologického priónového proteínu u hovädzieho dobytka a malých prežúvavcov (ovce, kozy) schválená na rýchle testovanie v rámci monitoringu TSE v Slovenskej republike v súlade s platnou le",Diagnostické súpravy
3336063,Zľava z originálnych náhr. dielov Škoda,"Záväzok dodávateľa počas trvania rámcovej dohody (4 roky) na základe objednávok pre jednotlivé roky, dodávať objednávateľovi pre jeho flotilu vozidiel nasledujúce služby: vykonávanie servisných prehliadok motorových vozidiel v",Oprava a údržba osobných motorových vozidiel
3336067,Lehota výstavby (celé kalendárne dni odo dňa odovzdania staveniska zhotoviteľovi),"Predmetom zákazky je výstavba odvoznej a prístupovej protipožiarnej lesnej cesty triedy 2 L 4,5/30. Sprístupňované lesné pozemky tvoria územie predstavujúce juhovýchodný breh vodnej nádrže Liptovská Mara s lesným porastom. Lokali",Inžinierske práce a stavebné práce
3336350,Lehota realizácie diela,"Rekonštrukcia vstupných priestorov rektorátu UCM v Trnave:
Rekonštrukcia vstupných priestorov rektorátu. Projekt má za úlohu vybudovať nový vstup pre študentov a zamestnancov univerzity do jedálne tak, aby spĺňal požiadavky inves",Stavebné práce na stavbe budov súvisiacich so vzdelávaním a výskumom
3336361,Lehota dodania vyjadrená v kalendárnych dňoch,"1.Zateplenie fasády
2.Predmetom stavebných prác bude aj demontáž jestvujúcej krytiny a latovania a montáž novej doplnkovej hydroizolačnej vrstvy, kontralát, debnenia a novej plechovej strešnej krytiny. Strešná krytina bude z lakopl",Stavebné práce
3336501,Lehota na začatie poskytnutia služby/tovarov od termínu predloženej objednávky (vyjadrená v počte dní),"Výsadba(podsadba, sadba)
Ochrana MLP proti zveri
Ochrana MLP proti burine
Výsek drevín a krov
Uhadzovanie haluziny
Prečistky
Príprava pôdy pre prirodzené zmladenie a podsejbu",Služby súvisiace s lesníctvom
3336604,Lehota výstavby,"Predmetom zákazky je realizácia výstavby kanalizácie a ČOV v obci Zlatná na Ostrove
.",Inštalácia a pokládka kanalizačných potrubí
3336645,Lehota dodania tovaru v kalendárnych dňoch,"Predmetom obstarávania je nákup technologického celku skladajúceho sa zo 6 základných častí:
1. Frézovacie a vŕtacie CNC centrum
2. Etážový lis
3. Lepička na dyhu
4. Formátovacia píla
5. Olepovačka 45°
6. Delenie dyhy",Obrábacie centrá (strediská)
3336648,Lehota výstavby v dňoch,Predmetom zákazky je výstavba kanalizačnej siete v obci Kútniky v rozsahu spracovanej projektovej dokumentácie a výkazu výmer,Inštalácia a pokládka kanalizačných potrubí
3336754,Lehota dodania v kalendárnych dňoch,Predmetom zákazky je modernizácia osvetlenia v obci Strečno. Bližšia špecifikácia zákazky je uvedená v súťažných podkladoch.,Elektroinštalačné práce
3336757,Lehota dodania v kalendárnych dňoch,Predmetom zákazky je modernizácia osvetlenia v obci Dolná Tížina. Bližšia špecifikácia predmetu zákazky je uvedená v súťažných podkladoch.,Inštalovanie vonkajších osvetľovacích zariadení
3336761,Lehota dodania v kalendarnych dnoch,Predmetom zakazky je modernizacia osvetlenia v obci Petrovice. Blizsia specifikacia predmetu zakazky je uvedena v sutaznych podkladoch.,Inštalovanie vonkajších osvetľovacích zariadení
3337152,Počet dní realizácie stavebnych prác odo dňa prevzatia staveniska v kalendárnych dňoch,"Predmetom zákazky je riešenie zlepšenia energetickej náročnosti budovy vymenou okennych vyplní, tiež zlepšenie tepelno technickych vlastností stropu pod povalou a vymenu strešnej krytiny na budove. Členenie okien, tvar strechy a farby",Stavebné práce
3337235,Lehota dodania v kalendárnych dňoch,Predmetom zákazky je modernizácia osvetlenia v obci Krasňany. Bližšia špecifikácia je uvedená v súťažných podkladoch.,Inštalovanie vonkajších osvetľovacích zariadení
3337237,Lehota zhotovenia diela v kalendárnych dňoch počítaná odo dňa odovzdania staveniska zhotoviteľovi,Predmetom zákazky je rekonštrukcia verejného osvetlenia v obci Valaská Dubová,Inštalovanie vonkajších osvetľovacích zariadení
3337426,Termín spustenia ostrej prevádzky odo dňa účinnosti zmluvy podľa platného právneho poriadku Slovenskej republiky vyjadrená v dňoch,"Poskytovanie služieb elektronickej pošty a služby podpory prevádzky informačných systémov vrátane zodpovedajúcich školení a konzultácií, update a upgrade informačných systémov a IT infraštruktúry od výrobcu Microsoft v rozsahu",Služby elektronickej pošty
3337433,referencia v zmysle § 28 ods. (1) písm. a) a § 100 ods. 7 ZVO,"Predmetom verejného obstarávania je zabezpečiť konzultačné a poradenské služby zamerané na projekt kongresového
cestovného ruchu s cieľom pripraviť stratégiu a plán činností verejného obstarávateľa s trvaním ročného kontr",Hodnotiace konzultačné služby
3337471,Lehota dodávky,"Predmetom zákazky je dodávka, montáž zaškolenie obsluhy a pozáručný servis linky na potlač rohožiek a menších kobercov",Tlačiarenské stroje
3337471,Pozáručný servis,"Predmetom zákazky je dodávka, montáž zaškolenie obsluhy a pozáručný servis linky na potlač rohožiek a menších kobercov",Tlačiarenské stroje
3337623,Lehota výstavby,"Predmetom zákazky je rekonštrukcia budovy telocvične na na základe projektovej dokumentácie a spracovaného výkazu výmer. Konkrétne sa jedná zateplenie objektu, rekonštrukcii strechy a výmeny okien. Podrobný opis predmetu zákazky je",Stavebné práce na objektoch odborných škôl
3337625,Najkratšia lehota výstavby vyjadrená v celých kalendárnych dňoch od prevzatia staveniska,"Spevnené plochy: Zástavky sú riešené ako zastávkový pruh bez fyzického oddelenia. Zástavkový pruh je zložený z odbočovacieho pruhu, účelového zastávkového pruhu,ktorého dĺžka je totožná s dĺžkou nástupovej hrany a prip",Stavebné práce
3337704,Lehota realizácie diela v dňoch v súlade s § 35 ods. 1 písm. a) zákona o verejnom obstarávaní,"Predmetom zákazky je realizácia 2. etapy opatrení na zníženie energetickej náročnosti pavilónov FMFI UK, Mlynská dolina, Bratislava. Zhotoviteľ zrealizuje verejným obstarávateľom vyžadované technické opatrenia a práce na zlepše",Stavebné práce na stavbe budov univerzít
3337793,Technické vyhotovenie,Predmetom zákazky je licencia hlavného informačného systému pre depozitár cenných papierov a suvisiace služby,Softvérový balík pre konkrétne odvetvie
3337950,Lehota realizácie,"Verejný obstarávateľ od uchádzačov požaduje vypracovanie realizačnej projektovej dokumentácie riešenia
integrovaného bezpečnostného kamerového systému, vypracovanie bezpečnostného projektu a bezpečnostnej smernice, inžiniersku",Inštalovanie zariadení na monitorovanie dopravy
3337995,Lehota dodania v kalendárnych dňoch od objednávky,Zberné nádoby pre Obec Turany v zmysle súťažných pokladov,Kontajnery a nádoby na odpad a odpadky
3337999,Lehota uskutočnenia stavebných prác uvedená v celých kalendárnych dňoch,"Predmetom zákazky je uskutočnenie stavebných prác - realizácia stavebného diela so skráteným názvom: ""Regenerácia centra obce Hnilčík"" - výber dodávateľa stavebných prác.",Práce na kompletnej alebo čiastočnej stavbe a práce inžinierskych stavieb
3338003,Lehota realizácie,"Verejný obstarávateľ od uchádzačov požaduje vypracovanie realizačnej projektovej dokumentácie riešenia integrovaného bezpečnostného kamerového systému, vypracovanie bezpečnostného projektu a bezpečnostnej smernice, inžiniersku",Inštalovanie zariadení na monitorovanie dopravy
3338058,Lehota realizácie,"Verejný obstarávateľ od uchádzačov požaduje vypracovanie realizačnej projektovej dokumentácie riešenia
integrovaného bezpečnostného kamerového systému, vypracovanie bezpečnostného projektu a bezpečnostnej smernice, inžiniersku",Inštalovanie zariadení na monitorovanie dopravy
3338061,Lehota realizácie,"Verejný obstarávateľ od uchádzačov požaduje vypracovanie realizačnej projektovej dokumentácie riešenia
integrovaného bezpečnostného kamerového systému, vypracovanie bezpečnostného projektu a bezpečnostnej smernice, inžiniersku",Inštalovanie zariadení na monitorovanie dopravy
3338147,Lehota dodania zákazky,Verejný obstarávateľ požaduje dodanie 1 ks traktora s príslušenstvom. Technická špecifikácia je podrobné rozpísaná v súťažným podkladom časť B.1 Opis predmetu zákazky a v Prílohe č. 5,Traktory/ťahače
3338149,Lehota,"Verejný obstarávateľ od uchádzačov požaduje vypracovanie realizačnej projektovej dokumentácie riešenia
integrovaného bezpečnostného kamerového systému, vypracovanie bezpečnostného projektu a bezpečnostnej smernice, inžiniersku",Inštalovanie zariadení na monitorovanie dopravy
3338152,Lehota realizáccie,"Verejný obstarávateľ od uchádzačov požaduje vypracovanie realizačnej projektovej dokumentácie riešenia
integrovaného bezpečnostného kamerového systému, vypracovanie bezpečnostného projektu a bezpečnostnej smernice, inžiniersku",Inštalovanie zariadení na monitorovanie dopravy
3338327,rýchlosť poskytnutia servisnej služby,"Premetom zákazky je výmena vonkajších otvorov na objekte Základnej školy Pavla Dobšinského v Rimavskej Sobote.
Navrhnuté práce:
- odstranenie drevenych okennych konstrukcii,
- osadenie vonkajsich parapetnych dosiek z aluminium plech",Budovy školiacich zariadení
3338327,lehota zhotovenia diela,"Premetom zákazky je výmena vonkajších otvorov na objekte Základnej školy Pavla Dobšinského v Rimavskej Sobote.
Navrhnuté práce:
- odstranenie drevenych okennych konstrukcii,
- osadenie vonkajsich parapetnych dosiek z aluminium plech",Budovy školiacich zariadení
3338329,Lehota realizácie,"Verejný obstarávateľ od uchádzačov požaduje vypracovanie realizačnej projektovej dokumentácie riešenia
integrovaného bezpečnostného kamerového systému, vypracovanie bezpečnostného projektu a bezpečnostnej smernice, inžiniersku",Inštalovanie zariadení na monitorovanie dopravy
3338428,Lehota výstavby,"Predmetom zákazky je kompletná rekonštrukcia rodinného domu v súlade s výkazom výmer, ktorý tvorí súčasť súťažných podkladov.",Stavebné práce na domoch
3338545,Čas potrebný na realizáciu predmetu obstarávania (v dňoch),"Predmetom zákazky je vybudovanie siete IP kamier s prenosovou sústavou signálu a obslužným pracoviskom s
príslušným hardvérovým a softvérovým vybavením, ktoré zabezpečia kontinuálne monitorovanie a záznam z
exponovaných lokal",Iné elektroinštalačné práce
3338545,Čas nástupu na odstránenie poruchy od oznámenia poruchy (v hod.),"Predmetom zákazky je vybudovanie siete IP kamier s prenosovou sústavou signálu a obslužným pracoviskom s
príslušným hardvérovým a softvérovým vybavením, ktoré zabezpečia kontinuálne monitorovanie a záznam z
exponovaných lokal",Iné elektroinštalačné práce
3338601,Lehota realizácie,"Verejný obstarávateľ od uchádzačov požaduje vypracovanie realizačnej projektovej dokumentácie riešenia integrovaného bezpečnostného kamerového systému, vypracovanie bezpečnostného projektu a bezpečnostnej smernice, inžiniersku",Inštalovanie zariadení na monitorovanie dopravy
3338605,Lehota realizácie,"Verejný obstarávateľ od uchádzačov požaduje vypracovanie realizačnej projektovej dokumentácie riešenia integrovaného bezpečnostného kamerového systému, vypracovanie bezpečnostného projektu a bezpečnostnej smernice, inžiniersku",Inštalovanie zariadení na monitorovanie dopravy
3338700,2.Lehota splnenia zákazky,"Podstatou služby je rekonštrukcia Náučného chodníka Pramenište a odstránenie poškodených a zničených prvkov
pôvodného chodníka, ich náhrada novými prvkami z odolnejších materiálov, aktualizácia písomných materiálov a nov","Rekreačné, kultúrne a športové služby"
3338700,3.Kvalita nosnej drevnej suroviny,"Podstatou služby je rekonštrukcia Náučného chodníka Pramenište a odstránenie poškodených a zničených prvkov
pôvodného chodníka, ich náhrada novými prvkami z odolnejších materiálov, aktualizácia písomných materiálov a nov","Rekreačné, kultúrne a športové služby"
3338700,4.Kvalita a trvácnosť materiálov na panely,"Podstatou služby je rekonštrukcia Náučného chodníka Pramenište a odstránenie poškodených a zničených prvkov
pôvodného chodníka, ich náhrada novými prvkami z odolnejších materiálov, aktualizácia písomných materiálov a nov","Rekreačné, kultúrne a športové služby"
3338738,Lehota realizácie,"Novostavba a rekonštrukcia chodníkov v obci Bystrany budú slúžiť na skvalitnenie podmienok ako pešej, tak i motorovej premávky v predmetnom úseku v súčasnosti je na niektorých úsekoch pešia premávka vedená po krajniciach komunik",Stavebné práce na stavbe chodníkov
3339021,Objem nasatej vzorky: 6-8 ml,Prístroj na stanovenie zloženia mlieka a mliečnych výrobkov infračervenou spektrofo-tometriou založenou na Fourierovej transformácii FTIR,Stroje a prístroje s individuálnymi funkciami
3339021,Teplota vzorky: 4-55 °C,Prístroj na stanovenie zloženia mlieka a mliečnych výrobkov infračervenou spektrofo-tometriou založenou na Fourierovej transformácii FTIR,Stroje a prístroje s individuálnymi funkciami
3339021,Enzymatické čistenie:áno,Prístroj na stanovenie zloženia mlieka a mliečnych výrobkov infračervenou spektrofo-tometriou založenou na Fourierovej transformácii FTIR,Stroje a prístroje s individuálnymi funkciami
3339021,Technické požiadavky: Miešanie vzorky: automatické miešadlo,Prístroj na stanovenie zloženia mlieka a mliečnych výrobkov infračervenou spektrofo-tometriou založenou na Fourierovej transformácii FTIR,Stroje a prístroje s individuálnymi funkciami
3339021,Technické požiadavky: Dvojitý systém nasávania vzorky: peristaltická pumpa a hydraulická pumpa pre viskózne produkty,Prístroj na stanovenie zloženia mlieka a mliečnych výrobkov infračervenou spektrofo-tometriou založenou na Fourierovej transformácii FTIR,Stroje a prístroje s individuálnymi funkciami
3339021,Technické požiadavky: Úprava rýchlosti nasatia vzorky podľa viskozity,Prístroj na stanovenie zloženia mlieka a mliečnych výrobkov infračervenou spektrofo-tometriou založenou na Fourierovej transformácii FTIR,Stroje a prístroje s individuálnymi funkciami
3339021,Technické požiadavky:Laserom vŕtaná nasávacia pipeta,Prístroj na stanovenie zloženia mlieka a mliečnych výrobkov infračervenou spektrofo-tometriou založenou na Fourierovej transformácii FTIR,Stroje a prístroje s individuálnymi funkciami
3339021,Technické požiadavky: Celé spektrum vzorky prístupné užívateľovi (možnost exportu),Prístroj na stanovenie zloženia mlieka a mliečnych výrobkov infračervenou spektrofo-tometriou založenou na Fourierovej transformácii FTIR,Stroje a prístroje s individuálnymi funkciami
3339021,Technické požiadavky: Užívateľské skriptá a makrá,Prístroj na stanovenie zloženia mlieka a mliečnych výrobkov infračervenou spektrofo-tometriou založenou na Fourierovej transformácii FTIR,Stroje a prístroje s individuálnymi funkciami
3339021,Technické požiadavky: Svetelná signalizácia stavu prístroja,Prístroj na stanovenie zloženia mlieka a mliečnych výrobkov infračervenou spektrofo-tometriou založenou na Fourierovej transformácii FTIR,Stroje a prístroje s individuálnymi funkciami
3339021,Technické požiadavky: Ovládací PC s dotykovou obrazovkou,Prístroj na stanovenie zloženia mlieka a mliečnych výrobkov infračervenou spektrofo-tometriou založenou na Fourierovej transformácii FTIR,Stroje a prístroje s individuálnymi funkciami
3339021,"Ďalšie požiadavky: Inštalácia prístroja, zaškolenie užívateľa, kalibračné vzorky pre kalibráciu prístroja, základná sada chemikálií a náhradných dielov",Prístroj na stanovenie zloženia mlieka a mliečnych výrobkov infračervenou spektrofo-tometriou založenou na Fourierovej transformácii FTIR,Stroje a prístroje s individuálnymi funkciami
3339021,"Ďalšie požiadavky: Archivácia výsledkov v databáze, výstup výsledkov cez tlačiareň",Prístroj na stanovenie zloženia mlieka a mliečnych výrobkov infračervenou spektrofo-tometriou založenou na Fourierovej transformácii FTIR,Stroje a prístroje s individuálnymi funkciami
3339021,Stav: Len nový prístroj (nie repasovaný ani demo instrument),Prístroj na stanovenie zloženia mlieka a mliečnych výrobkov infračervenou spektrofo-tometriou založenou na Fourierovej transformácii FTIR,Stroje a prístroje s individuálnymi funkciami
3339021,"Typ vzorky: Mlieko-surové, pasterizované, odstredené, homogenizované, ultrazahriate, bezlakózové, s konzervačným činidlom i bez, tekuté mliečne výrobky",Prístroj na stanovenie zloženia mlieka a mliečnych výrobkov infračervenou spektrofo-tometriou založenou na Fourierovej transformácii FTIR,Stroje a prístroje s individuálnymi funkciami
3339021,"Typy mlieka: kravské, ovčie, kozie",Prístroj na stanovenie zloženia mlieka a mliečnych výrobkov infračervenou spektrofo-tometriou založenou na Fourierovej transformácii FTIR,Stroje a prístroje s individuálnymi funkciami
3339021,"Presnosť (Sy,x): Cv< 1 % pre základné zložky",Prístroj na stanovenie zloženia mlieka a mliečnych výrobkov infračervenou spektrofo-tometriou založenou na Fourierovej transformácii FTIR,Stroje a prístroje s individuálnymi funkciami
3339021,"Opakovateľnosť:Cv< 0,5 % pre základné zložky",Prístroj na stanovenie zloženia mlieka a mliečnych výrobkov infračervenou spektrofo-tometriou založenou na Fourierovej transformácii FTIR,Stroje a prístroje s individuálnymi funkciami
3339021,Chyba z prenosu:<1 %,Prístroj na stanovenie zloženia mlieka a mliečnych výrobkov infračervenou spektrofo-tometriou založenou na Fourierovej transformácii FTIR,Stroje a prístroje s individuálnymi funkciami
3339021,Detekcia abnormálnych vzoriek na základe analýzy spektrálnej databázy - ochrana pred falšovaním: Kvantitatívna analýza 2,Prístroj na stanovenie zloženia mlieka a mliečnych výrobkov infračervenou spektrofo-tometriou založenou na Fourierovej transformácii FTIR,Stroje a prístroje s individuálnymi funkciami
3339021,Ďalšie požiadavky: Vývoj užívateľských kalibrácií z vlastných vzoriek dodávateľom v cene prístroja po dobu životnosti,Prístroj na stanovenie zloženia mlieka a mliečnych výrobkov infračervenou spektrofo-tometriou založenou na Fourierovej transformácii FTIR,Stroje a prístroje s individuálnymi funkciami
3339021,Ďalšie požiadavky: Možnosť upgrade prístroja na automatickú verziu s podávačom (pre rýchlosť aspoň 100 vzoriek za hodinu),Prístroj na stanovenie zloženia mlieka a mliečnych výrobkov infračervenou spektrofo-tometriou založenou na Fourierovej transformácii FTIR,Stroje a prístroje s individuálnymi funkciami
3339021,Ďalšie požiadavky: Možnosť prepojenia prístroja s modulom pre analýzu počtu somatických buniek v mlieku (cytometer) do kombinovaného systému,Prístroj na stanovenie zloženia mlieka a mliečnych výrobkov infračervenou spektrofo-tometriou založenou na Fourierovej transformácii FTIR,Stroje a prístroje s individuálnymi funkciami
3339021,"Softwarové požiadavky: Softwarová aplikácia umožňujúca viacrozmernú analýzu minoritných a majoritných zložiek mlieka, software umožňujúci vyhodnotenie výsledkov kruhových testov.",Prístroj na stanovenie zloženia mlieka a mliečnych výrobkov infračervenou spektrofo-tometriou založenou na Fourierovej transformácii FTIR,Stroje a prístroje s individuálnymi funkciami
3339021,"Záručný a pozáručný servis: Vzdialená  diagnostika cez internet, servis prístupný po telefóne, servisný zásah na mieste do 48 hodín",Prístroj na stanovenie zloženia mlieka a mliečnych výrobkov infračervenou spektrofo-tometriou založenou na Fourierovej transformácii FTIR,Stroje a prístroje s individuálnymi funkciami
3339021,"Základná kalibrácia  zložky: tuk (rozsah 0-45,00 %) , bielkoviny (rozsah 0-20,00 %), sušina (rozsah 2,00-20,00 %),  beztuková, sušina (rozsah 2,00-20,00 %), laktóza (rozsah 0,00-6,50 %), kazeín - spektrálna kalibrácia (rozsah  2-3,4 %), močovina (0-50 mg/l MUN), pH (5,2-7,0), bod mrznutia (450-600 mC), minerálne látky ( výpočtom z ostatných ukazovateľov).",Prístroj na stanovenie zloženia mlieka a mliečnych výrobkov infračervenou spektrofo-tometriou založenou na Fourierovej transformácii FTIR,Stroje a prístroje s individuálnymi funkciami
3339021,"Ďalšie kalibrácie v cene prístroja:Acetón- kalibrácie pre špeciálne podmienky vzorkovania a použitú referenčnú metódu (0-0,50 mM) , Kyselina citrónová (0,1-0,4 %), kalibrácie pre obsah BHB v vzorkách mlieka, kalibrácia pre obsah BHB v krvi stanovená na základe spektra mliečnej vzorky, kalibrácia pre obsah laktoferínu",Prístroj na stanovenie zloženia mlieka a mliečnych výrobkov infračervenou spektrofo-tometriou založenou na Fourierovej transformácii FTIR,Stroje a prístroje s individuálnymi funkciami
3339021,"Detekcia abnormálnych vzoriek na základe analýzy spektrálnej databázy - ochrana pred falšovaním: Vývoj aplikácií pre rôzne mliečne produkty k detekcii abnormálnych vzoriek  (prídavok vody, cukrov, solí, detekcia odstredeného mlieka) na základe databázy dodanej zákazníkom:   do 1 roka od  zakúpenia prístroja",Prístroj na stanovenie zloženia mlieka a mliečnych výrobkov infračervenou spektrofo-tometriou založenou na Fourierovej transformácii FTIR,Stroje a prístroje s individuálnymi funkciami
3339021,"Kalibrácia mastných kyselín:  Voľné mastné kyseliny (mmol/L): rozsah 0,1-0,50. Nasýtené mastné kyseliny (%): rozsah 0-4,5. Mononenasýtené mastné kyseliny (%): rozsah 0-1,8. Polynenasýtené mastné kyseliny (%): rozsah 0-0,22. 6-omega nasýtené kyseliny: rozsah 0-0,35. 3-omega nasýtené kyseliny rozsah 0-0,07. Kalibračné dáta pre ďalšie mastné kyseliny.",Prístroj na stanovenie zloženia mlieka a mliečnych výrobkov infračervenou spektrofo-tometriou založenou na Fourierovej transformácii FTIR,Stroje a prístroje s individuálnymi funkciami
3339021,Softwarové požiadavky: Vývoj užívateľských softwarových aplikácií v cene prístroja po dobu životnosti prístroja podľa špecifikácie zákazníka (kupujúceho),Prístroj na stanovenie zloženia mlieka a mliečnych výrobkov infračervenou spektrofo-tometriou založenou na Fourierovej transformácii FTIR,Stroje a prístroje s individuálnymi funkciami
3339021,Princíp merania:FTIR,Prístroj na stanovenie zloženia mlieka a mliečnych výrobkov infračervenou spektrofo-tometriou založenou na Fourierovej transformácii FTIR,Stroje a prístroje s individuálnymi funkciami
3339021,"Kalibrácia  základné zložky  mliečne produkty: Srvátka, Smotana ( tuk 9-12 %), Smotana ( tuk 10-45 %),UHT mlieko, Odtučnené mlieko, Homogenizované mlieko, Odstredené mlieko,  Možnosť merania ostatných viskóznych mliečnych produktov, Permeát,  Retentát.",Prístroj na stanovenie zloženia mlieka a mliečnych výrobkov infračervenou spektrofo-tometriou založenou na Fourierovej transformácii FTIR,Stroje a prístroje s individuálnymi funkciami
3339055,Lehota dodania vyjadrená v dňoch,Zberné nádoby pre Mesto Liptovský Hrádok v zmysle súťažných pokladov,Kontajnery a nádoby na odpad a odpadky
3339247,lehota začatia vykonávania servisu,Verejný obstarávateľ má záujem obstarať 2 fekálne vozidlá. Podrobnejší opis predmetu zákazky je zahrnutý v súťažných podkladoch.,Poľnohospodárske stroje
3339293,lehota dodania predmetu zákazky,"K zámeru obnovy Vodného mlyna v Dunajskom Klátove, zameranej na odstránenie škôd spôsobených povodňou začiatkom júna 2013, vydal KPÚ Trnava dňa 15.07.2013 rozhodnutie k zámeru pod číslom KPUTT-2013/11563-4/45577/HOR,PET, v ktorom",Stavebné práce
3339327,Lehota dodania tovaru,"Teleskopický manipulátor s výkonom motora min. 80 kW
Podrobné vymedzenie predmetu obstarávania tvorí časť B.1 Opis predmetu obstarávania.",Nakladače na kolesách
3339358,Doba dodania predmetu zákazky,"Predmetom zákazky bude dodávka 3 ks nízkopodlažných asynchrónnych trojnápravových trolejbusov MHD pre
prevádzkovanie na trolejbusovej dráhe s menovitým napätím 750V j. s. - kĺb a 1 ks nízkopodlažný asynchrónny
dvojnápravový",Trolejbusy
3339449,Hmotnosť umelej trávy kg/m2,Predmetom zákazky je zabezpečiť uzatvorenie zmluvy o dielo na vybudovanie (realizáciu) multifunkčného ihriska v obci Široké vrátane osvetlenia.,Stavebné práce
3339449,Hodnota DTex ponúkanej trávy,Predmetom zákazky je zabezpečiť uzatvorenie zmluvy o dielo na vybudovanie (realizáciu) multifunkčného ihriska v obci Široké vrátane osvetlenia.,Stavebné práce
3339453,Čas potrebný na realizáciu predmetu obstarávania (v dňoch),"Predmetom zákazky je uskutočnenie rekonštrukčných a stavebných prác súvisiacich s úpravou prízemia administratívnej budovy pre prevádzku chránenej dielne:
a)Stavebné úpravy
b)Podlahové vykurovanie
c)Elektroinštalácia, silnop",Stavebné práce na stavbe budov
3339516,odovzdanie predmetu obstarávania,Predmetom zákazky sú stavebné činnosti na objekte konštrukčne riešenom ako monolitický železobetónový skelet s výplňovým murivom nadzemných podlaží z voštinových tehál. V rámci rekonštrukčných prác sa vykoná kompletná,Práce na stavenisku
3339546,lehota dodania zákazky,Verejný obstarávateľ požaduje dodanie 1 ks kombajnu s príslušenstvom na zber obilnín.,Žacie mechanizmy a mláťačky
3339567,Počet inštalovaných dekantačných odstrediviek na území SR za posledných 15 rokov na,Predmet zákazky nie je rozdelený na časti. Uchádzač musí predložiť ponuku na celý predmet zákazky - dodávku technologickej linky strojného odvodnenia kalov dekantačnou odstredivkou.,Zariadenia na spracovanie kalov
3339654,Lehota výstavby,"Predmetom zákazky je rekonštrukcia časti kaštieľa v obci Chtelnica. Podrobný popis predmetu zákazky je súčasťou projektovej dokumentácie, ktorá tvorí prílohu k týmto súťažným podkladom.",Stavebné práce na objektoch historických pamiatok alebo pamätníkov
3339698,doba realizácie diela,Predmetom obstarávania sú stavebné práce v rozsahu modernizácie stavby stavebné úpravy. Cieľom stavebných úprav je zvýšenie energetickej úsporu výrobnej haly formou zateplenia obvodového plášťa kontaktným zatepľovacím systé,Stavebné práce
3339727,Lehota dodania tovaru,"Predmetom verejného obstarávania je dodávka nových horských kosačiek s príslušenstvom v počte 2 ks (horská kosačka, čelný mulčovač, disková kosa, obracač-zhrňovač, lis na balíky, balička sena, náves za traktor) vrátane col",Kosačky
3339913,Doba dodania,"Predmetom zákazky je výmena okien, fasádnych dverí a drobné stavebné práce na budovách Manželských internátov za účelom revitalizácie a modernizácie okenných a dverných konštrukcií. Podrobné informácie sú dostupné v súťa",Stavebné práce
3340079,Lehota dodania,"Predmetom zákazky je nákup strojov, zariadení a vybavenia pre zberný dvor. 
Technológia pozostáva z nasledovných položiek: 
kolesový traktor, traktorový príves so špeciálnou zberovou nadstavbou s univerzálnym vyklápačom.
Zaria",Traktory/ťahače
3340083,Lehota dodávky v dňoch,"Trojnápravový náves s nadstavbou s pohyblivou podlahou
Ťahač návesov
Uchádzač musí predložiť ponuku na celý predmet obstarávania.",Návesy
3340097,doba záručného servisu (uvedená v rokoch).,"Nákup meracieho systému, ktorý obsahuje prenosný batériový spektrálny analyzátor, trojosové izotropné antény na meranie intenzity elektrickej zložky elektromagnetického poľa s interným prepínačom osí a predlžovací vysokofrekv",Meracie prístroje
3340128,Doba realizácie predmetu zákazky Výkaz výmer č. 1  verejný obstarávateľ od uchádzača požaduje lehotu uskutočnenia stavebných prác v celých kalendárnych  dňoch ( váha kritéria 10%),"Predmetom zákazky je oprava mestských a prímestských komunikácii a chodníkov v meste Galanta v súlade s 
-Výkazom výmer č. 1 Rekonštrukcia miestnej komunikácie
-Výkazom výmer č. 2 Oprava krytov chodníkov v meste , ktoré sú ne",Práce na oprave ciest
3340128,Doba realizácie predmetu zákazky Výkaz výmer č. 2  verejný obstarávateľ od uchádzača požaduje lehotu uskutočnenia stavebných prác v celých kalendárnych  dňoch ( váha kritéria 10%),"Predmetom zákazky je oprava mestských a prímestských komunikácii a chodníkov v meste Galanta v súlade s 
-Výkazom výmer č. 1 Rekonštrukcia miestnej komunikácie
-Výkazom výmer č. 2 Oprava krytov chodníkov v meste , ktoré sú ne",Práce na oprave ciest
3340165,Lehota uskutočnenia stavebných prác v celých kalendárnych  dňoch.,"Predmetom zákazky je výmena okien a dverí, ktorá obsahuje demontáž jestvujúcich okien, dverí, vonkajších a vnútorných parapetov, dodávku a montáž nových výplní podľa ponuky, vonkajších a vnútorných parapetov, interiérový",Stavebné práce
3340261,Lehota realizácie,"Projekt rieši výstavbu objektu služieb turistom s vyhliadkovou terasou, ktorého súčasťou sú verejné toalety, sklady, kuchyňa, reštauračná časť. Súčasťou obstarávaných prác je realizácia spevnených plôch určených na park",Stavebné práce
3340290,technické parametre,"Predmetom podlimitnej zákazky bez využitia elektronického trhoviska je špecifická zákazka na poskytnutie služieb spojených so zabezpečením vydávania mesačníka ""Biskupické noviny "" vo formáte A3 na A4 ako je uvedené v časti ""B"" S",Tlačiarenské a príbuzné služby
3340474,Lehota dodania v kalendárnych dňoch,Predmetom zákazky je dodávka interiérového vybavenia do Hotela Tatrys. Jedná sa o atypický nábytok. Bližšia špecifikácia predmetu zákazky je uvedená v súťažných podkladoch.,Zariadenie interiéru
3340486,Lehota realizácie,"Mobilné pracovisko pre výskum prevencie a záchrany osôb a majetku bude umiestnené v mierne svahovitej lokalite ohraničenej zalesneným pozemkom a cestou. Lokalita je zatrávnená, neoplotená, riešenou lokalitou priečne prechádza existu",Stavebné práce
3340542,dodacia lehota od účinnosti zmluvy do fyzického uloženia stroja v mieste inštalácie v dňoch,Lakovacia linka na povrchovú úpravu zhotovených dielov z plechu.,Striekacie zariadenia
3340565,lehota uvedenia ponúknutého zariadenia do prevádzky po jeho úspešnom odskúšaní v dňoch,dodávka základného stroja robota s určením na presné ustavovanie hláv nosných prvkov priestorovo orientovaných konštrukcií.,Priemyselné roboty
3340585,Dodávka - Smetný kôš,"Dodávka košov na psie exkrementy, oprava existujúcich košov a služby spojené s čistením plôch po psích exkrementoch",Kontajnery a nádoby na odpad a odpadky
3340585,Zľava poskytnutá na náhradné diely,"Dodávka košov na psie exkrementy, oprava existujúcich košov a služby spojené s čistením plôch po psích exkrementoch",Kontajnery a nádoby na odpad a odpadky
3340585,Výmena  poškodeného zariadenia - servisný zásah v UO,"Dodávka košov na psie exkrementy, oprava existujúcich košov a služby spojené s čistením plôch po psích exkrementoch",Kontajnery a nádoby na odpad a odpadky
3340585,Vyčistenie plôch od exkrementov - doplnenie sáčkov podľa potreby,"Dodávka košov na psie exkrementy, oprava existujúcich košov a služby spojené s čistením plôch po psích exkrementoch",Kontajnery a nádoby na odpad a odpadky
3340585,Vysýpanie košov,"Dodávka košov na psie exkrementy, oprava existujúcich košov a služby spojené s čistením plôch po psích exkrementoch",Kontajnery a nádoby na odpad a odpadky
3340589,Čas nástupu na odstránenie poruchy od oznámenia poruchy (v hod.),"Predmet zákazky pozostáva z dodania dvojkotúčovej uhlovej píly, jej inštalácie a uvedenia do prevádzky.",Obrábacie stroje na drevo
3340589,Lehota dodania tovaru a uvedenia do činnosti (v dňoch),"Predmet zákazky pozostáva z dodania dvojkotúčovej uhlovej píly, jej inštalácie a uvedenia do prevádzky.",Obrábacie stroje na drevo
3340624,Lehota výstavby,"Predmetom zálazky je rekonštrukcia budovy mestskej plavárne v Senici. Podrobný popis predmetu zákazky je v projektovej dokumentácii, ktorá tvorí prílohu súťažných podkladov.",Stavebné práce na stavbe športových zariadení
3340646,lehota výstavby,"Zákazka rieši rekonštrukčné práce zamerané na zníženie energetickej náročnosti spoločnej budovy a prevádzky materskej školy a obecného úradu v obci Iňačovce. Obsahom zákazky je zateplenie obvodových stien, výmena okien a dve",Stavebné práce na objektoch polyfunkčných budov
3340647,lehota výstavby,"Stavebné práce na zlepšení energetickej hospodárnosti budovy Kultúrneho domu v obci Stretava: výmena okien a dverí v obvodových múroch, zateplenie obvodových stien, zateplenie stropu nad prednou, pôvodnou časťou budovy s pôvodným",Stavebné práce na stavbe budov určených pre umenie a kultúru
3340667,lehota zhotovenia diela,"Pri obhliadke budovy Základnej školy v obci Chminianska Nová Ves bolo zistené, že budova školy, ktorá je posudzovaná z technického hľadiska bola postavená v 70-tych rokoch 20. storočia. Škola je v plnej prevádzke a aj napriek jej d",Budovy školiacich zariadení
3340671,lehota zhotovenia diela,Na základe obhliadky budovy Gymnázia s. Moniky v Prešove je nutné vykonať opravu tejto budovy z posudzovaného hľadiska a to aj z dôvodu ochrany zdravia žiakov a zamestnancov školy a predĺženia životnosti samotnej budovy školy v nas,Budovy školiacich zariadení
3340685,lehota zhotovenia diela,"Predmetom zákazky je obnova severozápadnej a centrálnej časti obce Chotín. Stavba je členená na nasledovné stavebné objekty:
a)Amfiteáter:
Amfiteáter
Chodník
Osvetlenie Amfiteátra
Ulica Obecného úradu
Spevnené plochy určen",Tesárske montážne práce
3340711,Lehota dodania,"Predmetom zákazky je vybudovanie vodných atrakcií v mestskej plavárni v Senici.iPodrobný popis predmetu zákazky je v projektovej dokumentácii, ktorá tvorí prílohu súťažných podkladov.",Stavebné práce na stavbe športových zariadení
3340793,lehota zhotovenia diela,"Havarijná situácia sa týka výrazného poškodenia okien, dverí a okolitej izolácie, čím vznikajú tepelné a energetické straty. Budova Evanjelickej spojenej školy na Námestí legionárov 3, v Prešove (ESŠ Prešov), sa nachádza v b",Budovy školiacich zariadení
3340813,lehota výstavby,"Objekt Základnej školy sMaterskou školou v Čataji bude obnovený s dôrazom na zlepšenie energetickej bilancie objektu zateplením obvodového plášťa, strechy, podláh astropu, výmenou okien adverí.",Stavebné práce na stavbe budov škôl
3340831,Lehota výstavby,"Predmetom zákazky je regenerácia mesta Veľký Šariš v členení:
SO 01 - Výstavba a rekonštrukcia miestnych komunikácií a chodníkov
SO O1-1 - Spevnené plochy
SO O1-1-1 - Verejné zhromažďovacie plochy
SO O1-1-2 - Spevnené ploch",Stavebné práce
3340995,2. Lehota výstavby,"Predmetom zákazky je rekonštrukcia kotolne a výmena časti vykurovacích telies (rebrových rúr za panelové
radiátory), rekonštrukcia plynovej kotolne (výmena celkového zastaraného systému za novú technológiu) a výstavba vrtanej s",Stavebné práce
3341088,Lehota realizácie,Predmetom obstarávania je prestavba nevyužitého rodinného domu v Seredi na nízkokapacitné ubytovacie zariadenie spojené s relaxačnými aktivitami. Prestavba existujúceho rodinného domu na pozemku predstavuje stavebné úpravy v rámci,Tepelnoizolačné práce
3341116,Lehota výstavby,"Predmetom projektu je rekonštrukcia objektu, ktorý je tvorený dvoma časťami: obecný úrad a kultúrny dom v obci Rybník. Budovy boli postavené v 80-tych rokoch a v súčasnosti vykazujú poruchy zatepľovacích systémov a osvetlenia.
",Stavebné práce
3341117,Lehota výstavby,"Rekonštrukčné práce sa budú venovať hlavne zlepšeniu tepelnoizolačných vlastností obvodových stien a strechy, plánujú sa vymeniť všetky exteriérové výplne okenných a dverných otvorov. Okrem popisovaných úprav sa plánuje aj",Stavebné práce
3341162,Doba realizácie predmetu zákazky,"Práce budú pozostávať z nasledovného: 
- kompletné zateplenie obvodových stien,
- zateplenie stropu najvyššieho podlažia v oblasti pavilónov s triedami a zateplenie strechy hospodárskeho pavilónu,
- výmena všetkých výplní ob",Práce na obvodových konštrukciách/obkladoch
3341166,Lehota výstavby,"Zníženie energetickej náročnosti verejnej budovy MŠ na Ul. 8. mája, Svidník na úroveň ultranízko a nízkoenergetickej budovy. Realizovanými opatreniami (7 opatrení na zníženie spotreby energie) bude výmena otvorových konštrukci",Tepelnoizolačné práce
3341231,Lehota výstavby,Navrhované zateplenie fasády v celom rozsahu zohľadňuje uvažovaný zámer nového funkčného využitia a s tým súvisiacich stavebných úprav. Zateplenie zohľadňuje všetky legislatívne predpisy o energetickej náročnosti a tepelno-t,Stavebné práce na stavbe budov
3341277,Lehota realizácie zákazky,"Predmetom zákazky je výmena vykurovacieho médiá z plynových kotlov za tepelné čerpadlo, výmena rozvodov a radiátorov, stavebná úprava priestorov kotolní",Stavebné práce
3341277,Úspora energie,"Predmetom zákazky je výmena vykurovacieho médiá z plynových kotlov za tepelné čerpadlo, výmena rozvodov a radiátorov, stavebná úprava priestorov kotolní",Stavebné práce
3341368,Lehota výstavby,"Jedná sa o prístavbu - rozšírenie kapacity stávajúcej Materskej školy v obci Čekovce. Objekt je umiestnený v zastavanom území obce, je pripojený na miestnu komunikáciu, ako aj na verejné rozvody inžinierskych sietí. Opis zákazky",Stavebné práce
3341373,Lehota realizácie,Predmetom zákazky je výstavba skladu poľnohospodárskych komodít - špeciálnej rastlinnej výroby. Predmetom zákazky resp. dielom nie je S1: hladená železobetónová doska. Bližšie informácie ohľadom predmetu zákazky sú uvedené v,Stavebné práce na poľnohospodárskych budovách
3341421,Lehota zhotovenia diela,"Časť A. Technológia dojenia - kruhová dojáreň:
1. Technológia chladenia
2. Systém triedenia a prihaňania
3. Priháňač kráv do dojárne
4. Systém identifikácie kráv
Časť B. Maštal - Technológia maštal
Časť C. Pôrodňa",Poľnohospodárske stroje
3341427,Lehota realizácie prác v týždňoch,Predmetom zákazky je obnova budovy Mestských služieb.,Stavebné práce
3341431,Lehota výstavby,"Predmetom projektového riešenia je novostavba športovo relaxačného zariadenia k jestvujúcemu penziónu. Objekt je samostatne stojaci a nachádza sa v obci Nová Lesná na parcele číslo 1326/10 , ide o prízemný, murovaný objekt s využ",Stavebné práce
3341438,lehota zhotovenia diela,Predmetom zákazky je výstavba novej farmy pre mliečnej dojnice v arealy Roľnického družstva Bzovík. Účelom výstavby zvýšenie komfortu zvierta o počte 600 ks modernými ustajňovacími priestrormi a vysoko výkonným technologickým,Stavebné práce na poľnohospodárskych budovách
3341438,Lehota zhotovenia SO 04,Predmetom zákazky je výstavba novej farmy pre mliečnej dojnice v arealy Roľnického družstva Bzovík. Účelom výstavby zvýšenie komfortu zvierta o počte 600 ks modernými ustajňovacími priestrormi a vysoko výkonným technologickým,Stavebné práce na poľnohospodárskych budovách
3341584,lehota výstavby,"2.2Predmetom zákazky je komplexná rekonštrukcia výťahov v hlavnej budove NsP Myjava v zmysle platných noriem, technických a bezpečnostných predpisov, demontáž starých výťahov a následné ekologické spracovanie odpadov, komplexná",Inštalovanie výťahov
3341592,Lehota ukončenia stavebných prác od termínu odovzdania staveniska vyjadrená v kalendárnych mesiacoch,"Predmetom zákazky je sanácia nezákonne umiestneného odpadu
v obci Bajka, podľa podrobnej špecifikácie, ktorá je 
súčasťou súťažných podkladov",Stavebné práce na stavbách skládok odpadu
3341592,Lehota zahájenia stavebných prác od termínu odovzdania staveniska  vyjadrená v kalendárnych dňoch,"Predmetom zákazky je sanácia nezákonne umiestneného odpadu
v obci Bajka, podľa podrobnej špecifikácie, ktorá je 
súčasťou súťažných podkladov",Stavebné práce na stavbách skládok odpadu
3341596,Najkratšia lehota realizácie predmetu zákazky v dňoch,"Predmetom zákazky je rekonštrukcia objektu kultúrneho domu v obci Belža. Riešený objekt je v jednej časti dvojpodlažná a v druhej časti trojpodlažná samostatne stojaca budova, ktorá je čiastočne podpivničená.
Objekt slúži na","Stavebné práce na stavbe budov pre voľný čas, šport, kultúru, ubytovanie a reštauračné stravovanie"
3341604,Lehota výstavby v pracovných dňoch,"Predmetom obstarávania je zvýšenie energetickej účinnosti športovej haly Bratislava Lamač, 2.etapa.
V rámci projektu ""Zvýšenie energetickej účinnosti športovej haly Bratislava Lamač, 2.etapa"" bude navrhnuté:
-zateplenie strešn",Stavebné práce
3341609,Termín dodania predmetu zákazky  vyjadrený v kalendárnych dňoch,"Stavbu predstavuje rekonštrukcia časti miestnej komunikácie Severná, funkčnej triedy C2, kategórie MO 7,0/40 o celkovej dĺžke rekonštruovaného úseku 175,09 m. Súčasťou rekonštrukcie bude aj predĺženie existujúceho rúrového pr",Stavebné práce
3341691,"Pravidelná prehliadka 1 - autorizovaný, príp. neautorizovaný servis (vozidlá, u ktorých skončila záručná lehota a pre vozidlá v záručnej lehote) osobných motorových vozidiel","Predmetom zákazky je servis, oprava a údržba motorových vozidiel. Zabezpečenie pravidelných a nepravidelných servisných úkonov na služobných motorových vozidlách v autorizovanom prípadne neautorizovanom servise vozidiel, u ktorých","Opravy, údržba a súvisiace služby pre vozidlá a príbuzné vybavenie"
3341691,"Pravidelná prehliadka 2 - autorizovaný, príp. neautorizovaný servis (vozidlá, u ktorých skončila záručná lehota a pre vozidlá v záručnej lehote) úžitkových motorových vozidiel","Predmetom zákazky je servis, oprava a údržba motorových vozidiel. Zabezpečenie pravidelných a nepravidelných servisných úkonov na služobných motorových vozidlách v autorizovanom prípadne neautorizovanom servise vozidiel, u ktorých","Opravy, údržba a súvisiace služby pre vozidlá a príbuzné vybavenie"
3341917,Lehota zhotovenia diela,"Predmetom zákazky je rekonštrukcia palubovky telocvične pri Základnej škole v Hontianskych Nemciach. Budova telocvične sa využívaná na športové, spoločenské účely školy ako aj na športové aktivity klubov v obci. Jedná sa o odp",Budovy školiacich zariadení
3341920,Lehota zhotovenia diela,Predmetom zákazky je prestavba obecnej budovy na klubovňu v obci Dubovec. Predmetná budova pôvodne slúžilo ako pohostinstvo je prízemná čiastočne podpivničená. Dispozične je rozdelená na tri samostatne časti. Technický stav budov,Stavebné práce na kancelárskych budovách
3341995,Lehota zhotovenia diela,"Predmetom zákazky je vybudovanie oddychovo-relaxačnej zóny v centre obci Bátka, medzi Obecným úradom, kultúrnom domom a zdravotným strediskom. 
Predmetná plocha je ohraničená zo severozápadnej strany hlavnou komunikáciou v smere Ri",Stavebné práce na stavbe plôch pre parky
3341997,Lehota zhotovenia diela,"Predmetom zákazky je znižovanie energetickej náročnosti budovy obecného úradu v obci Bátka. Budova obecného úradu je prízemná s plochou strechou. Obvodový plášť je murovaný z pórobetónových tvárnic hr. 400 mm. 
Strecha predm",Stavebné práce na objektoch polyfunkčných budov
3342031,Reakčný čas nástupu pracovnej čaty na miesto opravydiela v celých kalendárnych dňoch,"Predmetom zakazky je oprava spodnej a vrchnej stavby pozemnych komunikacii a komunikacii, ktoré sú v sprave mestskej casti Bratislava - Dúbravka.",Stavebné práce
3342089,Lehota výstavby (lehota plnenia predmetu zákazky) vyjadrená v celých kalendárnych dňoch odo dňa odovzdania staveniska,Predmetom zákazky je realizácia projektu zateplenia budovy v obci Gyňov,Stavebné práce
3342128,Lehota výstavby v dňoch,"Predmetom zákazky je výber zhotoviteľa stavby s názvom: Rekonštrukcia obecných budov Nýrovce. Objekt rekonštrukcie je situovaný na pozemkoch s parc. č. 1794/1 a 1794/2 (zastavané plochy a nádvoria), ktoré sa nachádzajú v katastrá",Stavebné práce na stavbe budov
3342181,Lehota realizácie,V zmysle súťažných podkladov.,Stavebné práce
3342191,Lehota realizácie,Rekonštrukcia kultúrneho domu v obci Lúky. Bližšie informácie sú uvedené v súťažných podkladoch.,"Stavebné práce na stavbe budov pre voľný čas, šport, kultúru, ubytovanie a reštauračné stravovanie"
3342194,Lehota realizácie,Modernizácia obecného úradu v obci Kostolec. Bližšie informácie sú uvedené v súťažných podkladoch.,"Stavebné práce na stavbe budov pre voľný čas, šport, kultúru, ubytovanie a reštauračné stravovanie"
3342201,Lehota realizácie,"Relaxačno-športový areál, Dolná Breznica. Bližšie informácie sú uvedené v súťažných podkladoch.",Stavebné práce na stavbe športových zariadení
3342204,Lehota realizácie,"Dom smútku je jednopodlažný, nepodpivničený, uzavretej dispozície v pôdorysnom tvare obdĺžnika, maximálnych rozmerov 10,0x15,0 m. Strecha je sedlová, so sklonom 22°. Dom smútku je situovaný v mierne vlnitom teréne. Hlavný vstup j",Stavebné práce na stavbe budov
3342208,Lehota realizácie,"Dotvorenie voľného priestranstva pred obecným úradom a ide o vytvorenie
nového verejného priestranstva SO 01 a o výstavbu nového prístreška SO
02 (s bezbariérovým vstupom) s podružnými prvkami drobnej architektúry
v obci Lúky.",Stavebné práce na stavbe budov určených pre umenie a kultúru
3342216,Lehota výstavby (lehota plnenia predmetu zákazky) vyjadrená v celých kalendárnych dňoch odo dňa odovzdania staveniska,Predmetom zákazky je realizácia projektu zateplenia budovy v obci Komárovce,Tepelnoizolačné práce
3342246,Lehota realizácie,"Dotvorenie voľného priestranstva na ihrisku a ide o výstavbu nového
AMFITEÁTRA s podružnými objektmi v obci Stráža, kde sa zrealizuje
prestrešené javisko (amfiteáter), prístrešok a montovaná hala. Súčasťou
voľného priestra",Stavebné práce na stavbe budov určených pre umenie a kultúru
3342264,Termín dodania predmetu zákazky  vyjadrený v kalendárnych dňoch,Predmetom zákazky je rekonštrukcia časti jestvujúcej miestnej komunikácie v obci Malé Ozorovce v rozsahu podľa projektovej dokumentácie a súťažných podkladov,Stavebné práce
3342291,lehota výstavby,"Predmet zákazky je definovaný projektom pre stavebné povolenie ""ČOV Timoradza, stanica zvozu žumpových vôd a mechanické odvodňovanie kalu"", ktorý vypracoval Ing. Milan Bizub, Kollárova 3874/19A, 058 01 Poprad vo februári 2016. Podrob",Zariadenie čističiek odpadovej vody
3342302,Lehota realizácie prác v týždňoch,"Podrobný opis prác je definovaný v súťažných podkladoch. Realizácia prác bude v súlade s projektovou dokumentáciou a v rozsahu výkazov výmer, ktoré tvoria prílohu súťažných podkladov.",Stavebné práce na stavbe budov
3342326,Lehota realizácie,Predmetom zákazky je novostavba domu smútku podľa projektovej dokumentácie a výkazu výmer.,Stavebné práce
3342341,Lehota zahájenia stavebných prác od termínu odovzdania staveniska vyjadrená v kalendárnych dňoch,"Predmetom zákazky je zateplenie budovy MŠ v obci Svätoplukovo v zmysle projektovej dokumentácie a výkazu výmer, ktoré sú súčasťou súťažných podkladov",Stavebné práce
3342341,Lehota ukončenia stavebných prác od termínu odovzdania staveniska vyjadrená v kalendárnych mesiacoch,"Predmetom zákazky je zateplenie budovy MŠ v obci Svätoplukovo v zmysle projektovej dokumentácie a výkazu výmer, ktoré sú súčasťou súťažných podkladov",Stavebné práce
3342351,Lehota výstavby,Predmetom zákazky je prístavba a prestavba budovy zdravcentra podľa projektovej dokumentácie v prílohe súťažných podkladov a výkazu výmer.,Stavebné práce
3342353,Lehota výstavby,"Jedná sa o rekonštrukciu jestvujúceho domu smútku. Stavebné práce pozostávajú z rekonštrukcie strechy, obnovy fasádnych omietok, z výmeny výplní otvorov okien a dverí a z obnovy oplotenia. Jestvujúci objekt domu smútku vznikol za",Stavebné práce
3342416,Lehota výstavby (lehota plnenia predmetu zákazky) vyjadrená v celých kalendárnych dňoch odo dňa odovzdania staveniska,Predmetom zákazky je realizácia projektu Zmena dokončenej stavby - návrh konštrukcií a technológií na znižovanie energetickej náročnosti budovy kultúrneho domu,Tepelnoizolačné práce
3342419,Lehota výstavby,"Predmetom zákazky je I. etapa rekonštrukcie Interného pavilónu NsP Komárno.
V rámci rekonštrukčných prác projekt rieši:
- komplexnú rekonštrukciu inštalačných šácht a ich rozvodov - výmenu existujúcich inštalácii, vrátan",Stavebné práce na stavbe budov určených pre zdravotníctvo
3342421,Lehota výstavby (lehota plnenia predmetu zákazky) vyjadrená v celých kalendárnych dňoch odo dňa odovzdania staveniska,Predmetom zákazky je realizácia projektu Zmena dokončenej stavby návrh konštrukcií a technológií na znižovanie energetickej náročnosti budovy KD Barca,Tepelnoizolačné práce
3342425,Počet kalendárnych dní realizácie stavebných prác odo dňa prevzatia staveniska v dňoch,"Zateplenie Kultúrneho domu a Obecného úradu, zmena vykurovania, výmena okien a dverí, výmena okapov a zvodov, spevnenie chodníka.",Stavebné práce
3342457,Najkratšia lehota výstavby vyjadrená v celých kalendárnych dňoch od prevzatia staveniska,Zákazka rieši zateplenie objektu budovy ZŠ v Bučanoch s cieľom zníženia energetickej náročnosti budovy zníženie spotreby energie pri prevádzke budovy základnej školy. Stavebné úpravy pozostávajú z týchto hlavných činností :,Stavebné práce
3342461,Lehota výstavby,"Predmetom zákazky je oprava Domu smútku v obci Bzenov. Pozostáva z objektu SO 01 Hlavný objekt domu smútku - oprava, kde je zahrnuté aj ozvučenie a bleskozvod a SO 02 - Vonkajšie osvetlenie. Podrobnejšia špecifikácia je uvedená v pro",Stavebné práce
3342478,Lehota realizácie,V zmysle súťažných podkladov.,Stavebné práce
3342567,Lehota výstavby,"Predmetom zákazky je realizácia je celková rekonštrukcia a zateplenie kultúrneho domu v obci, čím dôjde k zníženiu energetickej náročnosti budovy",Stavebné práce na stavbe budov určených pre umenie a kultúru
3342578,Lehota výstavby,"Z hľadiska účelovej funkcie objekt slúži ako polyfunkčné zariadenie v ktorom sa nachádza administratívna časť - Obecný úrad, spoločenská miestnosť určená pre dorastajúcu mládež a kultúrna sála pre usporiadanie svadieb a ob",Stavebné práce na stavbe budov
3342580,Lehota výstavby v pracovných dňoch,"Predmetom zákazky je výmena výplní stavebných otvorov (okná, vstupy), zateplenie obvodových stien objektu (vrátane sokla), zateplenie stropu pôjdneho priestoru (1. NP) zo strany strechy, zateplenie časti stropu pôjdneho priestoru (2.",Stavebné práce
3342583,"Lehota výstavby predmetného diela od prevzatia staveniska po odovzdanie diela v kalendárnych dňoch, ktorú navrhne uchádzač",Stavebné práce vedúce k zníženiu energetickej náročnosti budovy.,Stavebné práce
3342640,Doba dodania,"Zákazka sa skladá s nákupu traktora s nakladačom a návesom
KOLESOVÝ TRAKTOR
Motor:
motor preplňovaný turbodúchadlom s medzichladičom stlačeného vzduchu , 2 ventily na valec, zdvihový objem od 3,3 do 3,5 litra , výkon minimálne",Traktory/ťahače
3342645,Formát testu umožňujúci vyšetrovanie vzoriek v malých skupinách (maximálne 8 vzoriek v jednom testovacom cykle),"Diagnostická súprava určená na detekciu patologického priónového proteínu u hovädzieho dobytka a malých prežúvavcov (ovce, kozy) schválená na rýchle testovanie v rámci monitoringu TSE v Slovenskej republike v súlade s platnou le",Diagnostické súpravy
3342645,Princíp metódy -  ELISA metóda,"Diagnostická súprava určená na detekciu patologického priónového proteínu u hovädzieho dobytka a malých prežúvavcov (ovce, kozy) schválená na rýchle testovanie v rámci monitoringu TSE v Slovenskej republike v súlade s platnou le",Diagnostické súpravy
3342645,"Diagnostická súprava určená na detekciu patologického priónového proteínu u hovädzieho dobytka a malých prežúvavcov (ovce, kozy) v súlade s platnou legislatívou (NARIA-DENIE EURÓPSKEHO PARLAMEN-TU A RADY (ES) č. 999/2001 z 22. mája 2001, ktorou sa stanovujú pravidlá prevencie, kontroly a eradikácie niektorých prenosných spongiformných encefalopatií)","Diagnostická súprava určená na detekciu patologického priónového proteínu u hovädzieho dobytka a malých prežúvavcov (ovce, kozy) schválená na rýchle testovanie v rámci monitoringu TSE v Slovenskej republike v súlade s platnou le",Diagnostické súpravy
3342646,Lehota realizácie prác v týždňoch,Predmetom zákazky je zníženie energetickej náročnosti budovy obecného úradu.,Stavebné práce
3342647,Lehota realizácie prác v týždňoch,Predmetom zákazky je znižovanie energetickej náročnosti budovy Obecného úradu Lesíček,Stavebné práce
3342658,Počet kalendárnych dní realizácie stavebných prác odo dňa prevzatia staveniska v dňoch,"Stavebné práce na kultúrnom dome v Novej Vsi nad Váhom pozostávajú zo zateplenia obvodového plášťa, zateplenie strechy, výmena otvorových výpní, rekonštrukcia kúrenia, rekonštrukcia vnútorných elektroinštalácií, výmena kla",Stavebné práce
3342670,Počet kalendárnych dní realizácie stavebnych prác odo dňa prevzatia staveniska v dňoch,"Stavebné práce na budove materskej školy v obci Hrnčiarske Zalužany pozostávajú zo zateplenia obvodového plášťa, zateplenia strešného plášťa, výmena otvorových konštrukcií, ostatné stavebné a dokončovacie práce, elektroin",Stavebné práce
3342678,Lehota výstavby,"Riešením projektu je zateplenie obalových konštrukcií objektu. Jedná sa predovšetkým o obvodové steny, a konštrukciu strechy. Taktiež sa navrhuje vymeniť staré okenné konštrukcie vyznačené vo výkresovej dokumentácií. Navrhova",Stavebné práce
3342731,Lehota výstavby vyjadrená v celých kalendárnych dňoch odo dňa odovzdania staveniska zhotoviteľovi,"Jedná sa o samostatne stojacu jednopodlažnú stavbu, vstavanú do volného priestoru medzi existujúci rodinný dom a existujúcu budovu skôlky. Stavba je zastrešená plochou strechou. Objekt prístavby má obdĺžnikový pôdorys. 
Z pohľ",Stavebné práce
3342734,Lehota dodania,Nákup traktora,Traktory/ťahače
3342737,Lehota výstavby,"Projekt rieši stavebné úpravy a zateplenie OcÚ. Ďalšie informácie vrátane vypracovaných technických špecifikácií, tvorí časť súťažných podkladov, projektova dokumentácia a výkaz výmer",Stavebné práce
3342746,Lehota realizácie prác v týždňoch,Predmetom zákazky je zvýšenie energetickej účinnosti materskej škôlky,Stavebné práce
3342748,Lehota realizácie prác v týždňoch,Predmetom zákazky je obnova Materskej školy Tušická Nová Ves,Stavebné práce
3342749,Lehota dodania v kalendarnych dnoch,Stavebné práce a rekonštrukcia dielní pre praktické vyučovanie,Stavebné práce
3342776,Lehota výstavby,Predmetom zákazky je rekonštrukcia kultúrneho domu v obci Jasenovce a zníženie jeho energetickej náročnosti.,Demontážne práce
3342780,Lehota výstavby,"Predmetom zákazky je rekonštrukcia chodníkov, autobusových zastávok v obci. Podrobný opis predmetu zákazky je
uvedený v súťažných podkladoch.",Práce spodnej stavby chodníkov
3342786,Lehota realizácie prác v týždňoch,Predmetom zákazky je zvýšenie energetickej účinnosti v objekte materská škola Kravany,Stavebné práce
3342788,Lehota realizácie prác v týždňoch,Predmetom zákazky je obnova budovy kultúrneho domu v obci Lekárovce,Stavebné práce
3342790,Lehota realizácie prác v týždňoch,Predmetom zákazky je zníženie energetickej náročnosti obecného domu v obci Ruská,Stavebné práce
3342792,Lehota výstavby,Projektová dokumentácia rieši chodník pre peších a vjazdy a vstupy do rodinných domov v obci Pakostov od miestnej komunikácie pozdĺž cesty II-554 ku kostolu resp. mostu smerom na Vranov nad Topľou. Stavba sa nachádza na pozemku s par,Stavebné práce
3342816,Lehota výstavby,"Predmetom zákazky je uskutočnenie stavebných prác v rámci II. etapy realizácie stavby ""Rekonštrukcia a energetická optimalizácia KD v obci Hontianske Tesáre"". Uskutočnením stavebných prác tejto časti - etapy výstavby sa zvýši p",Stavebné práce
3342818,Hodinová sadzba za činnosti nezahrnuté v paušálnej mesačnej cene,"Verejný obstarávateľ požaduje od uchádzača zabezpečiť a poskytovať komplexný servis, preventívnu údržbu a opravy výťahov uvedených v tabuľke, pozostávajúci zo zabezpečovania vysokej technickej a bezpečnostnej úrovne a trval",Opravy a údržba výťahov
3342819,Doba výstavby,"Predmetom zmluvy je vykonať dielo (stavbu) Náučný chodník obce Suchohrad podľa projektovej dokumentácie s následovnou špecifikáciou:
SO 01- Chodníky
Časť 1 novonavrhovaný pravostranný chodník pri ceste III/1115. Šírka chodní",Práce vrchnej stavby chodníkov
3342820,Lehota zahájenia stavebných prác od termínu odovzdania staveniska  vyjadrená v kalendárnych dňoch,"Predmetom zákazky je rozšírenie verejnej kanalizácie na Školskej ulici v obci Jarok, podľa podrobnej špecifikácie, ktorá je súčasťou súťažných podkladov",Stavebné práce na stavbe potrubných vedení vody a kanalizácie
3342820,Lehota ukončenia stavebných prác od termínu odovzdania staveniska  vyjadrená v kalendárnych mesiacoch,"Predmetom zákazky je rozšírenie verejnej kanalizácie na Školskej ulici v obci Jarok, podľa podrobnej špecifikácie, ktorá je súčasťou súťažných podkladov",Stavebné práce na stavbe potrubných vedení vody a kanalizácie
3342878,Lehota výstavby,"Projektová dokumentácia rieši zateplenie jestvujúcich vonkajších stien stavby a strechy objektu, zateplenie a opravu sokla, zateplenie stropu suterénu, výmenu vonkajších oceľových okien, výmenu dažďových žľabov a zvodov, výmen",Stavebné práce
3343001,Lehota realizácie,Dielom resp. predmetom zákazky je výstavba skladovacích kapacít s pozberovou úpravou: Sklad orechov - Modrany a Sklad orechov s pozberovou úpravou - Bátorove Kosihy. Bližšie informácie ohľadom predmetu zákazky sú uvedené v súťaž,Stavebné práce na skladoch tovaru
3343126,Lehota dodania,"Predmetom zákazky je obstaranie technológie na pozberovú úpravu a skladovanie poľnohospodárskych komodít + stavebnomontážne práce podľa podrobnej technickej špecifikácie, ktorá je súčasťou súťažných podkladov.",Špeciálne mechanizmy pre poľnohospodárstvo alebo lesníctvo
3343127,Počet kalendárnych dní realizácie stavebných prác odo dňa prevzatia staveniska  v dňoch,Prestavba obecnej budovy na centrum voľného času. Podrobný opis predmetu zákazky verejný obstarávateľ predkladá v súťažných podkladoch.,Stavebné práce
3343128,Počet kalendárnych dní realizácie stavebných prác odo dňa prevzatia staveniska  v dňoch,"Výstavba viacúčelového ihriska rozmerov 54x26 m, ktoré bude využívané širokou verejnosťou obce. Bude použitý betónový povrch, na ktorom budú vyznačené čiary hokejového, basketbalového, tenisového a volejbalového ihriska. V",Stavebné práce na stavbe plôch pre športové ihriská
3343138,Počet kalendárnych dní realizácie stavebných prác odo dňa prevzatia staveniska  v dňoch,"Výstavba viacúčelového ihriska, ktoré bude využívané širokou verejnosťou obce. SO-01 multifunkčné ihrisko 33x18 m SO-02 Detské ihrisko. Na ihriská bude použitý umelý športový povrch /multifunkčné ihrisko umelá tráva, detsk",Stavebné práce
3343149,Lehota dodania kompletného predmetu zákazky vyjadrená v kalendárnych dňoch odo dňa prevzatia staveniska,"Predmetom zákazky sú stavebné práce spočívajúce v modernizácií KSC (kultúrno-spoločenského centra) a úpravy stavebných objektov. V I. etape sa uvažuje zrealizovať nasledujúce práce:
- zateplenie obvodového muriva po celom obv",Stavebné práce
3343153,Lehota uskutočnenia prác uvedená v celých kalendárnych dňoch,"Predmetom rekoštrukcie je zateplenie a výmena strechy administratívnej budovy kultúrneho domu. Zámerom investora je výmena strešnej konštrukcie a strešnej krytiny z azbestu, za novú drevenú konštrukciu krovu a zastrešenie plechovou",Stavebné práce
3343154,Počet kalendárnych dní realizácie stavebných prác odo dňa prevzatia staveniska  v dňoch,"Rekonštrukcia detských ihrísk, zemné práce, sadovnícke úpravy, dodávka a osadenie detského mobiliáru.",Stavebné práce
3343158,Počet kalendárnych dní realizácie stavebných prác odo dňa prevzatia staveniska  v dňoch,"Rekonštrukcia detských ihrísk, zemné práce, sadové úpravy, sadovnícke úpravy, dodávka a osadenie detského mobiliáru.",Stavebné práce
3343166,Lehota realizácie,"Predmetom stavebných prác je vybudovanie multifunkčného ihriska, spevnených plôch pre parkovanie a zhromažďovanie ľudí a chodníkov pre pohyb osôb a výsadba nových stromov a zelene. Bližšie informácie sú uvedené v súťažných",Stavebné práce na stavbe športových zariadení
3343175,Počet kalendárnych dní realizácie stavebných prác odo dňa prevzatia staveniska v dňoch,"Rekonštrukcia miestnej komunikácie je časťou miestnej cestnej siete obce Krásna Ves. Ide o
rekonštrukciu cesty spájajúcu obecný úrad (smer Bánovce n. Bebravou) s futbalovým ihriskom (smer
Trenčín). Rekonštrukcia je vyvolaná pot",Stavebné práce
3343180,Technická pomoc,Predmetom zákazky je rekonštrukcia kultúrnosprávnej budovy v obci Buclovany. Podrobný opis predmetu zákazky je uvedený v súťažných podkladoch.,"Stavebné práce na stavbe budov pre voľný čas, šport, kultúru, ubytovanie a reštauračné stravovanie"
3343180,Lehota výstavby v kalendárnych dňoch,Predmetom zákazky je rekonštrukcia kultúrnosprávnej budovy v obci Buclovany. Podrobný opis predmetu zákazky je uvedený v súťažných podkladoch.,"Stavebné práce na stavbe budov pre voľný čas, šport, kultúru, ubytovanie a reštauračné stravovanie"
3343183,Lehota uskutočnenia práce v kalendárnych dňoch,"Odkanalizovanie navrhovanej IBV je navrhnuté delenou kanalizáciou. Splaškové odpadové vody z navrhovaného územia budú odvedené do existujúcej splaškovej kanalizácie, ktorá je situovaná v blízkosti Domu smútku. Splaškové odpadov",Stavebné práce
3343202,Lehota kompletného zhotovenia  od odovzdania staveniska(uvádza sa počet celých kalendárnych dní dní),"Podrobný opis predmetu zákazky, popis prác, funkčná a technická špecifikácia a technické parametre obstarávaného predmetu zákazky, ktoré požaduje verejný obstarávateľ vykonať a realizovať ako Dielo tvorí v celom rozsahu predm",Stavebné práce
3343203,Lehota kompletného zhotovenia  od odovzdania staveniska(uvádza sa počet celých kalendárnych dní dní),"Podrobný popis prác, špecifikácia a technické parameter, ktoré požaduje verejný obstarávateľ vykonať a realizovať ako dielo je uvedený bližšie v prílohe č.1 týchto súťažných podkladov, ktorou je projektová dokumentácia di",Stavebné práce
3343204,Lehota kompletného zhotovenia  od odovzdania staveniska(uvádza sa počet celých kalendárnych dní dní),"Podrobný opis predmetu zákazky, popis prác, funkčná a technická špecifikácia a technické parametre obstarávaného predmetu zákazky, ktoré požaduje verejný obstarávateľ vykonať a realizovať ako Dielo tvorí v celom rozsahu predm",Stavebné práce
3343217,2. Lehota dodania,"- Búracie práce
- Stavebné úpravy
- Zateplenie obvodového plášťa budovy
- Vonkajšie nátery a vysieťkovanie vonkajších časti objektu
- Rekonštrukcia bleskozvodov na novej fasáde",Stavebné práce na stavbe budov
3343224,2. Lehota dodania,"Zateplenie budovy Obecného úradu Hranovnica, blizsie informacie v sutaznych podkladoch.",Stavebné práce na stavbe budov
3343227,Lehota realizácie v dňoch,Predmetom zákazky je rekonštrukcia a modernizácia existujúcej stavby - domu smútku a jeho okolia. Podrobný opis prác je definovaný v súťažných podkladoch. Realizácia prác bude v súlade s projektovou dokumentáciou a v rozsahu výk,Stavebné práce na stavbe budov
3343231,Lehota realizácie v dňoch,"Predmetom zákazky je rekonštrukcia existujúcej stavby prístavbou prístrešku a spevnenej plochy. Rekonštrukcia pozostáva z výmeny výplňových konštrukcií za nové plastové, opravy podlahy, opravy omietok vnútorných stien a fasády",Stavebné práce na stavbe budov
3343233,Lehota realizácie,"Architektonické riešenie navrhovaného objektu je prestrešenie pódia amfiteátra, ktoré je spojené zo stenou šatní. Navrhované prestrešenie sa stavebne prepojí s existujúcou budovou v mieste predsunutej atiky a tým vytvorí vizuáln",Stavebné práce na stavbe budov určených pre umenie a kultúru
3343240,2. lehota dodania,Modernizácia domu smútku a jeho okolia v obci Nižný Orlík. Bližšie informácie v súťažných podkladoch.,Stavebné práce
3343245,lehota zhotovenia diela,"Predmetom zákazky je riešenie protipožiarnej bezpečnosti požiarnej zbrojnice v kat. úz.: Bodíky, na parcele 876/47. V rámci tejto stavby sa jedná o stavebné úpravy na zníženie energetickej náročnosti jednopodlažového objektu. Ob",Stavebné práce na stavbe budov určených pre umenie a kultúru
3343274,lehota zhotovenia diela,"Predmetom zákazky je vybudovanie multifunkčného ihriska, a prístupového chodníka so zeleňou. Stavenisko sa nachádza v obci Výškovce nad Ipľom vedľa futbalového ihriska. Okolie je neupravená trávnatá plocha. Na stavenisku v súča",Stavebné práce na stavbe plôch pre športové ihriská
3343279,Celková doba výstavby,Predmetom obstarávania sú stavebné práce na Doplnenie vybavenosti v areáli športu Mojš - modernizáciou(revitalizáciou) areálu ihriska pre dospelých a detského ihriska,Stavebné práce na stavbe plôch pre detské ihriská
3343300,Zabezpečený záručný servis a pozáručný servis - poskytnutie do počtu dní,"1)Traktor
Nominálny výkon min. 100 kW
Motor 6 valcový
Vstrekovanie Common Rail
Medzichladič stlačeného vzduchu
Elektrohydraulicky ovládaný vývodový hriadeľ
Otáčky vývodového hriadeľa 540/540E/1000 ot/min
100% uzávierka di",Poľnohospodárske stroje
3343300,Lehota realizácie v dňoch,"1)Traktor
Nominálny výkon min. 100 kW
Motor 6 valcový
Vstrekovanie Common Rail
Medzichladič stlačeného vzduchu
Elektrohydraulicky ovládaný vývodový hriadeľ
Otáčky vývodového hriadeľa 540/540E/1000 ot/min
100% uzávierka di",Poľnohospodárske stroje
3343302,Lehota výstavby,2.1.Predmetom zákazky je prestavba bývalej starej školy na Dom smútku. Táto jednoúčelová stavba z hľadiska kódexu hygieny a dôstojnosti obradu poslednej rozlúčky doteraz v obci veľmi chýba.,Demontážne práce
3343311,Čas potrebný na nástup na odstránenie závad v reklamačnom období v dňoch,"Jedná sa o vybudovanie multifunkčného ihriska s rozmermi 33m x 18m, ktoré bude vybavené mantinelovým systémom výšky 1,25m so sieťou výšky 2,5 m, basketbalovým košom a verejným osvetlením. Povrch ihriska má byť odvodnený a vrch",Stavebné práce na objektoch viacúčelových športových zariadení
3343312,Lehota výstavby,"SO 01 Komunitné centrum pre seniorov, objekt s.č. 399, č.parcely 249
Úprava fasády na existujúcom objekte bývalého obecného úradu, vytvorenie podmienok pre účelné využitie pre stretávanie seniorov, vykonávanie spoločenských po","Stavebné práce na stavbe budov pre voľný čas, šport, kultúru, ubytovanie a reštauračné stravovanie"
3343323,Lehota výstavby,"Objekt je jednopodlažný objekt s čiastočným suterénom s pultovou strechou s malým sklonom, v zadnej časti dostavaný prístavbou. Prístavba je tiež jednopodlažný objekt s pultovou strechou malého sklonu. Dispozične je členený na",Stavebné práce
3343327,Lehota výstavby,"Predmetom zákazky je rekonštrukcia jestvujúceho objektu kultúrneho domu v obci Trpín, ktorého súčasťou je aj rekonštrukcia vykurovania. V rámci vykurovania je potrebné dodržať tieto technické parametre a skladbu príslušenstva ko",Stavebné práce
3343331,Lehota výstavby,"Predmetný objekt je prízemný a pochádza zrejme zo začiatku 20. storočia.Riešená časť objektu má tvar obdĺžnika s vystupujúcou hmotou prístavby vo východnej časti, zastrešená je čiastočne sedlovou a čiastočne plochou strech",Stavebné práce
3343334,Lehota výstavby,"Existujúci objekt je situovaný na parcelách evidovaných v katastrálnom území obce Hontianske Tesáre typu C, čísla 158/1 (LV 1) a 158/3 (LV 414), vlastníkom ktorých je stavebník tvoria stavebný pozemok. Vlastná budova so súp. čí",Stavebné práce
3343338,Lehota kompletného zhotovenia od odovzdania staveniska ( uvádza sa počet kalendárnych dní),"Podrobný opis predmetu zákazky, popis prác, funkčná a technická špecifikácia a technické parametre obstarávaného predmetu zákazky, ktoré požaduje verejný obstarávateľ vykonať a realizovať ako Dielo tvorí v celom rozsahu predm",Stavebné práce
3343342,Hmotnosť umelej trávy kg/m2,"Predmetom zákazky je vybudovanie viacúčelového športového ihriska s povrchom z umelej trávy v obci Hrubá Borša. Pozemok, na ktorom bude budúce ihrisko umiestnené, je v zastavanom území obce.
Pozemok je prevažne rovinatý. V čase",Stavebné práce na stavbe plôch pre športové ihriská
3343342,Hodnota DTex ponúkanej trávy,"Predmetom zákazky je vybudovanie viacúčelového športového ihriska s povrchom z umelej trávy v obci Hrubá Borša. Pozemok, na ktorom bude budúce ihrisko umiestnené, je v zastavanom území obce.
Pozemok je prevažne rovinatý. V čase",Stavebné práce na stavbe plôch pre športové ihriská
3343345,Počet kalendárnych dní realizácie stavebných prác odo dňa prevzatia staveniska v dňoch,"Rekonštrukciou sa účel Športového areálu v obci Krásna Ves nemení. V rámci modernizácie objektu sa vyhotoví rekonštrukcia a zateplenie objektu šatní, rekonštrukcia tribúny, výmena zábradlia pre divákov, spevnené plochy, čias",Stavebné práce
3343364,lehota výstavby v kalendárnych dňoch,"Predmetom zákazky je úprava jestvujúceho chodníka a vjazdov v rozsahu podľa časti B.1 súťažných podkladov a
ostatných oddelených príloh súťažných podkladov",Stavebné práce
3343369,lehota výstavby v kalendárnych dňoch,"Predmetom zákazky je rekonštrukcia budovy kultúrneho domu, v rozsahu podľa časti B.1 súťažných podkladov a
ostatných oddelených príloh súťažných podkladov",Stavebné práce na stavbe budov určených pre umenie a kultúru
3343372,lehota výstavby v kalendárnych dňoch,"Predmetom zákazky je rekonštrukcia budovy obecného úradu, v rozsahu podľa časti B.1 súťažných podkladov a ostatných oddelených príloh súťažných podkladov",Stavebné práce na stavbe budov
3343392,Technická pomoc,Predmetom zákazky je revitalizácia verejných priestranstiev obce Klokočov. Podrobný opis predmetu zákazky je uvedený v súťažných podkladoch.,Stavebné práce na stavbe budov
3343392,Lehota výstavby,Predmetom zákazky je revitalizácia verejných priestranstiev obce Klokočov. Podrobný opis predmetu zákazky je uvedený v súťažných podkladoch.,Stavebné práce na stavbe budov
3343399,Termín dodania predmetu zákazky  vyjadrený v kalendárnych dňoch,Predmetom zákazky je SO 01 Ulica Popri kostole - rekonštrukcia jestvujúcej miestnej komunikácie Popri kostole. Navrhované je vykonanie stavebných úprav na komunikácii s vyriešením odvedenia zrážkových vôd z plochy komunikácie v s,Stavebné práce
3343404,Termín dodania predmetu zákazky  vyjadrený v kalendárnych dňoch,"Predmetom zákazky je výstavba miestnej komunikácie v lokalite ""Vyšné riečište"" v rozsahu podľa projektovej dokumentácie.",Stavebné práce
3343414,Lehota výstavby,"Predmetom zákazky je zníženie energetickej náročnosti budovy zlepšením tepelnoizolačných vlastností obalových konštrukcií - dodatočné zateplenie obvodového plášťa kontaktným zatepľovacím systémom, výmena okien a vonkajš",Stavebné práce
3343424,Lehota realizácie,"Stavebné úpravy pozostávajú predovšetkým z exteriérových zásahov ako je zateplenie objektu, výmeny krytiny a klampiarskych prvkov, výmeny okien, dverí, vrát a zastrešenia hlavného vstupu, ktorý v súčasnosti vykazuje značné po",Stavebné práce na stavbe budov určených pre umenie a kultúru
3343426,Lehota realizácie,"Investor plánuje výmenu pôvodnej eternitovej strešnej krytiny, zateplenie obvodových stien, suterénnych stien
a využitie skladu na 1.PP ako technickú miestnosť, kde bude umiestnený kotol na pelety. Bližšie informácie sú uvedené v",Stavebné práce na stavbe budov určených pre umenie a kultúru
3343432,Lehota výstavby (lehota plnenia predmetu zákazky) vyjadrená v celých kalendárnych dňoch odo dňa odovzdania staveniska,Predmetom zákazky je realizácia projektu Stavebné úpravy a investície do využitia obnoviteľných zdrojov vrátane investícii spojených s úsporou energie Kultúrny dom obec Orávka,Tepelnoizolačné práce
3343445,Lehota uskutočnenia práce v kalendárnych dňoch,Predmetom zákazky je zvýšenie energetickej účinnosti budovy obecného úradu.,Stavebné práce
3343464,Lehota výstavby (lehota plnenia predmetu zákazky) vyjadrená v celých kalendárnych dňoch odo dňa odovzdania staveniska,Predmetom zákazky je realizácia projektu Stavebné úpravy a investície do využitia obnoviteľných zdrojov vrátane investícii spojených s úsporou energie Obecný úrad Figa (ďalej v SP len Stavebné úpravy Obecný úrad Figa,Tepelnoizolačné práce
3343468,Lehota realizácie prác v týždňoch,"Podrobný opis prác je definovaný v súťažných podkladoch. Realizácia prác bude v súlade s projektovou dokumentáciou a v rozsahu výkazov výmer, ktoré tvoria prílohu súťažných podkladov.",Stavebné práce na stavbe budov
3343471,Lehota výstavby (lehota plnenia predmetu zákazky) vyjadrená v celých kalendárnych dňoch odo dňa odovzdania staveniska,"Predmetom zákazky je realizácia projektu: Vodozádržný systém v obci Sirník. Účelom je je vybudovanie dvoch retenčných nádrži v severovýchodnej časti intravilánu obce pri melioračnom kanáli Hraň Sirník, na území rovinatom s",Protipovodňové práce
3343475,Lehota výstavby (lehota plnenia predmetu zákazky) vyjadrená v celých kalendárnych dňoch odo dňa odovzdania staveniska,Predmetom zákazky je realizácia projektu Stavebné úpravy a investície do využitia obnoviteľných zdrojov vrátane investícii spojených s úsporou energie Obecný úrad Gemerské Michalovce (ďalej v SP len Stavebné úpravy Obecný úra,Tepelnoizolačné práce
3343481,lehota výstavby v kalendárnych dňoch,"Predmetom zákazky je úprava interiéru domu smútku, v rozsahu podľa časti B.1 súťažných podkladov a
ostatných oddelených príloh súťažných podkladov",Stavebné práce na stavbe budov
3343487,Lehota výstavby (lehota plnenia predmetu zákazky) vyjadrená v celých kalendárnych dňoch odo dňa odovzdania staveniska,Predmetom zákazky je realizácia projektu Stavebné úpravy a investície do využitia obnoviteľných zdrojov vrátane investícii spojených s úsporou energie Obecný úrad Zádor (ďalej v SP len Stavebné úpravy Obecný úrad Zádor,Tepelnoizolačné práce
3343500,Lehota výstavby (lehota plnenia predmetu zákazky) vyjadrená v celých kalendárnych dňoch odo dňa odovzdania staveniska,Predmetom zákazky je realizácia projektu Zníženie energetickej náročnosti obecného úradu - kaštieľa v obci Valice,Tepelnoizolačné práce
3343537,Lehota realizácie,"Stavba je navrhovaná za účelom dočasného umiestnenia a uskutočnenia dôstojnej rozlúčky zosnulých občanov obce. Jedná sa o jednopodlažný objekt, nepodpivničený s pultovou strechou. Lokalita výstavby sa nachádza v intraviláne ob",Stavebné práce na stavbe budov
3343541,Lehota výstavby v kalendárnych dňoch,Predmetom obstarávania je vybudovanie kanalizačného zberača AA DN 300 mm typ X-STREAM o dĺžke cca 292m.,Kanalizačné práce
3343545,lehota zhotovenia diela,Predmetom zákazky je rekonštrukcia strechy telocvične základnej školy v obci Trnavá Hora. Základná škola sa nachádza v centrálnej časti obce. Objekt telocvične je osadený v svahovitom teréne a je obkolesený nezastavanými prevaž,Budovy školiacich zariadení
3343549,Lehota výstavby (lehota plnenia predmetu zákazky) vyjadrená v celých kalendárnych dňoch odo dňa odovzdania staveniska,Predmetom zákazky je realizácia projektu Stavebné úpravy a investície do využitia obnoviteľných zdrojov vrátane investícii spojených s úsporou energie Obecný úrad Vieska nad Blhom,Tepelnoizolačné práce
3343550,doba výstavby v dňoch,Zvýšenie energetickej účinnosti existujúcej verejnej budovy kultúrny dom obec Práznovce,Stavebné práce na stavbe budov určených pre umenie a kultúru
3343588,Lehota výstavby,"Objekt obecnej budovy bol zrealizovaný v rokoch 1958 - 1959 v tradičnej technológii tej doby, ako murovaný objekt s murivom s PP tehál a prefabrikovanými stropmi. Onjekt Obecnej budovy bol zrealizovaný bez ohľadu na energetickú úsporno",Stavebné práce
3343590,Lehota výstavby,"Projekt stavby rieši prestavbu jestvujúcej starej budovy na klub dôchodcov a spoločenské centrum, kde prestavba pozostáva z demontáže dažďových zvodov aj pododkvapových žľabov, rozbúrania pôvodnej strešnej konštrukcie a krytiny",Stavebné práce
3343603,lehota výstavby v kalendárnych dňoch,"Pôvodný objekt obecného úradu mal využité len prízemie, kde boli kancelárie, sobášna sieň a priestory hygieny. V novom návrhu na prízemí vľavo od vstupu je umiestnená administratívna časť kancelária starostu, kancelária matr",Stavebné práce na stavbe budov určených pre umenie a kultúru
3343607,Lehota realizácie,Predmetom zákazky je rekonštrukcia obecného úradu v obci Trávnik s cieľom zlepšenia energetickej náročnosti budovy.,Tepelnoizolačné práce
3343611,Lehota realizácie,Predmetom zákazky je rekonštrukcia obecného úradu v obci Patince s cieľom zlepšenia energetickej hospodárnosti budovy.,Tepelnoizolačné práce
3343613,Lehota realizácie,Predmetom zákazky je rekonštrukcia obecného úradu v obci Mudroňovo s cieľom zníženia energetickej náročnosti budovy.,Tepelnoizolačné práce
3343614,Lehota realizácie,Stavebné práce na rekonštrukcií materskej škôlky v obci Kvašov. Bližšie informácie sú uvedené v súťažných podkladoch.,Stavebné práce na stavbe budov materských škôl
3343618,Lehota kompletného zhotovenia od odovzdania staveniska ( uvádza sa počet kalendárnych dní),"Podrobný opis predmetu zákazky, popis prác, funkčná a technická špecifikácia a technické parametre obstarávaného predmetu zákazky, ktoré požaduje verejný obstarávateľ vykonať a realizovať ako Dielo tvorí v celom rozsahu predm",Stavebné práce
3343620,Lehota kompletného zhotovenia od odovzdania staveniska ( uvádza sa počet kalendárnych dní),"Podrobný opis predmetu zákazky, popis prác, funkčná a technická špecifikácia a technické parametre obstarávaného predmetu zákazky, ktoré požaduje verejný obstarávateľ vykonať a realizovať ako Dielo tvorí v celom rozsahu predm",Stavebné práce
3343626,Celková doba výstavby,"Predmetom zákazky sú stavebné práce na úprave verejného priestranstva pred Obecným úradom Dolný Vadičov, ktoré sú podrobne uvedené v technickej správe , ktorá je súčasťou Súťažných podkladov. Súčasťou zákazky je aj dod",Stavebné práce na stavbe peších zón
3343628,Lehota v ýstavby,"Predmetom zákazky je rekonštrukcia Domu nádeje v obci Dukovce v členení:
SO 01 Rekonštrukcia Domu nádeje
SO 02 Oplotenie
Podrobnejšia špecifikácia je uvedená v projektovej dokumentácii a výkaze výmer, ktoré sú súčasťou sú",Stavebné práce
3343637,Lehota výstavby v pracovných dňoch,Predmetom zákazky je úprava verejného priestranstva v obci Beňadovo.,Stavebné práce
3343639,Lehota výstavby,"Predmetom stavby je realizácia I. etapy obecného verejného vodovodu pozostávajúca z vetvy ""B"" a vetvy ""C"". Účelom stavebno-technického riešenia predmetnej stavby je vybudovaním - rekonštrukciou verejného obecného vodovodu zabezpeči",Stavebné práce
3343661,lehota zhotovenia diela,"Predmetom zákazky je rekonštrukcia kultúrneho domu v obci Bodíky. Projekt rieši celkové zateplenie objektu obvodových stien a strechy, výmenuvýplňových konštrukcií dverí, okien, stavebné úpravy na objekte výmenu klampiarskychkon",Stavebné práce na stavbe budov určených pre umenie a kultúru
3343662,lehota zhotovenia diela,"Predmetom zákazky je rekonštrukcia kultúrneho domu v obci Vieska. Jestvujuci objekt je jednopodlazny, zastreseny valbovou strechou, cast objektu je zastreseny plochou strechou. Zvisly nosny system objektu pozostava z murovanych stien. Nosne s",Stavebné práce na stavbe budov určených pre umenie a kultúru
3343664,lehota zhotovenia diela,"Predmetom zákazky je zateplenie trojpodlažného kultúrného domu v obci Hrachovo. 
Strecha predmetnej budovy je plochá časť je sedlová nad estrádnou sálou. Krytina je ťažká lepenka a trapézový plech. Strop je železobetónový dos",Stavebné práce na stavbe budov určených pre umenie a kultúru
3343674,Lehota Výstavby v kalendárnych dňoch,"Úlohou projektu predmetnej stavby bolo, z dôvodu zvýšenia energetickej efektívnosti a úspor energií počas vykurovacieho obdobia, navrhnúť nasledovné stavebné práce:
-zateplenie vonkajších obvodových múrov budovy, 
-zateplenie",Stavebné práce na stavbe budov určených pre umenie a kultúru
3343699,lehota zhotovenia diela,Predmetom zákazky je rekonštrukcia a prístavba domu smútku v obci Vrbová nad Váhom v okrese Komárno. Budova sa nachádza na miestnom cintoríne. Stavebný pozemok sa nachádza v katastrálnom území Vrbová nad Váhom - č.p.: 2844. Poze,Stavebné práce
3343704,Lehota realizácie,Dielom resp. predmetom zákazky je rekonštrukcia kultúrneho domu v obci Lovča vrátane riešenia OZE. Bližšie informácie ohľadom predmetu zákazky sú uvedené v súťažných podkladoch.,Stavebné práce na stavbe budov určených pre umenie a kultúru
3343707,Lehota realizácie,"Predmetom zákazky je rekonštrukcia nevyužívaného objektu pre komnitnú / spolkovú činnosť seniorov v obci Dolná
Ždaňa, vrátane riešenia OZE. Bližšie informácie ohľadom predmetu zákazky sú uvedené v súťažných podkladoch.",Stavebné práce na stavbe zariadení pre voľný čas
3343711,Lehota realizácie,Predmetom zákazky je zmena exist. objektu materskej škôlky rekonštrukciou a dodatočným zateplením v obci Mýtne Ludany.,Stavebné práce
3343715,Lehota realizácie,Predmetom zákazky je rekonštrukcia kultúrneho domu v obci Domadice podľa projektovej dokumentácie a výkazu výmer.,Stavebné práce
3343762,Počet kalendárnych dní realizácie stavebných prác odo dňa prevzatia staveniska.,Zateplenie budovy a modernizácia plynovej kotolne vylepší energetickú hospodárnosť existujúcej budovy. Fasáda bude obložená dodatočnym zateplením certifikovanym kontaktnym zateplovacím systémom.Všetky okná budú demontované a na,Stavebné práce
3343781,Celková doba výstavby,"Predmetom zákazky sú stavebné práce na rekonštrukcii, obnove stavu kritických miest budovy a zníženie energetickej náročnosti budovy, obnova strešnej roviny, výmena fasádnych otvorov, zateplenie obvodových stien, osadenie solárnej",Renovačné práce
3343783,Lehota realizácie prác v týždňoch,"Podrobný opis prác je definovaný v súťažných podkladoch. Realizácia prác bude v súlade s projektovou dokumentáciou a v rozsahu výkazov výmer, ktoré tvoria prílohu súťažných podkladov.",Stavebné práce na stavbe budov
3343789,Lehota realizácie,Predmetom zákazky je rekonštrukcia kultúrneho domu podľa projektovej dokumentácie a výkazu výmer.,Stavebné práce
3343790,Lehota realizácie,Predmetom zákazky je rekonštrukcia kultúrneho domu v obci Šalgóčka s cieľom zníženia energetickej náročnosti bodovy.,Stavebné práce
3343792,Lehota realizácie,Predmetom zákazky je rekonštrukcia kultúrno-spoločenského centra s cieľom zlepšenia energetickej efektívnosti budovy.,Stavebné práce
3343794,Lehota realizácie,Predmetom zákazky je rekonštrukcia obecného úradu v obci Strážne.,Tepelnoizolačné práce
3343796,Lehota výstavby v pracovných dňoch,Stavebné úpravy na dome smútku p.č. 685 - OSRBLIE,Stavebné práce
3343816,Čas realizácie,"Rekonštrukcia protipožiarnej lesnej cesty o celkovej dĺžke 4,233 km a zvýšením jej kategórie na 1Ld 4,0/30",Stavebné práce na výstavbe ciest
3343829,Lehota dodania,Nákup strojov a náradia spojených so živočíšnou výrobou.,Žacie mechanizmy
3343831,Lehota dodania,"Vybavenie IKT : Ozvučenie priestorov, zabezpečovaci system, Software sprava, Označenie prevádzky, infotabule vrátane inštalácie",Softvérové balíky a informačné systémy
3343835,Zabezpečený záručný servis a  pozáručný servis - - poskytnutie do počtu dní,"1) Traktor
-Nominálny výkon min. 70 kW
-Motor 4 valcový
-Vstrekovanie CommonRail
-Palivová nádrž min. 120 l
-Medzichladič stlačeného vzduchu
-Elektrohydraulicky ovládaný vývodový hriadeľ
-Otáčky vývodového hriadeľa 540/",Poľnohospodárske stroje
3343835,Lehota realizácie v dňoch,"1) Traktor
-Nominálny výkon min. 70 kW
-Motor 4 valcový
-Vstrekovanie CommonRail
-Palivová nádrž min. 120 l
-Medzichladič stlačeného vzduchu
-Elektrohydraulicky ovládaný vývodový hriadeľ
-Otáčky vývodového hriadeľa 540/",Poľnohospodárske stroje
3343852,Lehota realizácie prác v mesiacoch,"Predmetom zákazky je rekonštrukcia poľných ciest (vybudovanie spodnej vrstvy a vrchnej asfaltovej vrstvy), terénne úpravy, úprava potoka a protierózne opatrenia a vybudovanie záchytnej nádrže.",Stavebné práce na stavbe vedľajších ciest
3343857,Technická pomoc,Predmetom zákazky je výstavba domu smútku v obci Čelovce. Podrobný opis predmetu zákazky je uvedený v súťažných podkladoch.,"Stavebné práce na stavbe budov určených pre zdravotnícke a sociálne služby, krematóriá a verejné záchody"
3343857,Termín realizácie predmetu zákazky,Predmetom zákazky je výstavba domu smútku v obci Čelovce. Podrobný opis predmetu zákazky je uvedený v súťažných podkladoch.,"Stavebné práce na stavbe budov určených pre zdravotnícke a sociálne služby, krematóriá a verejné záchody"
3343859,Lehota výstavby,"Cieľom realizácie predmetnej zákazky je návrh úpravy vybraných plôch v obci tak, aby sa zvýšila jej estetická a funkčná hodnota. Po ukončení rekonštrukcie sa dosiahne podstatné zlepšenie hygieny a zvýši sa čistota a kultúrno",Stavebné práce
3343873,"Kritérium č. 2 Lehota výstavby predmetného diela od prevzatia staveniska po odovzdanie diela v kalendárnych dňoch, ktorú navrhne uchádzač",Predmetom zákazky je vybudovanie miestnej komunikácie ako spojnicu medzi miestnymi komunikáciami medzi základnou školou a materskou školou pre zlepšenie príjazdu k rodinným domom a výmenu autobusových prístreškov pri autobusovej zas,Stavebné práce na výstavbe ciest
3343877,Lehota výstavby,Predmetom zákazky je rekonštrukcia obrusnej vrstvy a podkladovej vrstvy existujúcich vozoviek a výstavba novej vozovky podľa vypracovaného projektu na ohlásenie stavebných úprav. Užívateľom zrekonštruovaných miestnych komunikácií,Stavebné práce
3343879,Lehota výstavby,Predmetom zákazky je rekonštrukcia obrusnej vrstvy a podkladovej vrstvy existujúcich vozoviek a výstavba novej vozovky podľa vypracovaného projektu na ohlásenie stavebných úprav. Užívateľom zrekonštruovaných miestnych komunikácií,Stavebné práce
3343881,Lehota výstavby,"Rekonštruované miestne komunikácie v obci Selce sprístupňujú turistické zaujímavosti obce a budovy využívané pre turistické ubytovanie. Zároveň sprístupňujú obecný úrad s kultúrnym domom, nachádzajúci sa na severnom okraji",Stavebné práce
3343882,Lehota výstavby,"Jedná sa o rekonštrukciu miestnych komunikácií a chodníka pozostávajúcu z rekonštrukcie existujúcich krytov miestnych komunikácií a chodníka, ako aj odstránenia existujúcich obrubníkov a vybudovania nových. Rekonštruované komun",Stavebné práce
3343885,Lehota výstavby,"Cieľom realizácie predmetnej zákazky sú úpravy vybraných plôch v obci tak, aby sa zvýšila ich estetická funkcia i funkčná hodnota. Po ukončení rekonštrukcie sa dosiahne podstatné zlepšenie hygieny a zvýši sa čistota a kultúr",Stavebné práce
3343890,"Kritérium č. 2 Lehota výstavby predmetného diela od prevzatia staveniska po odovzdanie diela v kalendárnych dňoch, ktorú navrhne uchádzač","Predmetom zákazky je budova dvojtriednej základnej školy, ktorá je dlhšiu dobu nevyužitá. Obec mieni rekonštrukciou začať využívať budovu ako kultúrny dom, zriadi v ňom knižnicu, priestory budú využité aj na ostatné záujmov","Stavebné práce na stavbe budov pre voľný čas, šport, kultúru, ubytovanie a reštauračné stravovanie"
3343899,Lehota výstavby,Zateplenie budovy kultúrneho domu v obci Šarišské Bohdanovce,Stavebné práce
3343900,Lehota výstavby,Rekonštrukcia budovy kultúrneho domu v obci Šarišské Bohdanovce,Stavebné práce
3343902,Najkratšia lehota realizácie prác v mesiacoch,Predmetom zákazky je úprava a rekonštrukcia miestnych komunikácií.,Stavebné práce
3343904,Lehota výstavby v kalendárnych dňoch,"Vybudovanie chodníka a spevnených plôch, ktoré sú súčasťou revitalizácie centrálnej zóny obce Kravany nad Dunajom",Stavebné práce na stavbe chodníkov
3343910,Lehota dodania,Predmetom zákazky je obstaranie strojov pre mliekarenský priemysel. Bližšie informácie ohľadom predmetu zákazky sú uvedené v súťažných podkladoch.,"Zariadenia na spracovanie potravín, nápojov a tabaku a ich súvisiace časti"
3343917,Lehota výstavby,Zateplenie kultúrneho domu a obecného úradu Vyšná Voľa,Stavebné práce
3343921,Technická pomoc,Predmetom zákazky je rekonštrukcia kultúrno správnej jednotky a zlepšenie tepelnotechnických parametrov budovy. Podrobný opis predmetu zákazky je uvedený v súťažných podkladoch.,"Stavebné práce na stavbe budov pre voľný čas, šport, kultúru, ubytovanie a reštauračné stravovanie"
3343921,Lehota výstavby,Predmetom zákazky je rekonštrukcia kultúrno správnej jednotky a zlepšenie tepelnotechnických parametrov budovy. Podrobný opis predmetu zákazky je uvedený v súťažných podkladoch.,"Stavebné práce na stavbe budov pre voľný čas, šport, kultúru, ubytovanie a reštauračné stravovanie"
3343922,Technická pomoc,Predmetom zákazky je dodávka stavebných prác na prestavbe bývalej budovy školy na ubytovacie zariadenie. Podrobný opis predmetu zákazky je uvedený v súťažných podkladoch.,Stavebné práce na stavbe obytných budov
3343922,Lehota výstavby,Predmetom zákazky je dodávka stavebných prác na prestavbe bývalej budovy školy na ubytovacie zariadenie. Podrobný opis predmetu zákazky je uvedený v súťažných podkladoch.,Stavebné práce na stavbe obytných budov
3343927,Lehota výstavby,Projekt rieši návrh chodníkov pozdĺž cesty III-3327 v obci Ďurďošík od križovatky s cestou I/50 až po miestny cintorín.,Stavebné práce na stavbe chodníkov
3343931,Lehota realizácie,"Rekonštrukciou a modernizáciou kultúrneho domu bude riešené v prvom rade výmena strešnej krytiny celého objektu, odizolovanie základov, odvodnenie zrážkovej vody. Ďalej bude riešené zateplenie obvodového plásťa objektu s kontakt","Stavebné práce na stavbe budov pre voľný čas, šport, kultúru, ubytovanie a reštauračné stravovanie"
3343935,Lehota výstavby v pracovných dňoch,Predmetom zákazky je výstavba a rekonštrukcia miestnych komunikácií a chodníkov v obci Koromľa.,Stavebné práce
3343941,Lehota výstavby v pracovných dňoch,"Predmetom obstarávania je vytvorenie ubytovacieho zariadenia Villa Zoja s reštauráciou formou prestavby a prístavby k existujúcim objektom (budova materskej školy, kotolňa, sklady).",Stavebné práce
3343943,Lehota realizácie,"Objekt kultúrneho domu v obecnej budove v Hornom Badíne bol realizovaný ako charakteristický objekt z prelomu päťdesiatych a šesťdesiatych rokov minulého storočia a bol dokončený v roku 1960. Napriek päťdesiatročnej existencii, po","Stavebné práce na stavbe budov pre voľný čas, šport, kultúru, ubytovanie a reštauračné stravovanie"
3343972,Lehota výstavby,"Predmetom zákazky je zriadenie viacúčelového ihriska rozmerov 18,0 x 33,0 m s umelým trávnatým povrchom a mantinelmi s ochrannými sieťami. Ihrisko bude slúžiť žiakom školy.",Výkopové zemné práce a presun zemín
3343972,Technické riešenie dodávky mantinelového systému,"Predmetom zákazky je zriadenie viacúčelového ihriska rozmerov 18,0 x 33,0 m s umelým trávnatým povrchom a mantinelmi s ochrannými sieťami. Ihrisko bude slúžiť žiakom školy.",Výkopové zemné práce a presun zemín
3343981,Lehota výstavby,"Predmetom zákazky je uskutočnenie I. etapy opravy jestvujúceho objektu kultúrneho domu v Ladzanoch. Jedná sa o trojpodlažný objekt (suterén, prízemie, poschodie) zrealizovaný v druhej polovici 20-teho storočia. Zastrešenie objektu je",Stavebné práce
3343982,Lehota výstavby,Jedná sa o energetickú optimalizáciu jestvujúceho objektu Kultúrneho domu. Stavebné práce pozostávajú zo zateplenia obvodových stien predmetného objektu a výmenu výplní otvorov v obvodových stenách. Jestvujúci objekt kultúrneho,Stavebné práce
3343993,Doba realizácie v dňoch,Predmetom zákazky je zateplenie strechy a rekonštrukcia kotolne kultúrneho domu a obecného úradu v obci Dolná Krupá. Bližšie špecifikované v súťažných podkladoch.,Stavebné práce
3343994,Lehota výstavby v pracovných dňoch,Obnova domu kultúry - Beluša,Stavebné práce
3344013,Lehota výstavby v kalendárnych dňoch,"Úprava a tvorba verejných priestranstiev obce Kravany nad Dunajom, ktoré sú súčasťou revitalizácie centrálnej zóny obce Kravany nad Dunajom",Cestičky a iné spevnené povrchy
3344017,Lehota výstavby,"Jestvujúci objekt Kultúrneho domu je v súčasnosti užívaný, prízemný, nepodpivničený , s nevyužívanou povalou pod sedlovou strechou. Je osadený v rovinatom teréne. Krytina strechy je z pozinkovaného plechu. Rekonštrukciou sa neme",Stavebné práce
3344021,"Kritérium č. 2: Lehota výstavby predmetného diela od prevzatia staveniska po odovzdanie diela v kalendárnych dňoch, ktorú navrhne uchádzač","Projekt stavby rieši rekonštrukciu a rozšírenie komunikácie z dôvodu sfunkčnenia a obnovy poškodenej komunikácie vhodnou a trvalou úpravou. Rekonštrukcia spočíva v odstránení krytu vozovky a jej konštrukcie, úpravy pozemnej plá",Stavebné práce na výstavbe ciest
3344025,"Lehota výstavby predmetného diela od prevzatia staveniska po odovzdanie diela v kalendárnych dňoch, ktorú navrhne uchádzač",Obnova budovy - zateplenie obvodového plášťa a strešného plášťa.,Stavebné práce
3344041,Lehota výstavby,"Zateplenie budovy kultúrneho domu s obecným úradom v obci Holumnica podľa projektovej dokumentácie. Účelom stavby je komplexné zateplenie jestvujúcej budovy, a tým zlepšenie jej energetických (tepelnotechnických) vlastností a hygie",Stavebné práce
3344046,Lehota realizácie v dňoch,Rekonštrukcia plaveckého a detského bazéna.,Stavebné práce na stavbe bazénov
3344056,Technická pomoc,Predmetom zákazky je rekonštrukcia multifunkčného objektu v obci Fričkovce. Podrobný opis predmetu zákazky je uvedený v súťažných podkladoch.,Stavebné práce na stavbe budov určených pre umenie a kultúru
3344056,Lehota výstavby,Predmetom zákazky je rekonštrukcia multifunkčného objektu v obci Fričkovce. Podrobný opis predmetu zákazky je uvedený v súťažných podkladoch.,Stavebné práce na stavbe budov určených pre umenie a kultúru
3344060,"Kritérium č. 2 Lehota výstavby predmetného diela od prevzatia staveniska po odovzdanie diela v kalendárnych dňoch, ktorú navrhne uchádzač","Predmetom zákazky je riešenie obnovy obaľovacej konštrukcie obecného úradu (zateplenie budovy) výmenu podláh v jednotlivých miestnostiach, výstavbu nového komínového telesa, výmenu výplne otvorov a výmenu krovnej konštrukcie spo",Stavebné práce na kancelárskych budovách
3344062,Lehota výstavby,Predmetom zákazky je vybudovanie multifunkčného ihriska.,Stavebné práce
3344082,Technická pomoc,Predmetom zákazky je vybudovanie multifunkčného ihriska v obci Dargov. Podrobný opis predmetu zákazky je uvedený v súťažných podkladoch.,Stavebné práce na stavbe športových zariadení
3344082,Lehota výstavby,Predmetom zákazky je vybudovanie multifunkčného ihriska v obci Dargov. Podrobný opis predmetu zákazky je uvedený v súťažných podkladoch.,Stavebné práce na stavbe športových zariadení
3344090,Lehota výstavby v pracovných dňoch,Zlepšenie tepelnoizolačných vlastností objektu OÚ a kultúrneho domu Brekov,Stavebné práce
3344095,lehota výstavby,"Predmetom zákazky je rekonštrukcia kultúrneho domu v obci Veľké Dvorany. Bližšie informácie sú uvedené v
súťažných podkladoch.",Stavebné práce
3344103,Najkratšia lehota výstavby v dňoch,"Predmetom zákazky je rekonštrukcia miestnych komunikácií, výstavba chodníka a výstavba kolmých parkovacích stojísk pri cintoríne. Miestne komunikácie slúžia obyvateľom k zabezpečeniu prístupu: k jednotlivým obytným blokom, dom",Stavebné práce na výstavbe ciest
3344121,Lehota dodania určená v dňoch,"Predmetom zákazky je dodávka - inovácia výroby chleba a pečiva. 

Podrobné vymedzenie predmetu zákazky je uvedené v časti B.1. Opis predmetu zadávania zákazky Súťažných podkladov.

Predmet zákazky sa nedelí na časti. Uchád",Prístroje na spracovanie potravín
3344136,Lehota realizácie,Modernizácia skladových kapacít v spoločnosti LaD GROUP s.r.o.. Bližšie informácie sú uvedené v súťažných podkladoch.,Stavebné práce na stavbe budov
3344139,Lehota výstavby v týždňoch,Jedná sa o stavbu multifunkčného ihriska.,Stavebné práce
3344143,lehota zhotovenia diela,"Predmetom zákazky je vybudovanie multifunkčného ihriska, a prístupového chodníka so zeleňou. Stavenisko sa nachádza v obci Pastovce vedľa futbalového ihriska. Okolie je neupravená trávnatá plocha. Na stavenisku v súčasnej dobe sa",Stavebné práce na stavbe športových zariadení
3344147,lehota zhotovenia diela,"Predmetom zákazky je vybudovanie multifunkčného ihriska, a prístupového chodníka so zeleňou. Stavenisko sa nachádza v obci Lontov medzi rodinnými domami. Okolie je neupravená trávnatá plocha. Na stavenisku v súčasnej dobe sa nenach",Stavebné práce na stavbe športových zariadení
3344152,lehota zhotovenia diela,"Predmetom zákazky je vybudovanie multifunkčného ihriska, a prístupového chodníka so zeleňou. Stavenisko sa nachádza v obci Ipeľský Sokolec vedľa futbalového ihriska. Okolie je neupravená trávnatá plocha.
Stavba má nasledujúce s",Stavebné práce na stavbe športových zariadení
3344156,lehota zhotovenia diela,"Predmetom zákazky je vybudovanie multifunkčného ihriska, a prístupového chodníka so zeleňou. Stavenisko sa nachádza v obci Bielovce vedľa futbalového ihriska. Okolie je neupravená trávnatá plocha. Na stavenisku v súčasnej dobe sa",Stavebné práce na stavbe športových zariadení
3344160,lehota zhotovenia diela,"Predmetom zákazky je vybudovanie multifunkčného ihriska, a prístupového chodníka so zeleňou. Stavenisko sa nachádza v obci Vajkovce vedľa pohostinstva. Okolie je neupravená trávnatá plocha. Na stavenisku v súčasnej dobe sa nenachá",Stavebné práce na stavbe športových zariadení
3344164,lehota zhotovenia diela,"Predmetom zákazky je vybudovanie multifunkčného ihriska, a prístupového chodníka so zeleňou. Stavenisko sa nachádza v obci Sazdice oproti rodinným domom. Okolie je neupravená trávnatá plocha. Na stavenisku v súčasnej dobe sa nenach",Stavebné práce na stavbe športových zariadení
3344166,lehota zhotovenia diela,"Predmetom zákazky je vybudovanie multifunkčného ihriska, a prístupový chodník so zeleňou na neupravenej trávnatej ploche v obci Ábelová, za obecným úradom.
Stavba má nasledujúce stavebné objekty: 
-multifunkčné ihrisko 
-sado",Stavebné práce na stavbe športových zariadení
3344167,lehota zhotovenia diela,"Predmetom zákazky je rekonstrukcia a zateplenie Kulturneho domu v obci Balon. Objekt kulturneho domu je umiestneny v sidelnej casti obce, v otvorenom priestore. Na inkriminovanom mieste je vybudovany rozvod plynu, rozvod elekrickej energie, ver",Stavebné práce na stavbe budov určených pre umenie a kultúru
3344168,lehota zhotovenia diela,"Predmetom zákazky je novostavba vonkajšieho javiska, ktorá bude slúžiť na rôzne kultúrne udalosti v obci Brestovec. Stavebný pozemok sa nachádzajú v katastrálnom území Brestovec: č. parcely 22/1. Pozemok je ohraničený susednými","Stavebné práce na stavbe budov pre voľný čas, šport, kultúru, ubytovanie a reštauračné stravovanie"
3344169,lehota zhotovenia diela,"Predmetom zákazky je rekonštrukcia elektroinštalácie v 4-podlažnom objekte ZŠ v Tlmačoch. Na základe obhliadky budovy Základnej školy sa zistilo, že elektroinštalácia, ktorá sa nachádza v posudzovanej budove je v havarijnom stave.",Budovy školiacich zariadení
3344170,lehota zhotovenia diela,"Predmetom zákazky je odstránenie havarijného stavu strechy Pavilónu O, Základnej školy s materskou školou v Krompachoch. Technický stav pôvodnej strešnej krytiny je nevyhovujúci, čo ma za následok poškodzovanie samotnej budovy ako",Budovy školiacich zariadení
3344214,Čas potrebný na realizáciu predmetu obstarávania (v kalendárnych dňoch),"Predmetom zákazky je realizácia stavebných prác súvisiacich s vybudovaním nového vstupu s pokladňami, prevádzkového objektu s bufetom a hygienickými zariadeniami a vonkajšími relaxačnými bazénmi vrátane strojovní v existujúcom",Stavebné práce na stavbe športových zariadení
3344214,Čas nástupu na odstránenie poruchy od oznámenia poruchy (v hod.),"Predmetom zákazky je realizácia stavebných prác súvisiacich s vybudovaním nového vstupu s pokladňami, prevádzkového objektu s bufetom a hygienickými zariadeniami a vonkajšími relaxačnými bazénmi vrátane strojovní v existujúcom",Stavebné práce na stavbe športových zariadení
3344227,Lehota výstavby,"Ťažiskom celého riešeného územia je chodník pre peších, ktorý sa ťahá v smere sever o dĺžke 122,30m. Je to hlavná komunikačná trasa pre peších z centra obce do severnej časti obce k cintorínu. Na tento chodník naväzuje ver",Stavebné práce
3344563,Umiestnenie odpadu na skládke v katastri Lučenec alebo Opatová,Predmetom zákazky je zabezpečenie prevzatia a uloženie odpadu na skládke z katastrálnych území Lučenec a Opatová počas obdobia od 01.07. 2020 do 30.06.2024. Verejný obstarávateľ zabezpečuje zber a prepravu odpadov na území katast,Likvidácia a spracovanie odpadu
3344563,"Cestná vzdialenosť uvedená v km zaokrúhlená na jedno desatinné miesto od budovy Mestského úradu Lučenec, Novohradská 1, Lučenec do koncového zariadenia ponúknutého uchádzačom",Predmetom zákazky je zabezpečenie prevzatia a uloženie odpadu na skládke z katastrálnych území Lučenec a Opatová počas obdobia od 01.07. 2020 do 30.06.2024. Verejný obstarávateľ zabezpečuje zber a prepravu odpadov na území katast,Likvidácia a spracovanie odpadu
3344745,Lehota výstavby vyjadrená v celých kalendárnych dňoch,REKONŠTRUKCIA HASIČSKEJ ZBROJNICE SVÄTÝ JUR,Stavebné práce
3344750,Lehota,"Predmetom zákazky je prístavba MŠ Obchodná 26, Sečovce v rozsahu Objekt: SO - 01 Architotechnické stavebné riešenie, Zdravotechnika, Ústredné kúrenie, Vetranie s rekuperáciou tepla, Elektroinštalácia, Bleskozvod, Objekt: SO - 02 Vo",Stavebné práce
3344919,Výška zľavy v centoch za 1 liter benzínu v EUR bez DPH,"Predmetom zákazky je bezhotovostný nákup pohonných hmôt:
1. bezolovnatého automobilového benzínu, ktorý musí spĺňať minimálne funkčné, prevádzkové a technické požiadavky a kvalitatívne parametre v zmysle normy STN EN 228 (",Karty na čerpanie pohonnýchlátok
3344919,Výška zľavy v centoch na 1 liter nafty v EUR bez DPH Relatívna váha:,"Predmetom zákazky je bezhotovostný nákup pohonných hmôt:
1. bezolovnatého automobilového benzínu, ktorý musí spĺňať minimálne funkčné, prevádzkové a technické požiadavky a kvalitatívne parametre v zmysle normy STN EN 228 (",Karty na čerpanie pohonnýchlátok
3345036,Lehota realizácie prác v týždňoch,"Projekt rieši prístavbu k existujúcej materskej škole, nachádzajúcej sa v zastavanom území mesta Sečovce, na
Obchodnej ulici č.26 v rozsahu: Objekt: SO - 01 Prístavba Materskej školy: Architotechnické stavebné riešenie,
Zdravote",
3345040,Lehota realizácie prác v týždňoch,"Detské ihrisko pozostávajúce z hracej zostavy - šmykačka, osadenie váhadlových hojdačiek so zabetónovaním nôh,
osadenie pružinových hojdačiek so zabetónovaním nôh, osadenie kolotočov so zabetónovaním, osadenie detských
pie",
3346004,Najnižšia lehota dodania v kalendárnych dňoch,Predmetom zákazky je uskutočnenie stavebných prác - odstránenie a výstavba mostného objektu cez Vážsky kanál v meste Ilava na ceste II/574. Bližšia špecifikácia predmetu zákazky je obsiahnutá v súťažných podkladoch a ich prí,Stavebné práce
3346202,Lehota realizácie,Zámerom verejného obstarávateľa sú stavebné úpravy budovy OcÚ Ohradzany.,Stavebné práce
3346202,Celková cedna,Zámerom verejného obstarávateľa sú stavebné úpravy budovy OcÚ Ohradzany.,Stavebné práce
3346402,Lehota realizácie prác v týždňoch,Zámerom verejného obstarávateľa sú stavebné úpravy budovy OcÚ Ohradzany.,Stavebné práce
3347807,Lehota realizácie,Materská škola sa nachádza na ulici Železničnej v Považskej Bystrici na sídlisku Stred. Materská škola pozostáva zo štyroch učebňových pavilónov (tri 2-podlažné + jeden prízemný) a prízemného hospodárskeho pavilónu. Dispoz,Stavebné práce na stavbe budov
3348328,Lehota dodania,"Predmetom zákazky je dodanie a montáž technológie chladenia ľadovej plochy , dobudovanie technologickej dosky pod ľadovú plochu, dodanie a montáž mantinelov pre hokej v Obecnom športovom a oddychovom centre v Obci Široké.",Chladiace a mraziace zariadenia
3348765,Výška zľavy v % na všetky náhradné diely,"Náhradné diely budú slúžiť na vykonávanie pozáručného servisu a opráv automobily IVECO, ktoré sú vo výbave HaZZ",Časti a príslušenstvo vozidiel a ich motorov
3349849,lehota uskutočnenia stavebných prác v kalendárnych dňoch,"Predmetom zákazky sú stavebné práce pozostávajúce z rekonštrukcie a prestavby rodinného domu na pavilón základnej školy. Jedná sa o čiastočne podpivničený prízemný existujúci rodinný dom, pričom starú časť garáží rodin",Stavebné práce
3350388,Lehota poskytnutia požadovaných služieb a výstavby v pracovných dňoch,"Predmetom zákazky je komplexné zhotovenie diela, bytového domu s osemnástimi bytovými jednotkami bežného štandardu podľa § 2 ods. 1 písm. e) zákona č. 443/2010 Z. z. o dotáciách na rozvoj bývania a o sociálnom bývaní (ďalej l",Stavebné práce
3350655,Lehota dodania (v kalendárnych dňoch),Predmetom zákazky je dodanie stroja na hutnenie odpadu. Podrobný popis je uvedený v Opise predmetu zákazky súťažných podkladov. Bližšie informácie ohľadom predmetu zákazky sú súčasťou súťažných podkladov.,Motorové vozidlá na špeciálne účely
3351090,Priemerná hodinová sadzba za služby mimo paušálu,Predmetom zákazky je zabezpečenie vykonávania servisných úkonov smerujúcich k bezproblémovému užívaniu informačného systému a predmetných služieb verejného obstarávateľa a jeho ďalších nevyhnutných úprav v rozsahu vyplýva,"Služby informačných technológií: konzultácie, vývoj softvéru, internet a podpora"
3351090,Počet človekohodín na centrálnom úradnom doručovaní,Predmetom zákazky je zabezpečenie vykonávania servisných úkonov smerujúcich k bezproblémovému užívaniu informačného systému a predmetných služieb verejného obstarávateľa a jeho ďalších nevyhnutných úprav v rozsahu vyplýva,"Služby informačných technológií: konzultácie, vývoj softvéru, internet a podpora"
3351564,zľava v %,Predmetom zákazky je uskutočnenie rekonštrukcie rozvodov vody a kanalizácie v areáli AOS.,Stavebné práce na celkovej údržbe vodovodov
3352303,Lehota realizácie prác,Zámerom verejného obstarávateľa sú stavebné úpravy budovy materskej školy Strážske prístavba a rekonštrukcia,Stavebné práce
3352987,Lehota dodania (v kalendárnych dňoch),"Predmetom zákazky je dodávka špeciálnych vozidiel a to nasledovne: Zberové vozidlo s rotačnou nadstavbou, Zberové vozidlo s lisovacou nadstavbou, Ramenový nosič kontajnerov 18 t, Ramenový nosič kontajnerov 8 t, Nakladač s teleskopick",Motorové vozidlá na špeciálne účely
3353071,Výška zľavy v % na náhradné diely,Vykonávanie opráv a dodanie náhradných dielov na opravy a odborné prehliadky vysokotlakých čerpadiel Hydrosuub HS 150,Opravy a údržba čerpadiel
3353138,Celková lehota poskytnutia služieb a výstavby vyjadrená v celých pracovných dňoch,"Predmetom zákazky je komplexné zhotovenie diela, nájomného bytového domu s ôsmimi bytovými jednotkami bežného štandardu podľa § 2 ods. 1 písm. e) zákona č. 443/2010 Z. z. o dotáciách na rozvoj bývania a o sociálnom bývaní (",Stavebné práce
3353509,Lehota realizácie prác v týždňoch,Zámerom verejného obstarávateľa je prístavba Materskej školy v obci Milpoš,Stavebné práce
3353560,Priemerná prepravná vzdialenosť,"Predmetom zákazky je dodanie tovaru - asfaltového betónu, vrátane naloženia na dopravné mechanizmy bez zabezpečenia dopravy. Dopravu si verejný obstarávateľ bude zabezpečovať sám.Asfaltový betón bude použitý na zhotovenie vrstie",Obalené cestné kamenivo
3353561,Priemerná prepravná vzdialenosť,"Predmetom zákazky je dodanie tovaru - asfaltového betónu, vrátane naloženia na dopravné mechanizmy bez zabezpečenia dopravy. Dopravu si verejný obstarávateľ bude zabezpečovať sám.Asfaltový betón bude použitý na zhotovenie vrstie",Strážne služby
3353563,Priemerná prepravná vzdialenosť,"Predmetom zákazky je dodanie tovaru - asfaltového betónu, vrátane naloženia na dopravné mechanizmy bez zabezpečenia dopravy. Dopravu si verejný obstarávateľ bude zabezpečovať sám.Asfaltový betón bude použitý na zhotovenie vrstie",Strážne služby
3353565,Priemerná prepravná vzdialenosť,"Predmetom zákazky je dodanie tovaru - asfaltového betónu, vrátane naloženia na dopravné mechanizmy bez zabezpečenia dopravy. Dopravu si verejný obstarávateľ bude zabezpečovať sám.Asfaltový betón bude použitý na zhotovenie vrstie",Strážne služby
3353566,Priemerná prepravná vzdialenosť,"Predmetom zákazky je dodanie tovaru - asfaltového betónu, vrátane naloženia na dopravné mechanizmy bez zabezpečenia dopravy. Dopravu si verejný obstarávateľ bude zabezpečovať sám.Asfaltový betón bude použitý na zhotovenie vrstie",Strážne služby
3353568,Priemerná prepravná vzdialenosť,"Predmetom zákazky je dodanie tovaru - asfaltového betónu, vrátane naloženia na dopravné mechanizmy bez zabezpečenia dopravy. Dopravu si verejný obstarávateľ bude zabezpečovať sám.Asfaltový betón bude použitý na zhotovenie vrstie",Strážne služby
3353570,Priemerná prepravná vzdialenosť,"Predmetom zákazky je dodanie tovaru - asfaltového betónu, vrátane naloženia na dopravné mechanizmy bez zabezpečenia dopravy. Dopravu si verejný obstarávateľ bude zabezpečovať sám.Asfaltový betón bude použitý na zhotovenie vrstie",Obalené cestné kamenivo
3353573,Priemerná prepravná vzdialenosť,"Predmetom zákazky je dodanie tovaru - asfaltového betónu, vrátane naloženia na dopravné mechanizmy bez zabezpečenia dopravy. Dopravu si verejný obstarávateľ bude zabezpečovať sám.Asfaltový betón bude použitý na zhotovenie vrstie",Obalené cestné kamenivo
3353574,Priemerná prepravná vzdialenosť,"Predmetom zákazky je dodanie tovaru - asfaltového betónu, vrátane naloženia na dopravné mechanizmy bez zabezpečenia dopravy. Dopravu si verejný obstarávateľ bude zabezpečovať sám.Asfaltový betón bude použitý na zhotovenie vrstie",Obalené cestné kamenivo
3354209,Priemerná hodinová sadzba za služby mimo paušálu,Predmetom zákazky je zabezpečenie vykonávania servisných úkonov smerujúcich k bezproblémovému užívaniu informačného systému a predmetných služieb verejného obstarávateľa a jeho ďalších nevyhnutných úprav v rozsahu vyplýva,"Služby informačných technológií: konzultácie, vývoj softvéru, internet a podpora"
3354209,Počet človekohodín na centrálnom úradnom doručovaní,Predmetom zákazky je zabezpečenie vykonávania servisných úkonov smerujúcich k bezproblémovému užívaniu informačného systému a predmetných služieb verejného obstarávateľa a jeho ďalších nevyhnutných úprav v rozsahu vyplýva,"Služby informačných technológií: konzultácie, vývoj softvéru, internet a podpora"
3354345,Riešenie rozmiestnenia prvkov na transformátore,"Transformátory VVN/VN musia spĺňať požiadavky noriem STN EN 60076 a Nariadenia Komisie (EÚ) 
č. 548/2014.
Trojfázové olejové výkonové transformátory VVN/VN sú určené pre inštaláciu do vonkajšieho prostredia rozvodne za úče","Elektromotory, generátory a transformátory"
3355093,Výška percenta zo vzorca výpočtu za cateringové služby,"Zabezpečenie poskytovania stravovacích služieb pre verejného obstarávateľa, a to pre jeho:
-študentov, 
-zamestnancov a dôchodcov (ktorí u neho pracovali pred odchodom do dôchodku) a 
poskytovanie cateringových služieb pre verejn",Reštauračné služby a podávanie jedál
3355267,Spotreba paliva v l/100KM,"Predmetom zákazky je nákup autobusov prímestskej dopravy typu low entry v počte 15 ks, vrátane riadiacich, kamerových, informačných, komunikačných a tarifných systémov a zabezpečenie ďalších tovarov a služieb súvisiacich s opra",Autobusy verejnej dopravy
3356107,Lehota vystavby v dňoch (realizácie stavebnych prác),"Predmetom zákazky sú stavebné práce na výstavbe nového objektu na zelenej lúke bez inžinierskych sieti. Predmet zákazky je rozdelený na 3 SO-stavebné objekty, samostatné funkčne a fakturačne nezávislé na sebe, spojené do jednéh",Stavebné práce
3356522,Lehota dodania v kalendárnych dňoch,"Predmetom zákazky je nákup a dodanie nových motorových vozidiel v predpokladanom množstve 4 ks, z toho 2 ks typ sedan a 2 ks typ SUV, vrátane predĺženej záruke, predĺženého servisu a rozšíreného servisu.",Osobné automobily
3357046,Lehota dodania v kalendárnych dňoch,"Predmetom zákazky je nákup a dodanie nových motorových vozidiel kategórie M1 nižšej strednej triedy, segment C v predpokladanom množstve 75 kusov.",Osobné automobily
3357482,Lehota dodania v kalendárnych dňoch,"Predmetom zákazky je nákup a dodanie nových motorových vozidiel kategórie M1 nižšej strednej triedy KOMFORT, segment C v predpokladanom množstve 100 kusov",Osobné automobily
3358311,Lehota dodania v kalendárnych dňoch,"Predmetom zákazky je nákup a dodanie nových motorových vozidiel kategórie M1 vyššej strednej triedy, segment C v predpokladanom množstve 50 kusov",Osobné automobily
3358483,Výška zľavy v % na náhradné diely,Vykonávanie opráv a dodanie náhradných dielov na opravy a odborné prehliadky vysokokapacitného systému Hytrans,Opravy a údržba čerpadiel
3359380,Lehota dodania v kalendárnych dňoch,25 ks kontajnerov na uskladnenie PCB látok s certifikátom ADR,Kontajnery na odpadový materiál
3359383,Lehota dodania v kalendárnych dňoch,5 ks kontajnerov na uskladnenie PCB látok bez certifikátu ADR,Iné kontajnery
3359641,"Najnižšia odplata za vystavenie letenky do a v rámci krajín mimo Európy nad rámec poplatku určeného leteckou spoločnosťou, vyjadrená v EUR bez DPH",Predmetom zákazky je komplexné a operatívne poskytovanie služieb spojených so zabezpečením jednosmernej a/alebo spiatočnej leteckej prepravy zamestnancov verejného obstarávateľa a osôb určených verejným obstarávateľom pri zahran,Letecké dopravné služby
3359641,"Najvyššia výška bonusu za každých 10 000 EUR obratu bez DPH, vyjadrená v EUR bez DPH",Predmetom zákazky je komplexné a operatívne poskytovanie služieb spojených so zabezpečením jednosmernej a/alebo spiatočnej leteckej prepravy zamestnancov verejného obstarávateľa a osôb určených verejným obstarávateľom pri zahran,Letecké dopravné služby
3359641,"Najnižšia odplata za vystavenie letenky do a v rámci krajín Európy nad rámec poplatku určeného leteckou spoločnosťou, vyjadrená v EUR bez DPH",Predmetom zákazky je komplexné a operatívne poskytovanie služieb spojených so zabezpečením jednosmernej a/alebo spiatočnej leteckej prepravy zamestnancov verejného obstarávateľa a osôb určených verejným obstarávateľom pri zahran,Letecké dopravné služby
3359839,Lehota dodania,Obstaranie autobusov v počte 5 ks. Bližšie informácie sú uvedené v súťažných podkladoch.,Autobusy verejnej dopravy
3535675,criterion2,"Predmetom zákazky je dodanie tovaru dodávka zemného plynu a zabezpečenie distribúcie do odberných miest, v kvalite zodpovedajúcej technickým podmienkam prevádzkovateľa distribučnej siete, za dodržania platných právnych predpisov SR",Služby súvisiace so správou počítačov
3535675,criterion1,"Predmetom zákazky je dodanie tovaru dodávka zemného plynu a zabezpečenie distribúcie do odberných miest, v kvalite zodpovedajúcej technickým podmienkam prevádzkovateľa distribučnej siete, za dodržania platných právnych predpisov SR",Služby súvisiace so správou počítačov
3535726,criterion2,"Predmetom zákazky je dodanie tovaru dodávka zemného plynu a zabezpečenie distribúcie do odberných miest, v kvalite zodpovedajúcej technickým podmienkam prevádzkovateľa distribučnej siete, za dodržania platných právnych predpisov SR",Služby súvisiace so správou počítačov
3535726,criterion1,"Predmetom zákazky je dodanie tovaru dodávka zemného plynu a zabezpečenie distribúcie do odberných miest, v kvalite zodpovedajúcej technickým podmienkam prevádzkovateľa distribučnej siete, za dodržania platných právnych predpisov SR",Služby súvisiace so správou počítačov
3535727,criterion2,"Predmetom zákazky je dodanie tovaru dodávka zemného plynu a zabezpečenie distribúcie do odberných miest, v kvalite zodpovedajúcej technickým podmienkam prevádzkovateľa distribučnej siete, za dodržania platných právnych predpisov SR",Služby súvisiace so správou počítačov
3535727,criterion1,"Predmetom zákazky je dodanie tovaru dodávka zemného plynu a zabezpečenie distribúcie do odberných miest, v kvalite zodpovedajúcej technickým podmienkam prevádzkovateľa distribučnej siete, za dodržania platných právnych predpisov SR",Služby súvisiace so správou počítačov
3535728,criterion2,"Predmetom zákazky je dodanie tovaru dodávka zemného plynu a zabezpečenie distribúcie do odberných miest, v kvalite zodpovedajúcej technickým podmienkam prevádzkovateľa distribučnej siete, za dodržania platných právnych predpisov SR",Služby súvisiace so správou počítačov
3535728,criterion1,"Predmetom zákazky je dodanie tovaru dodávka zemného plynu a zabezpečenie distribúcie do odberných miest, v kvalite zodpovedajúcej technickým podmienkam prevádzkovateľa distribučnej siete, za dodržania platných právnych predpisov SR",Služby súvisiace so správou počítačov
3536323,Výška odmeny z hrubého obratu  stávok číselných lotérii uvedená v percentách,"Predmetom zákazky je poskytovanie služieb v rámci podpory predaja produktov spoločnosti TIPOS, v rámci podpory projektu a podpory Prevádzkovania príslušnej hazardnej hry, v rozsahu a za podmienok určených rámcovou dohodou o zabezpeče",Služby krátkych textových správ (SMS)
3536323,Výška odmeny z hrubého obratu z emisie elektronických žrebov okamžitej lotérie prostredníctvom krátkej textovej správy uvedená v percentách,"Predmetom zákazky je poskytovanie služieb v rámci podpory predaja produktov spoločnosti TIPOS, v rámci podpory projektu a podpory Prevádzkovania príslušnej hazardnej hry, v rozsahu a za podmienok určených rámcovou dohodou o zabezpeče",Služby krátkych textových správ (SMS)
3536451,Lehota dodania (v kalendárnych dňoch),Predmetom zákazky je dodávka špeciálnych vozidiel a to nasledovne: Špeciálne vozidlo na zber odpadu s hydraulickou rukou na streche nadstavby ( 1 ks). Podrobný popis je uvedený v Opise predmetu zákazky súťažných podkladov. Bližšie,Motorové vozidlá na špeciálne účely
3536452,Lehota dodania (v kalendárnych dňoch),Predmetom zákazky je dodávka špeciálnych vozidiel a to nasledovne: Zberové vozidlo na zber kuchynského odpadu (1 ks). Podrobný popis je uvedený v Opise predmetu zákazky súťažných podkladov. Bližšie informácie ohľadom predmetu z,Motorové vozidlá na špeciálne účely
3537475,Lehota realizácie revitalizácie územia,"Návrh počíta s celkovou revitalizáciou a regeneráciou riešeného územia. Cieľom je priblížiť, sprístupniť a skvalitniť jestvujúcu zeleň a dostať ľudí medzi stromy a stromy do centra obce. Druhou nosnou myšlienkou je vyzdvihn",Záhradnícke služby
3538209,Lehota výstavby v dňoch,"Cieľom prístavby, so šachtou výťahu s nástupišťami a s výťahom, je bezbariérový prístup cez spojovaciu chodbu
(chodba medzi objektami B a C), na všetky podlažia objektu C. Bezbariérový prístup musí umožniť dopravu obsadenej",Stavebné práce
3538274,Vyjadrovacia schopnosť grafickými a písomnými prostriedkami,Predmetom súťaže návrhov je návrh urbanistickej koncepcie Územného plánu mesta Komárno v najširšom ideovom ponímaní. Riešené územie ideového návrhu urbanistickej koncepcie mesta Komárno je vymedzené vlastnými hranicami mesta,Územné architektonické služby
3538274,"Návrh zásad usmerňovania budúceho priestorového rozvoja, odporúčania pre proces spracovania Územného plánu mesta Komárno (schopnosť odhadu vyváženej miery rozvoja a ochrany hodnôt územia ich reálnosti a realizovateľnosti)",Predmetom súťaže návrhov je návrh urbanistickej koncepcie Územného plánu mesta Komárno v najširšom ideovom ponímaní. Riešené územie ideového návrhu urbanistickej koncepcie mesta Komárno je vymedzené vlastnými hranicami mesta,Územné architektonické služby
3538274,"Metodika , tvorivosť, invencia, myšlienkový prínos, preukázanie poznania trendov rozvoja a filozofia urbanistického riešenia mesta Komárno (Kvalita a komplexnosť ideového návrhu urbanistickej koncepcie mesta Komárno)",Predmetom súťaže návrhov je návrh urbanistickej koncepcie Územného plánu mesta Komárno v najširšom ideovom ponímaní. Riešené územie ideového návrhu urbanistickej koncepcie mesta Komárno je vymedzené vlastnými hranicami mesta,Územné architektonické služby
3538324,Návrh regulácie a spôsob spracovania ÚPN,"Územný plán Prešovského samosprávneho kraja - I. etapa, ktorý je súčasťou projektu v rámci výzvy z Regionálneho operačného programu, opatrenie 4.1.Regenerácia sídel neinvestičné projekty- rozvojové dokumenty regiónov.",Usporadúvanie architektonických súťaží návrhov
3538324,Kvalita urbanistického riešenia,"Územný plán Prešovského samosprávneho kraja - I. etapa, ktorý je súčasťou projektu v rámci výzvy z Regionálneho operačného programu, opatrenie 4.1.Regenerácia sídel neinvestičné projekty- rozvojové dokumenty regiónov.",Usporadúvanie architektonických súťaží návrhov
3538324,Komplexnosť a koncepčnosť riešenia,"Územný plán Prešovského samosprávneho kraja - I. etapa, ktorý je súčasťou projektu v rámci výzvy z Regionálneho operačného programu, opatrenie 4.1.Regenerácia sídel neinvestičné projekty- rozvojové dokumenty regiónov.",Usporadúvanie architektonických súťaží návrhov
3538559,Lehota výstavby v dňoch,"Predmetom zákazky je stavebných prác je komplexná obnova existujúceho objektu ZŠ. Objekt a jeho stavebné konštrukcie, resp. súčasné úpravy povrchov a technické vybavenie sú značne amortizované a v niektorých aspektoch už nevyho",Stavebné práce
3538613,podiel na objeme dokonanej transakcie NET,"Predmetom zákazky je komplexná dodávka služieb v druhovom členení: 
- zriadenie dostupnosti služieb nadlimitného elektronického trhoviska (ďalej len NET)
- transakčné služby NET
- služby dostupnosti NET",Softvérové podporné služby
3538613,podiel z dosiahnutej úspory transakcie NET,"Predmetom zákazky je komplexná dodávka služieb v druhovom členení: 
- zriadenie dostupnosti služieb nadlimitného elektronického trhoviska (ďalej len NET)
- transakčné služby NET
- služby dostupnosti NET",Softvérové podporné služby
3539534,Lehota výstavby I. a II. etapy v celých kalendárnyh dňoch,"Predmetom zákazky je vybudovanie a rozšírenie stokovej siete v obci Harichovce, podrobnosti sú uvedené v súťažných podkladoch",Stavebné práce na stavbe kanalizácie
3540133,Vzdialenosť skládky od mesta Sereď,"Predmetom zákazky je uloženie komunálneho odpadu, vznikajúceho v meste Sereď činnosťou zaradenou podľa prílohy č. 2 k zákona č. 79/2015 Z. z. o odpadoch a o zmene a doplnení niektorých zákonov pod kód nakladania D1 - Uloženie do",Likvidácia tuhého komunálneho odpadu
3268748,Ekonomicky najvýhodnejšia ponuka z hľadiska,"Predmet zákazky je rozdelený na:
1. stupeň - VN kompozitné izolátory
2. stupeň -VVN kompozitné izolátory
VN kompozitné izolátory slúžia ako podpera vedení na konzolách podperných bodov (podperné) alebo na ukotvenie
vedení (k",Izolačné príslušenstvo
3271131,Ekonomicky najvýhodnejšia ponuka z hľadiska,Predmetom zákazky je vypracovanie projektových dokumentácií podľa individuálnych požiadaviek obstarávateľa vrátane vykonávania občasného odborného autorského dohľadu počas realizácie a technická pomoc,"Príprava projektov a návrhov, odhad nákladov"
3289214,Ekonomicky najvýhodnejšia ponuka z hľadiska,"Predmetom zákazky je zabezpečenie náhradnej autobusovej dopravy na železničných traťových úsekoch v regióne Zvolen okruh Zvolen autobusmi s úložným priestorom na prepravu batožín, s kapacitou minimálne 45 miest na sedenie a minim",Nepravidelná osobná doprava
3289257,Ekonomicky najvýhodnejšia ponuka z hľadiska,"Predmetom zákazky je zabezpečenie náhradnej autobusovej dopravy na železničných traťových úsekoch v regióne Košice okruh Trebišov autobusmi s úložným priestorom na prepravu batožín, s kapacitou minimálne 45 miest na sedenie a m",Nepravidelná osobná doprava
3302269,Ekonomicky najvýhodnejšia ponuka z hľadiska,Prostredníctvom projektu sa obstará strojné vybavenie na výrobu minerálnych vôd.,Rôzne strojové zariadenia na všeobecné a osobitné účely
3302831,Ekonomicky najvýhodnejšia ponuka z hľadiska,"Verejný obstarávateľ obstaráva technológiu: technické zariadenie na spracovanie drevnej hmoty, požadovaná technológia a požadované parametre sú bližšie uvedené v súťažných podkladoch",Obrábacie stroje na drevo
3304348,Ekonomicky najvýhodnejšia ponuka z hľadiska,"Predmetom zákazky je modernizácia 13 kusov vozňov radu B, s následnou možnou opciou na 22 kusov vozňov radu B, na klimatizované veľkopriestorové osobné vozne 2. triedy v prevedení s priestorom pre bicykle, vrátane skúšok v súlade",Úprava osobných vozňov
3305657,Ekonomicky najvýhodnejšia ponuka z hľadiska,Dodávka a inštalácia SIP,Softvérové balíky a informačné systémy
3305754,Ekonomicky najvýhodnejšia ponuka z hľadiska,"Dodávka elektrickej energie vrátane prenesenia zodpovednosti za odchýlku na dodávateľa v súlade so zákonom č. 251/2012 Z. z. a vyhláškou č. 24/2013 Z. z., ktorou sa ustanovujú pravidlá pre fungovanie vnútorného trhu s elektrinou a",Elektrická energia
3306228,Ekonomicky najvýhodnejšia ponuka z hľadiska,"Dodávka zemného plynu vrátane prenesenia zodpovednosti za odchýlku na dodávateľa v súlade so zákonom č. 251/2012 Z. z. a vyhláškou č. 24/2013 Z. z., ktorou sa ustanovujú pravidlá pre fungovanie vnútorného trhu s elektrinou a prav",Zemný plyn
3306939,Ekonomicky najvýhodnejšia ponuka z hľadiska,Predmetom plnenia VO je navrhnutie technológie spôsobu renovácie a opravy Mohyly Milana Rastislava Štefánika na Bradle. V rámci plnenia predmetu zákazky bude dodávateľom vypracovaný návrh technologického postupu inovatívnou technol,Stavebné práce na objektoch historických pamiatok alebo pamätníkov
3307496,Ekonomicky najvýhodnejšia ponuka z hľadiska,Verejný obstarávateľ pre vybavenie laboratórií v súčasnosti budovaného univerzitného vedeckého parku pre Univerzitu Komenského v Bratislave zabezpečuje dodávateľa nábytku pre príslušné priestory univerzitného vedeckého parku,Laboratórny nábytok
3307604,Ekonomicky najvýhodnejšia ponuka z hľadiska,"Predmetom zákazky je služba na zabezpečenie vodnej dopravy po Dunaji motorovou kompou medzi prístavmi Vojka a Kyselica, 365 dní do roka, 19 hodín denne, pričom počas zvyšných 5-tich hodín bude zabezpečená pohotovosť pre prípad urg",Vodná doprava
3307608,Ekonomicky najvýhodnejšia ponuka z hľadiska,Dodávka oceľového potrubia s vonkajším priemerom menším ako 508 mm pre prenos zemného plynu a pre použitie v plynovodných sieťach zemného plynu,Diaľkové plynovody
3307611,Ekonomicky najvýhodnejšia ponuka z hľadiska,Dodávka oceľového potrubia s vonkajším priemerom väčším alebo rovnakým ako 508 mm pre prenos zemného plynu a pre použitie v plynovodných sieťach zemného plynu,Diaľkové plynovody
3307713,Najnižší koeficient Kel pre elektrinu,Predmetom zákazky je zabezpečenie služieb súvisiacich s nákupom a dodávkou elektriny pre odberné miesta Univerzity Komenského v Bratislave.,Sprostredkovanie predaja komodít
3309346,Ekonomicky najvýhodnejšia ponuka z hľadiska,"Nástroje na meranie prietoku a pretečeného množstva/objemu studenej vody s meradlami s rádiovými modulmi na obojsmernú komunikáciu - menovitej svetlosti: DN 20, DN 25, DN 40.
Nástroje na meranie prietoku a pretečeného množstva/objem",Nástroje na meranie prietoku
3310624,Ekonomicky najvýhodnejšia ponuka z hľadiska,Predmetom zákazky je nákup brúsneho automatu na sklo.,Priemyselné mechanizmy
3310691,Ekonomicky najvýhodnejšia ponuka z hľadiska,"Ide o komplexnú dodávku prístrojového vybavenia CNC nárezové centrum, širokopásová brúska a vertikálne vŕtacie centrum prepojené jedným riadiacim software a odsávacím systémom, ktoré bude vytvárať jeden logický, funkčný ce",Zariadenia na opracovanie dreva
3314246,Ekonomicky najvýhodnejšia ponuka z hľadiska,"Stavbné práce na Národnej kultúrnej pamiatke - zámok v Holíči
objekty:
SO 01 Rekonštrukcia objektu č. 2 tabačiareň
SO 02 ZTI + prípojky a žumpy
SO 03 Elektrická prípojka NN
SO 04 Spevnené plochy a terénne úpravy",Stavebné práce
3323715,Ekonomicky najvýhodnejšia ponuka z hľadiska,"Predmetom zákazky je modernizácia centrálneho zdroja energie (ďalej len CZE) ktorá sa týka 69 ks vozňov radu Apeer, Bpeer, BDsheer u ktorých bol dosadený CZE typu JN 3005/400/24. Predmet zákazky spočíva hlavne v modernizácii pôvodn",Úprava osobných vozňov
3323913,Ekonomicky najvýhodnejšia ponuka z hľadiska,"Vybavenie pre Fitnesscentrum, Tanciaren, Boxerna, Stolný tenis, Biliard, Bowling. Squash, maserna, crossfit, solárium,kancelária, Bedminton,Detské ihrisko interiér, Bar, Sklad, Lezecká stena, Vybavenie satni, Kruhovy trening ženy. Podrobn",Strojové vybavenie alebo prístroje na voľný čas
3324202,Ekonomicky najvýhodnejšia ponuka z hľadiska,Predmetom zákazky je obstaranie poľnohospodárskej techniky pre spoločnosť Ab Laz s.r.o..,Poľnohospodárske stroje
3324770,Ekonomicky najvýhodnejšia ponuka z hľadiska,Predmetom zákazky je výstavba kanalizácie a ČOV v obci Oravská Lesná,Stavebné práce
3326432,Ekonomicky najvýhodnejšia ponuka z hľadiska,"I. Stavba: Výstavba novej ES Veľké Kostoľany.
II. Stavba: Zdvojenie vedenia V8853 v úseku ES Veľké Kostoľany - ES Bošáca.
III. Stavba: Výmena fázových vodičov na V8853 (ES Bošáca - A1) v úseku od p.b. 75a po p.b. 84.
IV. Stav",Stavebné práce na rozvodniach
3328207,výška provízie vyjadrená v percentách,"Predmetom zákazky je zabezpečenie stravných poukážiek pre potreby Slovenskej konsolidačnej, a.s.",Služby hromadného stravovania pre iné podniky alebo iné inštitúcie
3328692,Ekonomicky najvýhodnejšia ponuka z hľadiska,"Dodávka technológie pre pivovar, bližšia špecifikácia je uvedená v SuPo.",Zariadenia na priemyselnú prípravu alebo výrobu potravín alebo nápojov
3331818,Ekonomicky najvýhodnejšia ponuka z hľadiska,Predmetom zákazky je uskutočnenie diela Výstavba športovej infraštruktúry Národný futbalový štadión na základe realizačnej projektovej dokumentácie (RPD). Dielo predstavuje výstavbu nového futbalového štadióna kategórie 4 pod,Stavebné práce na stavbe športových zariadení
3332205,Ekonomicky najvýhodnejšia ponuka z hľadiska,"Dodavka technologie pre pivovar, blizsia specifikacia je uvedena v SuPo.",Zariadenia na priemyselnú prípravu alebo výrobu potravín alebo nápojov
3334053,Ekonomicky najvýhodnejšia ponuka z hľadiska,"Laboratórium Maxiofaciálnej chirurgie I.:
1.Vysokošpecializované nástroje pre laboratórne vyšetrenie (laboratórne diagnostické nástroje):
2.Zubolekárska súprava ( laboratórna diagnostická súprava)
3.Zubolekárska súprava +RTG","Zdravotnícke vybavenie, farmaceutický materiál a výrobky osobnej starostlivosti"
3338682,Ekonomicky najvýhodnejšia ponuka z hľadiska,"Pre vykonanie diela sa vyžaduje:
-vytýčenie inžinierskych sietí,
-vypracovanie POV a VČP pre stavbu,
-dodanie, osadenie a udržiavanie dočasného dopravného a bezpečnostného značenia potrebného v súvislosti s vykonávaním diela",Stavebné práce na rozvodniach
3339321,Ekonomicky najvýhodnejšia ponuka z hľadiska,Dodávka oceľového potrubia s vonkajším priemerom väčším alebo rovnakým ako 508 mm pre prenos zemného plynu a pre použitie v plynovodných sieťach zemného plynu,Diaľkové plynovody
3339323,Ekonomicky najvýhodnejšia ponuka z hľadiska,Dodávka oceľového potrubia s vonkajším priemerom menším ako 508 mm pre prenos zemného plynu a pre použitie v plynovodných sieťach zemného plynu,Diaľkové plynovody
3340439,Ekonomicky najvýhodnejšia ponuka z hľadiska,Predmetom obstarávanej zákazky je nákup a dodávka motorovej nafty pre vozidlá MHD,Motorová nafta
3342320,Ekonomicky najvýhodnejšia ponuka z hľadiska,"Poskytnutie dlhodobého investičného úveru vo výške 400 000.-€, s lehotou splatnosti - varianty: 8 rokov, 10 rokov , s mesačnými splátkami",Poskytovanie úverov
3342743,Ekonomicky najvýhodnejšia ponuka z hľadiska,Predmetom zákazky je zvýšenie energetickej účinnosti budovy Materskej školy v obci Ložín,Stavebné práce
3343390,Výška poskytnutej zľavy na 1 liter pohonných hmôt bez ohľadu na odobrané množstvo a druh vyjadrená v euro bez DPH,"Predmetom zákazky je nákup motorovej nafty (norma STN EN 590 ) a bezolovnatého benzínu NATURAL 95 
( norma STN EN 228 ), ktorý bude realizovaný prostredníctvom kariet pridelených zamestnancom Najvyššieho kontrolného úradu Slovenskej",Karty na čerpanie pohonnýchlátok
3343438,Ekonomicky najvýhodnejšia ponuka z hľadiska,Dodávka oceľového potrubia s vonkajším priemerom menším ako 508 mm pre prenos zemného plynu a pre použitie v plynovodných sieťach zemného plynu,Diaľkové plynovody
3343439,Ekonomicky najvýhodnejšia ponuka z hľadiska,Dodávka oceľového potrubia s vonkajším priemerom väčším alebo rovnakým ako 508 mm pre prenos zemného plynu a pre použitie v plynovodných sieťach zemného plynu,Diaľkové plynovody
3343912,Ekonomicky najvýhodnejšia ponuka z hľadiska,"Tento projekt rieši zmenu stavby pred dokončení, ktorá spočíva v zmene hrúbky zateplovacieho
systému fasády a zateplenia jestvujúcej plochej strechy oproti pôvodnému projektu. Ďalej rieši
návrh výmeny zdroja tepla a pridružen",Stavebné práce na stavbe budov materských škôl
3538374,Ekonomicky najvýhodnejšia ponuka z hľadiska,"Predmetom zákazky je návrh, vybudovanie a prevádzkovanie komplexného
informačného systému (KIS), vrátane jeho ďalšieho rozvoja smerujúceho najmä
k jeho postupnej technickej a prevádzkovej optimalizácii, zabezpečujúceho pre
spo","Služby informačných technológií: konzultácie, vývoj softvéru, internet a podpora"
3538919,Ekonomicky najvýhodnejšia ponuka z hľadiska,Jedná sa o dodávku 2 ks nového nízkopodlažného kĺbového trolejbusu MHD pre prevádzkovanie na trolejbusovej dráhe s menovitým napätím 600V js..,Trolejbusy
